
=== CS350 GUI Scheduler Session Started ===
Started: Wed Dec 31 12:28:41 2025

[12:28:41] 
=== TICK 1 ===
[12:28:42] 
=== TICK 2 ===
[12:28:42] [READY] Task 1 (Collect CPU) ready - interval 1s elapsed
[12:28:42] [READY] Task 2 (Collect RAM) ready - interval 1s elapsed
[12:28:42] [READY] Task 3 (Collect DISK) ready - interval 1s elapsed
[12:28:42] [READY] Task 4 (Collect Network) ready - interval 1s elapsed
[12:28:42] [READY] Task 5 (Analyzer) ready - interval 1s elapsed
[12:28:42] [DISPATCH] Executing 5 ready task(s) in priority order
[12:28:42] [DISPATCH] Task 1 (Collect CPU) P3 gets CPU
[12:28:42] [TASK] CPU Monitor starting
[12:28:42] [TASK] CPU Monitor completed (exec #1)
[12:28:42] [DISPATCH] Task 2 (Collect RAM) P3 gets CPU
[12:28:42] [TASK] RAM Monitor starting
[12:28:42] [TASK] RAM Monitor completed (exec #1)
[12:28:42] [DISPATCH] Task 5 (Analyzer) P3 gets CPU
[12:28:42] [TASK] Analyzer starting
[12:28:42] [ERROR] Analyzer failed with code 256 (may need 'make all' first)
[12:28:42] [DISPATCH] Task 3 (Collect DISK) P2 gets CPU
[12:28:42] [TASK] Disk Monitor starting
[12:28:42] [TASK] Disk Monitor completed (exec #1)
[12:28:42] [DISPATCH] Task 4 (Collect Network) P0 gets CPU
[12:28:42] [TASK] Network Fetch starting
[12:28:42] [TASK] Network Fetch completed (exec #1)
[12:28:43] 
=== TICK 3 ===
[12:28:43] [READY] Task 1 (Collect CPU) ready - interval 1s elapsed
[12:28:43] [READY] Task 2 (Collect RAM) ready - interval 1s elapsed
[12:28:43] [READY] Task 3 (Collect DISK) ready - interval 1s elapsed
[12:28:43] [READY] Task 4 (Collect Network) ready - interval 1s elapsed
[12:28:43] [READY] Task 5 (Analyzer) ready - interval 1s elapsed
[12:28:43] [DISPATCH] Executing 5 ready task(s) in priority order
[12:28:43] [DISPATCH] Task 1 (Collect CPU) P3 gets CPU
[12:28:43] [TASK] CPU Monitor starting
[12:28:43] [TASK] CPU Monitor completed (exec #2)
[12:28:43] [DISPATCH] Task 2 (Collect RAM) P3 gets CPU
[12:28:43] [TASK] RAM Monitor starting
[12:28:43] [TASK] RAM Monitor completed (exec #2)
[12:28:43] [DISPATCH] Task 5 (Analyzer) P3 gets CPU
[12:28:43] [TASK] Analyzer starting
[12:28:43] [ERROR] Analyzer failed with code 256 (may need 'make all' first)
[12:28:43] [DISPATCH] Task 3 (Collect DISK) P2 gets CPU
[12:28:43] [TASK] Disk Monitor starting
[12:28:43] [TASK] Disk Monitor completed (exec #2)
[12:28:43] [DISPATCH] Task 4 (Collect Network) P0 gets CPU
[12:28:43] [TASK] Network Fetch starting
[12:28:43] [TASK] Network Fetch completed (exec #2)
[12:28:44] 
=== TICK 4 ===
[12:28:44] [READY] Task 1 (Collect CPU) ready - interval 1s elapsed
[12:28:44] [READY] Task 2 (Collect RAM) ready - interval 1s elapsed
[12:28:44] [READY] Task 3 (Collect DISK) ready - interval 1s elapsed
[12:28:44] [READY] Task 4 (Collect Network) ready - interval 1s elapsed
[12:28:44] [READY] Task 5 (Analyzer) ready - interval 1s elapsed
[12:28:44] [DISPATCH] Executing 5 ready task(s) in priority order
[12:28:44] [DISPATCH] Task 1 (Collect CPU) P3 gets CPU
[12:28:44] [TASK] CPU Monitor starting
[12:28:44] [TASK] CPU Monitor completed (exec #3)
[12:28:44] [DISPATCH] Task 2 (Collect RAM) P3 gets CPU
[12:28:44] [TASK] RAM Monitor starting
[12:28:44] [TASK] RAM Monitor completed (exec #3)
[12:28:44] [DISPATCH] Task 5 (Analyzer) P3 gets CPU
[12:28:44] [TASK] Analyzer starting
[12:28:44] [ERROR] Analyzer failed with code 256 (may need 'make all' first)
[12:28:44] [DISPATCH] Task 3 (Collect DISK) P2 gets CPU
[12:28:44] [TASK] Disk Monitor starting
[12:28:44] [TASK] Disk Monitor completed (exec #3)
[12:28:44] [DISPATCH] Task 4 (Collect Network) P0 gets CPU
[12:28:44] [TASK] Network Fetch starting
[12:28:44] [TASK] Network Fetch completed (exec #3)
[12:28:45] 
=== TICK 5 ===
[12:28:45] [READY] Task 1 (Collect CPU) ready - interval 1s elapsed
[12:28:45] [READY] Task 2 (Collect RAM) ready - interval 1s elapsed
[12:28:45] [READY] Task 3 (Collect DISK) ready - interval 1s elapsed
[12:28:45] [READY] Task 4 (Collect Network) ready - interval 1s elapsed
[12:28:45] [READY] Task 5 (Analyzer) ready - interval 1s elapsed
[12:28:45] [DISPATCH] Executing 5 ready task(s) in priority order
[12:28:45] [DISPATCH] Task 1 (Collect CPU) P3 gets CPU
[12:28:45] [TASK] CPU Monitor starting
[12:28:45] [TASK] CPU Monitor completed (exec #4)
[12:28:45] [DISPATCH] Task 2 (Collect RAM) P3 gets CPU
[12:28:45] [TASK] RAM Monitor starting
[12:28:45] [TASK] RAM Monitor completed (exec #4)
[12:28:45] [DISPATCH] Task 5 (Analyzer) P3 gets CPU
[12:28:45] [TASK] Analyzer starting
[12:28:45] [ERROR] Analyzer failed with code 256 (may need 'make all' first)
[12:28:45] [DISPATCH] Task 3 (Collect DISK) P2 gets CPU
[12:28:45] [TASK] Disk Monitor starting
[12:28:45] [TASK] Disk Monitor completed (exec #4)
[12:28:45] [DISPATCH] Task 4 (Collect Network) P0 gets CPU
[12:28:45] [TASK] Network Fetch starting
[12:28:45] [TASK] Network Fetch completed (exec #4)
[12:28:46] 
=== TICK 6 ===
[12:28:46] [READY] Task 1 (Collect CPU) ready - interval 1s elapsed
[12:28:46] [READY] Task 2 (Collect RAM) ready - interval 1s elapsed
[12:28:46] [READY] Task 3 (Collect DISK) ready - interval 1s elapsed
[12:28:46] [READY] Task 4 (Collect Network) ready - interval 1s elapsed
[12:28:46] [READY] Task 5 (Analyzer) ready - interval 1s elapsed
[12:28:46] [DISPATCH] Executing 5 ready task(s) in priority order
[12:28:46] [DISPATCH] Task 1 (Collect CPU) P3 gets CPU
[12:28:46] [TASK] CPU Monitor starting
[12:28:46] [TASK] CPU Monitor completed (exec #5)
[12:28:46] [DISPATCH] Task 2 (Collect RAM) P3 gets CPU
[12:28:46] [TASK] RAM Monitor starting
[12:28:46] [TASK] RAM Monitor completed (exec #5)
[12:28:46] [DISPATCH] Task 5 (Analyzer) P3 gets CPU
[12:28:46] [TASK] Analyzer starting
[12:28:46] [ERROR] Analyzer failed with code 256 (may need 'make all' first)
[12:28:46] [DISPATCH] Task 3 (Collect DISK) P2 gets CPU
[12:28:46] [TASK] Disk Monitor starting
[12:28:46] [TASK] Disk Monitor completed (exec #5)
[12:28:46] [DISPATCH] Task 4 (Collect Network) P0 gets CPU
[12:28:46] [TASK] Network Fetch starting
[12:28:46] [TASK] Network Fetch completed (exec #5)
[12:28:47] 
=== TICK 7 ===
[12:28:47] [READY] Task 1 (Collect CPU) ready - interval 1s elapsed
[12:28:47] [READY] Task 2 (Collect RAM) ready - interval 1s elapsed
[12:28:47] [READY] Task 3 (Collect DISK) ready - interval 1s elapsed
[12:28:47] [READY] Task 4 (Collect Network) ready - interval 1s elapsed
[12:28:47] [READY] Task 5 (Analyzer) ready - interval 1s elapsed
[12:28:47] [DISPATCH] Executing 5 ready task(s) in priority order
[12:28:47] [DISPATCH] Task 1 (Collect CPU) P3 gets CPU
[12:28:47] [TASK] CPU Monitor starting
[12:28:47] [TASK] CPU Monitor completed (exec #6)
[12:28:47] [DISPATCH] Task 2 (Collect RAM) P3 gets CPU
[12:28:47] [TASK] RAM Monitor starting
[12:28:47] [TASK] RAM Monitor completed (exec #6)
[12:28:47] [DISPATCH] Task 5 (Analyzer) P3 gets CPU
[12:28:47] [TASK] Analyzer starting
[12:28:47] [ERROR] Analyzer failed with code 256 (may need 'make all' first)
[12:28:47] [DISPATCH] Task 3 (Collect DISK) P2 gets CPU
[12:28:47] [TASK] Disk Monitor starting
[12:28:47] [TASK] Disk Monitor completed (exec #6)
[12:28:47] [DISPATCH] Task 4 (Collect Network) P0 gets CPU
[12:28:47] [TASK] Network Fetch starting
[12:28:47] [TASK] Network Fetch completed (exec #6)
[12:28:48] 
=== TICK 8 ===
[12:28:48] [READY] Task 1 (Collect CPU) ready - interval 1s elapsed
[12:28:48] [READY] Task 2 (Collect RAM) ready - interval 1s elapsed
[12:28:48] [READY] Task 3 (Collect DISK) ready - interval 1s elapsed
[12:28:48] [READY] Task 4 (Collect Network) ready - interval 1s elapsed
[12:28:48] [READY] Task 5 (Analyzer) ready - interval 1s elapsed
[12:28:48] [DISPATCH] Executing 5 ready task(s) in priority order
[12:28:48] [DISPATCH] Task 1 (Collect CPU) P3 gets CPU
[12:28:48] [TASK] CPU Monitor starting
[12:28:48] [TASK] CPU Monitor completed (exec #7)
[12:28:48] [DISPATCH] Task 2 (Collect RAM) P3 gets CPU
[12:28:48] [TASK] RAM Monitor starting
[12:28:48] [TASK] RAM Monitor completed (exec #7)
[12:28:48] [DISPATCH] Task 5 (Analyzer) P3 gets CPU
[12:28:48] [TASK] Analyzer starting
[12:28:48] [ERROR] Analyzer failed with code 256 (may need 'make all' first)
[12:28:48] [DISPATCH] Task 3 (Collect DISK) P2 gets CPU
[12:28:48] [TASK] Disk Monitor starting
[12:28:48] [TASK] Disk Monitor completed (exec #7)
[12:28:48] [DISPATCH] Task 4 (Collect Network) P0 gets CPU
[12:28:48] [TASK] Network Fetch starting
[12:28:48] [TASK] Network Fetch completed (exec #7)
[12:28:49] 
=== TICK 9 ===
[12:28:49] [READY] Task 1 (Collect CPU) ready - interval 1s elapsed
[12:28:49] [READY] Task 2 (Collect RAM) ready - interval 1s elapsed
[12:28:49] [READY] Task 3 (Collect DISK) ready - interval 1s elapsed
[12:28:49] [READY] Task 4 (Collect Network) ready - interval 1s elapsed
[12:28:49] [READY] Task 5 (Analyzer) ready - interval 1s elapsed
[12:28:49] [DISPATCH] Executing 5 ready task(s) in priority order
[12:28:49] [DISPATCH] Task 1 (Collect CPU) P3 gets CPU
[12:28:49] [TASK] CPU Monitor starting
[12:28:49] [TASK] CPU Monitor completed (exec #8)
[12:28:49] [DISPATCH] Task 2 (Collect RAM) P3 gets CPU
[12:28:49] [TASK] RAM Monitor starting
[12:28:49] [TASK] RAM Monitor completed (exec #8)
[12:28:49] [DISPATCH] Task 5 (Analyzer) P3 gets CPU
[12:28:49] [TASK] Analyzer starting
[12:28:49] [ERROR] Analyzer failed with code 256 (may need 'make all' first)
[12:28:49] [DISPATCH] Task 3 (Collect DISK) P2 gets CPU
[12:28:49] [TASK] Disk Monitor starting
[12:28:49] [TASK] Disk Monitor completed (exec #8)
[12:28:49] [DISPATCH] Task 4 (Collect Network) P0 gets CPU
[12:28:49] [TASK] Network Fetch starting
[12:28:49] [TASK] Network Fetch completed (exec #8)
[12:28:50] 
=== TICK 10 ===
[12:28:50] [READY] Task 1 (Collect CPU) ready - interval 1s elapsed
[12:28:50] [READY] Task 2 (Collect RAM) ready - interval 1s elapsed
[12:28:50] [READY] Task 3 (Collect DISK) ready - interval 1s elapsed
[12:28:50] [READY] Task 4 (Collect Network) ready - interval 1s elapsed
[12:28:50] [READY] Task 5 (Analyzer) ready - interval 1s elapsed
[12:28:50] [READY] Task 6 (Report Generator) ready - interval 9s elapsed
[12:28:50] [DISPATCH] Executing 6 ready task(s) in priority order
[12:28:50] [DISPATCH] Task 1 (Collect CPU) P3 gets CPU
[12:28:50] [TASK] CPU Monitor starting
[12:28:50] [TASK] CPU Monitor completed (exec #9)
[12:28:50] [DISPATCH] Task 2 (Collect RAM) P3 gets CPU
[12:28:50] [TASK] RAM Monitor starting
[12:28:50] [TASK] RAM Monitor completed (exec #9)
[12:28:50] [DISPATCH] Task 5 (Analyzer) P3 gets CPU
[12:28:50] [TASK] Analyzer starting
[12:28:50] [ERROR] Analyzer failed with code 256 (may need 'make all' first)
[12:28:50] [DISPATCH] Task 6 (Report Generator) P3 gets CPU
[12:28:50] [TASK] Report Generator starting
[12:28:51] [TASK] Report Generator completed (exec #1)
[12:28:51] [DISPATCH] Task 3 (Collect DISK) P2 gets CPU
[12:28:51] [TASK] Disk Monitor starting
[12:28:51] [TASK] Disk Monitor completed (exec #9)
[12:28:51] [DISPATCH] Task 4 (Collect Network) P0 gets CPU
[12:28:51] [TASK] Network Fetch starting
[12:28:51] [TASK] Network Fetch completed (exec #9)
[12:28:51] 
=== TICK 11 ===
[12:28:51] [READY] Task 1 (Collect CPU) ready - interval 1s elapsed
[12:28:51] [READY] Task 2 (Collect RAM) ready - interval 1s elapsed
[12:28:51] [READY] Task 5 (Analyzer) ready - interval 1s elapsed
[12:28:51] [DISPATCH] Executing 3 ready task(s) in priority order
[12:28:51] [DISPATCH] Task 1 (Collect CPU) P3 gets CPU
[12:28:51] [TASK] CPU Monitor starting
[12:28:52] [TASK] CPU Monitor completed (exec #10)
[12:28:52] [DISPATCH] Task 2 (Collect RAM) P3 gets CPU
[12:28:52] [TASK] RAM Monitor starting
[12:28:52] [TASK] RAM Monitor completed (exec #10)
[12:28:52] [DISPATCH] Task 5 (Analyzer) P3 gets CPU
[12:28:52] [TASK] Analyzer starting
[12:28:52] [ERROR] Analyzer failed with code 256 (may need 'make all' first)
[12:28:52] 
=== TICK 12 ===
[12:28:52] [READY] Task 1 (Collect CPU) ready - interval 1s elapsed
[12:28:52] [READY] Task 3 (Collect DISK) ready - interval 1s elapsed
[12:28:52] [READY] Task 4 (Collect Network) ready - interval 1s elapsed
[12:28:52] [DISPATCH] Executing 3 ready task(s) in priority order
[12:28:52] [DISPATCH] Task 1 (Collect CPU) P3 gets CPU
[12:28:52] [TASK] CPU Monitor starting
[12:28:53] [TASK] CPU Monitor completed (exec #11)
[12:28:53] [DISPATCH] Task 3 (Collect DISK) P2 gets CPU
[12:28:53] [TASK] Disk Monitor starting
[12:28:53] [TASK] Disk Monitor completed (exec #10)
[12:28:53] [DISPATCH] Task 4 (Collect Network) P0 gets CPU
[12:28:53] [TASK] Network Fetch starting
[12:28:53] [TASK] Network Fetch completed (exec #10)
[12:28:53] 
=== TICK 13 ===
[12:28:53] [READY] Task 1 (Collect CPU) ready - interval 1s elapsed
[12:28:53] [READY] Task 2 (Collect RAM) ready - interval 1s elapsed
[12:28:53] [READY] Task 5 (Analyzer) ready - interval 1s elapsed
[12:28:53] [DISPATCH] Executing 3 ready task(s) in priority order
[12:28:53] [DISPATCH] Task 1 (Collect CPU) P3 gets CPU
[12:28:53] [TASK] CPU Monitor starting
[12:28:54] [TASK] CPU Monitor completed (exec #12)
[12:28:54] [DISPATCH] Task 2 (Collect RAM) P3 gets CPU
[12:28:54] [TASK] RAM Monitor starting
[12:28:54] [TASK] RAM Monitor completed (exec #11)
[12:28:54] [DISPATCH] Task 5 (Analyzer) P3 gets CPU
[12:28:54] [TASK] Analyzer starting
[12:28:54] [ERROR] Analyzer failed with code 256 (may need 'make all' first)
[12:28:54] 
=== TICK 14 ===
[12:28:54] [READY] Task 1 (Collect CPU) ready - interval 1s elapsed
[12:28:54] [READY] Task 3 (Collect DISK) ready - interval 1s elapsed
[12:28:54] [READY] Task 4 (Collect Network) ready - interval 1s elapsed
[12:28:54] [DISPATCH] Executing 3 ready task(s) in priority order
[12:28:54] [DISPATCH] Task 1 (Collect CPU) P3 gets CPU
[12:28:54] [TASK] CPU Monitor starting
[12:28:55] [TASK] CPU Monitor completed (exec #13)
[12:28:55] [DISPATCH] Task 3 (Collect DISK) P2 gets CPU
[12:28:55] [TASK] Disk Monitor starting
[12:28:55] [TASK] Disk Monitor completed (exec #11)
[12:28:55] [DISPATCH] Task 4 (Collect Network) P0 gets CPU
[12:28:55] [TASK] Network Fetch starting
[12:28:55] [TASK] Network Fetch completed (exec #11)
[12:28:55] 
=== TICK 15 ===
[12:28:55] [READY] Task 1 (Collect CPU) ready - interval 1s elapsed
[12:28:55] [READY] Task 2 (Collect RAM) ready - interval 1s elapsed
[12:28:55] [READY] Task 5 (Analyzer) ready - interval 1s elapsed
[12:28:55] [DISPATCH] Executing 3 ready task(s) in priority order
[12:28:55] [DISPATCH] Task 1 (Collect CPU) P3 gets CPU
[12:28:55] [TASK] CPU Monitor starting
[12:28:56] [TASK] CPU Monitor completed (exec #14)
[12:28:56] [DISPATCH] Task 2 (Collect RAM) P3 gets CPU
[12:28:56] [TASK] RAM Monitor starting
[12:28:56] [TASK] RAM Monitor completed (exec #12)
[12:28:56] [DISPATCH] Task 5 (Analyzer) P3 gets CPU
[12:28:56] [TASK] Analyzer starting
[12:28:56] [ERROR] Analyzer failed with code 256 (may need 'make all' first)
[12:28:56] 
=== TICK 16 ===
[12:28:56] [READY] Task 1 (Collect CPU) ready - interval 1s elapsed
[12:28:56] [READY] Task 3 (Collect DISK) ready - interval 1s elapsed
[12:28:56] [READY] Task 4 (Collect Network) ready - interval 1s elapsed
[12:28:56] [DISPATCH] Executing 3 ready task(s) in priority order
[12:28:56] [DISPATCH] Task 1 (Collect CPU) P3 gets CPU
[12:28:56] [TASK] CPU Monitor starting
[12:28:57] [TASK] CPU Monitor completed (exec #15)
[12:28:57] [DISPATCH] Task 3 (Collect DISK) P2 gets CPU
[12:28:57] [TASK] Disk Monitor starting
[12:28:57] [TASK] Disk Monitor completed (exec #12)
[12:28:57] [DISPATCH] Task 4 (Collect Network) P0 gets CPU
[12:28:57] [TASK] Network Fetch starting
[12:28:57] [TASK] Network Fetch completed (exec #12)
[12:28:57] 
=== TICK 17 ===
[12:28:57] [READY] Task 1 (Collect CPU) ready - interval 1s elapsed
[12:28:57] [READY] Task 2 (Collect RAM) ready - interval 1s elapsed
[12:28:57] [READY] Task 5 (Analyzer) ready - interval 1s elapsed
[12:28:57] [DISPATCH] Executing 3 ready task(s) in priority order
[12:28:57] [DISPATCH] Task 1 (Collect CPU) P3 gets CPU
[12:28:57] [TASK] CPU Monitor starting
[12:28:58] [TASK] CPU Monitor completed (exec #16)
[12:28:58] [DISPATCH] Task 2 (Collect RAM) P3 gets CPU
[12:28:58] [TASK] RAM Monitor starting
[12:28:58] [TASK] RAM Monitor completed (exec #13)
[12:28:58] [DISPATCH] Task 5 (Analyzer) P3 gets CPU
[12:28:58] [TASK] Analyzer starting
[12:28:58] [ERROR] Analyzer failed with code 256 (may need 'make all' first)
[12:28:58] 
=== TICK 18 ===
[12:28:58] [READY] Task 1 (Collect CPU) ready - interval 1s elapsed
[12:28:58] [READY] Task 3 (Collect DISK) ready - interval 1s elapsed
[12:28:58] [READY] Task 4 (Collect Network) ready - interval 1s elapsed
[12:28:58] [DISPATCH] Executing 3 ready task(s) in priority order
[12:28:58] [DISPATCH] Task 1 (Collect CPU) P3 gets CPU
[12:28:58] [TASK] CPU Monitor starting
[12:28:59] [TASK] CPU Monitor completed (exec #17)
[12:28:59] [DISPATCH] Task 3 (Collect DISK) P2 gets CPU
[12:28:59] [TASK] Disk Monitor starting
[12:28:59] [TASK] Disk Monitor completed (exec #13)
[12:28:59] [DISPATCH] Task 4 (Collect Network) P0 gets CPU
[12:28:59] [TASK] Network Fetch starting
[12:28:59] [TASK] Network Fetch completed (exec #13)
[12:28:59] 
=== TICK 19 ===
[12:28:59] [READY] Task 1 (Collect CPU) ready - interval 1s elapsed
[12:28:59] [READY] Task 2 (Collect RAM) ready - interval 1s elapsed
[12:28:59] [READY] Task 5 (Analyzer) ready - interval 1s elapsed
[12:28:59] [READY] Task 6 (Report Generator) ready - interval 9s elapsed
[12:28:59] [DISPATCH] Executing 4 ready task(s) in priority order
[12:28:59] [DISPATCH] Task 1 (Collect CPU) P3 gets CPU
[12:28:59] [TASK] CPU Monitor starting
[12:29:00] [TASK] CPU Monitor completed (exec #18)
[12:29:00] [DISPATCH] Task 2 (Collect RAM) P3 gets CPU
[12:29:00] [TASK] RAM Monitor starting
[12:29:00] [TASK] RAM Monitor completed (exec #14)
[12:29:00] [DISPATCH] Task 5 (Analyzer) P3 gets CPU
[12:29:00] [TASK] Analyzer starting
[12:29:00] [ERROR] Analyzer failed with code 256 (may need 'make all' first)
[12:29:00] [DISPATCH] Task 6 (Report Generator) P3 gets CPU
[12:29:00] [TASK] Report Generator starting
[12:29:01] [TASK] Report Generator completed (exec #2)
[12:29:01] 
=== TICK 20 ===
[12:29:01] [READY] Task 1 (Collect CPU) ready - interval 1s elapsed
[12:29:01] [READY] Task 2 (Collect RAM) ready - interval 1s elapsed
[12:29:01] [READY] Task 3 (Collect DISK) ready - interval 1s elapsed
[12:29:01] [READY] Task 4 (Collect Network) ready - interval 1s elapsed
[12:29:01] [READY] Task 5 (Analyzer) ready - interval 1s elapsed
[12:29:01] [DISPATCH] Executing 5 ready task(s) in priority order
[12:29:01] [DISPATCH] Task 1 (Collect CPU) P3 gets CPU
[12:29:01] [TASK] CPU Monitor starting
[12:29:01] [TASK] CPU Monitor completed (exec #19)
[12:29:01] [DISPATCH] Task 2 (Collect RAM) P3 gets CPU
[12:29:01] [TASK] RAM Monitor starting
[12:29:01] [TASK] RAM Monitor completed (exec #15)
[12:29:01] [DISPATCH] Task 5 (Analyzer) P3 gets CPU
[12:29:01] [TASK] Analyzer starting
[12:29:02] [ERROR] Analyzer failed with code 256 (may need 'make all' first)
[12:29:02] [DISPATCH] Task 3 (Collect DISK) P2 gets CPU
[12:29:02] [TASK] Disk Monitor starting
[12:29:02] [TASK] Disk Monitor completed (exec #14)
[12:29:02] [DISPATCH] Task 4 (Collect Network) P0 gets CPU
[12:29:02] [TASK] Network Fetch starting
[12:29:02] [TASK] Network Fetch completed (exec #14)
[12:29:02] 
=== TICK 21 ===
[12:29:02] [READY] Task 1 (Collect CPU) ready - interval 1s elapsed
[12:29:02] [READY] Task 2 (Collect RAM) ready - interval 1s elapsed
[12:29:02] [READY] Task 5 (Analyzer) ready - interval 1s elapsed
[12:29:02] [DISPATCH] Executing 3 ready task(s) in priority order
[12:29:02] [DISPATCH] Task 1 (Collect CPU) P3 gets CPU
[12:29:02] [TASK] CPU Monitor starting
[12:29:02] [TASK] CPU Monitor completed (exec #20)
[12:29:02] [DISPATCH] Task 2 (Collect RAM) P3 gets CPU
[12:29:02] [TASK] RAM Monitor starting
[12:29:02] [TASK] RAM Monitor completed (exec #16)
[12:29:02] [DISPATCH] Task 5 (Analyzer) P3 gets CPU
[12:29:02] [TASK] Analyzer starting
[12:29:03] [ERROR] Analyzer failed with code 256 (may need 'make all' first)
[12:29:03] 
=== TICK 22 ===
[12:29:03] [READY] Task 1 (Collect CPU) ready - interval 1s elapsed
[12:29:03] [READY] Task 2 (Collect RAM) ready - interval 1s elapsed
[12:29:03] [READY] Task 3 (Collect DISK) ready - interval 1s elapsed
[12:29:03] [READY] Task 4 (Collect Network) ready - interval 1s elapsed
[12:29:03] [READY] Task 5 (Analyzer) ready - interval 1s elapsed
[12:29:03] [DISPATCH] Executing 5 ready task(s) in priority order
[12:29:03] [DISPATCH] Task 1 (Collect CPU) P3 gets CPU
[12:29:03] [TASK] CPU Monitor starting
[12:29:03] [TASK] CPU Monitor completed (exec #21)
[12:29:03] [DISPATCH] Task 2 (Collect RAM) P3 gets CPU
[12:29:03] [TASK] RAM Monitor starting
[12:29:03] [TASK] RAM Monitor completed (exec #17)
[12:29:03] [DISPATCH] Task 5 (Analyzer) P3 gets CPU
[12:29:03] [TASK] Analyzer starting
[12:29:03] [ERROR] Analyzer failed with code 256 (may need 'make all' first)
[12:29:03] [DISPATCH] Task 3 (Collect DISK) P2 gets CPU
[12:29:03] [TASK] Disk Monitor starting
[12:29:04] [TASK] Disk Monitor completed (exec #15)
[12:29:04] [DISPATCH] Task 4 (Collect Network) P0 gets CPU
[12:29:04] [TASK] Network Fetch starting
[12:29:04] [TASK] Network Fetch completed (exec #15)
[12:29:04] 
=== TICK 23 ===
[12:29:04] [READY] Task 1 (Collect CPU) ready - interval 1s elapsed
[12:29:04] [READY] Task 2 (Collect RAM) ready - interval 1s elapsed
[12:29:04] [READY] Task 3 (Collect DISK) ready - interval 1s elapsed
[12:29:04] [READY] Task 5 (Analyzer) ready - interval 1s elapsed
[12:29:04] [DISPATCH] Executing 4 ready task(s) in priority order
[12:29:04] [DISPATCH] Task 1 (Collect CPU) P3 gets CPU
[12:29:04] [TASK] CPU Monitor starting
[12:29:04] [TASK] CPU Monitor completed (exec #22)
[12:29:04] [DISPATCH] Task 2 (Collect RAM) P3 gets CPU
[12:29:04] [TASK] RAM Monitor starting
[12:29:04] [TASK] RAM Monitor completed (exec #18)
[12:29:04] [DISPATCH] Task 5 (Analyzer) P3 gets CPU
[12:29:04] [TASK] Analyzer starting
[12:29:04] [ERROR] Analyzer failed with code 256 (may need 'make all' first)
[12:29:04] [DISPATCH] Task 3 (Collect DISK) P2 gets CPU
[12:29:04] [TASK] Disk Monitor starting
[12:29:05] [TASK] Disk Monitor completed (exec #16)
[12:29:05] 
=== TICK 24 ===
[12:29:05] [READY] Task 1 (Collect CPU) ready - interval 1s elapsed
[12:29:05] [READY] Task 2 (Collect RAM) ready - interval 1s elapsed
[12:29:05] [READY] Task 3 (Collect DISK) ready - interval 1s elapsed
[12:29:05] [READY] Task 4 (Collect Network) ready - interval 1s elapsed
[12:29:05] [READY] Task 5 (Analyzer) ready - interval 1s elapsed
[12:29:05] [DISPATCH] Executing 5 ready task(s) in priority order
[12:29:05] [DISPATCH] Task 1 (Collect CPU) P3 gets CPU
[12:29:05] [TASK] CPU Monitor starting
[12:29:05] [TASK] CPU Monitor completed (exec #23)
[12:29:05] [DISPATCH] Task 2 (Collect RAM) P3 gets CPU
[12:29:05] [TASK] RAM Monitor starting
[12:29:05] [TASK] RAM Monitor completed (exec #19)
[12:29:05] [DISPATCH] Task 5 (Analyzer) P3 gets CPU
[12:29:05] [TASK] Analyzer starting
[12:29:05] [ERROR] Analyzer failed with code 256 (may need 'make all' first)
[12:29:05] [DISPATCH] Task 3 (Collect DISK) P2 gets CPU
[12:29:05] [TASK] Disk Monitor starting
[12:29:06] [TASK] Disk Monitor completed (exec #17)
[12:29:06] [DISPATCH] Task 4 (Collect Network) P0 gets CPU
[12:29:06] [TASK] Network Fetch starting
[12:29:06] [TASK] Network Fetch completed (exec #16)
[12:29:06] 
=== TICK 25 ===
[12:29:06] [READY] Task 1 (Collect CPU) ready - interval 1s elapsed
[12:29:06] [READY] Task 2 (Collect RAM) ready - interval 1s elapsed
[12:29:06] [READY] Task 3 (Collect DISK) ready - interval 1s elapsed
[12:29:06] [READY] Task 5 (Analyzer) ready - interval 1s elapsed
[12:29:06] [DISPATCH] Executing 4 ready task(s) in priority order
[12:29:06] [DISPATCH] Task 1 (Collect CPU) P3 gets CPU
[12:29:06] [TASK] CPU Monitor starting
[12:29:06] [TASK] CPU Monitor completed (exec #24)
[12:29:06] [DISPATCH] Task 2 (Collect RAM) P3 gets CPU
[12:29:06] [TASK] RAM Monitor starting
[12:29:06] [TASK] RAM Monitor completed (exec #20)
[12:29:06] [DISPATCH] Task 5 (Analyzer) P3 gets CPU
[12:29:06] [TASK] Analyzer starting
[12:29:06] [ERROR] Analyzer failed with code 256 (may need 'make all' first)
[12:29:06] [DISPATCH] Task 3 (Collect DISK) P2 gets CPU
[12:29:06] [TASK] Disk Monitor starting
[12:29:07] [TASK] Disk Monitor completed (exec #18)
[12:29:07] 
=== TICK 26 ===
[12:29:07] [READY] Task 1 (Collect CPU) ready - interval 1s elapsed
[12:29:07] [READY] Task 2 (Collect RAM) ready - interval 1s elapsed
[12:29:07] [READY] Task 3 (Collect DISK) ready - interval 1s elapsed
[12:29:07] [READY] Task 4 (Collect Network) ready - interval 1s elapsed
[12:29:07] [READY] Task 5 (Analyzer) ready - interval 1s elapsed
[12:29:07] [DISPATCH] Executing 5 ready task(s) in priority order
[12:29:07] [DISPATCH] Task 1 (Collect CPU) P3 gets CPU
[12:29:07] [TASK] CPU Monitor starting
[12:29:07] [TASK] CPU Monitor completed (exec #25)
[12:29:07] [DISPATCH] Task 2 (Collect RAM) P3 gets CPU
[12:29:07] [TASK] RAM Monitor starting
[12:29:07] [TASK] RAM Monitor completed (exec #21)
[12:29:07] [DISPATCH] Task 5 (Analyzer) P3 gets CPU
[12:29:07] [TASK] Analyzer starting
[12:29:07] [ERROR] Analyzer failed with code 256 (may need 'make all' first)
[12:29:07] [DISPATCH] Task 3 (Collect DISK) P2 gets CPU
[12:29:07] [TASK] Disk Monitor starting
[12:29:08] [TASK] Disk Monitor completed (exec #19)
[12:29:08] [DISPATCH] Task 4 (Collect Network) P0 gets CPU
[12:29:08] [TASK] Network Fetch starting
[12:29:08] [TASK] Network Fetch completed (exec #17)
[12:29:08] 
=== TICK 27 ===
[12:29:08] [READY] Task 1 (Collect CPU) ready - interval 1s elapsed
[12:29:08] [READY] Task 2 (Collect RAM) ready - interval 1s elapsed
[12:29:08] [READY] Task 3 (Collect DISK) ready - interval 1s elapsed
[12:29:08] [READY] Task 5 (Analyzer) ready - interval 1s elapsed
[12:29:08] [DISPATCH] Executing 4 ready task(s) in priority order
[12:29:08] [DISPATCH] Task 1 (Collect CPU) P3 gets CPU
[12:29:08] [TASK] CPU Monitor starting
[12:29:08] [TASK] CPU Monitor completed (exec #26)
[12:29:08] [DISPATCH] Task 2 (Collect RAM) P3 gets CPU
[12:29:08] [TASK] RAM Monitor starting
[12:29:08] [TASK] RAM Monitor completed (exec #22)
[12:29:08] [DISPATCH] Task 5 (Analyzer) P3 gets CPU
[12:29:08] [TASK] Analyzer starting
[12:29:08] [ERROR] Analyzer failed with code 256 (may need 'make all' first)
[12:29:08] [DISPATCH] Task 3 (Collect DISK) P2 gets CPU
[12:29:08] [TASK] Disk Monitor starting
[12:29:09] [TASK] Disk Monitor completed (exec #20)
[12:29:09] 
=== TICK 28 ===
[12:29:09] [READY] Task 1 (Collect CPU) ready - interval 1s elapsed
[12:29:09] [READY] Task 2 (Collect RAM) ready - interval 1s elapsed
[12:29:09] [READY] Task 3 (Collect DISK) ready - interval 1s elapsed
[12:29:09] [READY] Task 4 (Collect Network) ready - interval 1s elapsed
[12:29:09] [READY] Task 5 (Analyzer) ready - interval 1s elapsed
[12:29:09] [READY] Task 6 (Report Generator) ready - interval 9s elapsed
[12:29:09] [DISPATCH] Executing 6 ready task(s) in priority order
[12:29:09] [DISPATCH] Task 1 (Collect CPU) P3 gets CPU
[12:29:09] [TASK] CPU Monitor starting
[12:29:09] [TASK] CPU Monitor completed (exec #27)
[12:29:09] [DISPATCH] Task 2 (Collect RAM) P3 gets CPU
[12:29:09] [TASK] RAM Monitor starting
[12:29:09] [TASK] RAM Monitor completed (exec #23)
[12:29:09] [DISPATCH] Task 5 (Analyzer) P3 gets CPU
[12:29:09] [TASK] Analyzer starting
[12:29:09] [ERROR] Analyzer failed with code 256 (may need 'make all' first)
[12:29:09] [DISPATCH] Task 6 (Report Generator) P3 gets CPU
[12:29:09] [TASK] Report Generator starting
[12:29:11] [TASK] Report Generator completed (exec #3)
[12:29:11] [DISPATCH] Task 3 (Collect DISK) P2 gets CPU
[12:29:11] [TASK] Disk Monitor starting
[12:29:11] [TASK] Disk Monitor completed (exec #21)
[12:29:11] [DISPATCH] Task 4 (Collect Network) P0 gets CPU
[12:29:11] [TASK] Network Fetch starting
[12:29:11] [TASK] Network Fetch completed (exec #18)
[12:29:11] 
=== TICK 29 ===
[12:29:11] [READY] Task 1 (Collect CPU) ready - interval 1s elapsed
[12:29:11] [READY] Task 2 (Collect RAM) ready - interval 1s elapsed
[12:29:11] [READY] Task 5 (Analyzer) ready - interval 1s elapsed
[12:29:11] [DISPATCH] Executing 3 ready task(s) in priority order
[12:29:11] [DISPATCH] Task 1 (Collect CPU) P3 gets CPU
[12:29:11] [TASK] CPU Monitor starting
[12:29:12] [TASK] CPU Monitor completed (exec #28)
[12:29:12] [DISPATCH] Task 2 (Collect RAM) P3 gets CPU
[12:29:12] [TASK] RAM Monitor starting
[12:29:12] [TASK] RAM Monitor completed (exec #24)
[12:29:12] [DISPATCH] Task 5 (Analyzer) P3 gets CPU
[12:29:12] [TASK] Analyzer starting
[12:29:12] [ERROR] Analyzer failed with code 256 (may need 'make all' first)
[12:29:12] 
=== TICK 30 ===
[12:29:12] [READY] Task 1 (Collect CPU) ready - interval 1s elapsed
[12:29:12] [READY] Task 3 (Collect DISK) ready - interval 1s elapsed
[12:29:12] [READY] Task 4 (Collect Network) ready - interval 1s elapsed
[12:29:12] [DISPATCH] Executing 3 ready task(s) in priority order
[12:29:12] [DISPATCH] Task 1 (Collect CPU) P3 gets CPU
[12:29:12] [TASK] CPU Monitor starting
[12:29:13] [TASK] CPU Monitor completed (exec #29)
[12:29:13] [DISPATCH] Task 3 (Collect DISK) P2 gets CPU
[12:29:13] [TASK] Disk Monitor starting
[12:29:13] [TASK] Disk Monitor completed (exec #22)
[12:29:13] [DISPATCH] Task 4 (Collect Network) P0 gets CPU
[12:29:13] [TASK] Network Fetch starting
[12:29:13] [TASK] Network Fetch completed (exec #19)
[12:29:13] 
=== TICK 31 ===
[12:29:13] [READY] Task 1 (Collect CPU) ready - interval 1s elapsed
[12:29:13] [READY] Task 2 (Collect RAM) ready - interval 1s elapsed
[12:29:13] [READY] Task 5 (Analyzer) ready - interval 1s elapsed
[12:29:13] [DISPATCH] Executing 3 ready task(s) in priority order
[12:29:13] [DISPATCH] Task 1 (Collect CPU) P3 gets CPU
[12:29:13] [TASK] CPU Monitor starting
[12:29:14] [TASK] CPU Monitor completed (exec #30)
[12:29:14] [DISPATCH] Task 2 (Collect RAM) P3 gets CPU
[12:29:14] [TASK] RAM Monitor starting
[12:29:14] [TASK] RAM Monitor completed (exec #25)
[12:29:14] [DISPATCH] Task 5 (Analyzer) P3 gets CPU
[12:29:14] [TASK] Analyzer starting
[12:29:14] [ERROR] Analyzer failed with code 256 (may need 'make all' first)
[12:29:14] 
=== TICK 32 ===
[12:29:14] [READY] Task 1 (Collect CPU) ready - interval 1s elapsed
[12:29:14] [READY] Task 3 (Collect DISK) ready - interval 1s elapsed
[12:29:14] [READY] Task 4 (Collect Network) ready - interval 1s elapsed
[12:29:14] [DISPATCH] Executing 3 ready task(s) in priority order
[12:29:14] [DISPATCH] Task 1 (Collect CPU) P3 gets CPU
[12:29:14] [TASK] CPU Monitor starting
[12:29:15] [TASK] CPU Monitor completed (exec #31)
[12:29:15] [DISPATCH] Task 3 (Collect DISK) P2 gets CPU
[12:29:15] [TASK] Disk Monitor starting
[12:29:15] [TASK] Disk Monitor completed (exec #23)
[12:29:15] [DISPATCH] Task 4 (Collect Network) P0 gets CPU
[12:29:15] [TASK] Network Fetch starting
[12:29:15] [TASK] Network Fetch completed (exec #20)
[12:29:15] 
=== TICK 33 ===
[12:29:15] [READY] Task 1 (Collect CPU) ready - interval 1s elapsed
[12:29:15] [READY] Task 2 (Collect RAM) ready - interval 1s elapsed
[12:29:15] [READY] Task 5 (Analyzer) ready - interval 1s elapsed
[12:29:15] [DISPATCH] Executing 3 ready task(s) in priority order
[12:29:15] [DISPATCH] Task 1 (Collect CPU) P3 gets CPU
[12:29:15] [TASK] CPU Monitor starting
[12:29:16] [TASK] CPU Monitor completed (exec #32)
[12:29:16] [DISPATCH] Task 2 (Collect RAM) P3 gets CPU
[12:29:16] [TASK] RAM Monitor starting
[12:29:16] [TASK] RAM Monitor completed (exec #26)
[12:29:16] [DISPATCH] Task 5 (Analyzer) P3 gets CPU
[12:29:16] [TASK] Analyzer starting
[12:29:16] [ERROR] Analyzer failed with code 256 (may need 'make all' first)
[12:29:16] 
=== TICK 34 ===
[12:29:16] [READY] Task 1 (Collect CPU) ready - interval 1s elapsed
[12:29:16] [READY] Task 3 (Collect DISK) ready - interval 1s elapsed
[12:29:16] [READY] Task 4 (Collect Network) ready - interval 1s elapsed
[12:29:16] [DISPATCH] Executing 3 ready task(s) in priority order
[12:29:16] [DISPATCH] Task 1 (Collect CPU) P3 gets CPU
[12:29:16] [TASK] CPU Monitor starting
[12:29:17] [TASK] CPU Monitor completed (exec #33)
[12:29:17] [DISPATCH] Task 3 (Collect DISK) P2 gets CPU
[12:29:17] [TASK] Disk Monitor starting
[12:29:17] [TASK] Disk Monitor completed (exec #24)
[12:29:17] [DISPATCH] Task 4 (Collect Network) P0 gets CPU
[12:29:17] [TASK] Network Fetch starting
[12:29:17] [TASK] Network Fetch completed (exec #21)
[12:29:17] 
=== TICK 35 ===
[12:29:17] [READY] Task 1 (Collect CPU) ready - interval 1s elapsed
[12:29:17] [READY] Task 2 (Collect RAM) ready - interval 1s elapsed
[12:29:17] [READY] Task 5 (Analyzer) ready - interval 1s elapsed
[12:29:17] [DISPATCH] Executing 3 ready task(s) in priority order
[12:29:17] [DISPATCH] Task 1 (Collect CPU) P3 gets CPU
[12:29:17] [TASK] CPU Monitor starting
[12:29:18] [TASK] CPU Monitor completed (exec #34)
[12:29:18] [DISPATCH] Task 2 (Collect RAM) P3 gets CPU
[12:29:18] [TASK] RAM Monitor starting
[12:29:18] [TASK] RAM Monitor completed (exec #27)
[12:29:18] [DISPATCH] Task 5 (Analyzer) P3 gets CPU
[12:29:18] [TASK] Analyzer starting
[12:29:18] [ERROR] Analyzer failed with code 256 (may need 'make all' first)
[12:29:18] 
=== TICK 36 ===
[12:29:18] [READY] Task 1 (Collect CPU) ready - interval 1s elapsed
[12:29:18] [READY] Task 3 (Collect DISK) ready - interval 1s elapsed
[12:29:18] [READY] Task 4 (Collect Network) ready - interval 1s elapsed
[12:29:18] [READY] Task 6 (Report Generator) ready - interval 9s elapsed
[12:29:18] [DISPATCH] Executing 4 ready task(s) in priority order
[12:29:18] [DISPATCH] Task 1 (Collect CPU) P3 gets CPU
[12:29:18] [TASK] CPU Monitor starting
[12:29:19] [TASK] CPU Monitor completed (exec #35)
[12:29:19] [DISPATCH] Task 6 (Report Generator) P3 gets CPU
[12:29:19] [TASK] Report Generator starting
[12:29:20] [TASK] Report Generator completed (exec #4)
[12:29:20] [DISPATCH] Task 3 (Collect DISK) P2 gets CPU
[12:29:20] [TASK] Disk Monitor starting
[12:29:20] [TASK] Disk Monitor completed (exec #25)
[12:29:20] [DISPATCH] Task 4 (Collect Network) P0 gets CPU
[12:29:20] [TASK] Network Fetch starting
[12:29:20] [TASK] Network Fetch completed (exec #22)
[12:29:20] 
=== TICK 37 ===
[12:29:20] [READY] Task 1 (Collect CPU) ready - interval 1s elapsed
[12:29:20] [READY] Task 2 (Collect RAM) ready - interval 1s elapsed
[12:29:20] [READY] Task 5 (Analyzer) ready - interval 1s elapsed
[12:29:20] [DISPATCH] Executing 3 ready task(s) in priority order
[12:29:20] [DISPATCH] Task 1 (Collect CPU) P3 gets CPU
[12:29:20] [TASK] CPU Monitor starting
[12:29:21] [TASK] CPU Monitor completed (exec #36)
[12:29:21] [DISPATCH] Task 2 (Collect RAM) P3 gets CPU
[12:29:21] [TASK] RAM Monitor starting
[12:29:21] [TASK] RAM Monitor completed (exec #28)
[12:29:21] [DISPATCH] Task 5 (Analyzer) P3 gets CPU
[12:29:21] [TASK] Analyzer starting
[12:29:21] [ERROR] Analyzer failed with code 256 (may need 'make all' first)
[12:29:21] 
=== TICK 38 ===
[12:29:21] [READY] Task 1 (Collect CPU) ready - interval 1s elapsed
[12:29:21] [READY] Task 3 (Collect DISK) ready - interval 1s elapsed
[12:29:21] [READY] Task 4 (Collect Network) ready - interval 1s elapsed
[12:29:21] [DISPATCH] Executing 3 ready task(s) in priority order
[12:29:21] [DISPATCH] Task 1 (Collect CPU) P3 gets CPU
[12:29:21] [TASK] CPU Monitor starting
[12:29:22] [TASK] CPU Monitor completed (exec #37)
[12:29:22] [DISPATCH] Task 3 (Collect DISK) P2 gets CPU
[12:29:22] [TASK] Disk Monitor starting
[12:29:22] [TASK] Disk Monitor completed (exec #26)
[12:29:22] [DISPATCH] Task 4 (Collect Network) P0 gets CPU
[12:29:22] [TASK] Network Fetch starting
[12:29:22] [TASK] Network Fetch completed (exec #23)
[12:29:22] 
=== Scheduler Session Ended ===
[12:29:22] Total ticks: 38
[12:29:22] Task execution counts: T1=37, T2=28, T3=26, T4=23

=== CS350 GUI Scheduler Session Started ===
Started: Wed Dec 31 12:33:34 2025

[12:33:34] 
=== TICK 1 ===
[12:33:36] 
=== TICK 2 ===
[12:33:36] [READY] Task 1 (Collect CPU) ready - interval 1s elapsed
[12:33:36] [READY] Task 2 (Collect RAM) ready - interval 1s elapsed
[12:33:36] [READY] Task 3 (Collect DISK) ready - interval 1s elapsed
[12:33:36] [READY] Task 4 (Collect Network) ready - interval 1s elapsed
[12:33:36] [READY] Task 5 (Analyzer) ready - interval 1s elapsed
[12:33:36] [DISPATCH] Executing 5 ready task(s) in priority order
[12:33:36] [DISPATCH] Task 1 (Collect CPU) P3 gets CPU
[12:33:36] [TASK] CPU Monitor starting
[12:33:37] [TASK] CPU Monitor completed (exec #1)
[12:33:37] [DISPATCH] Task 2 (Collect RAM) P3 gets CPU
[12:33:37] [TASK] RAM Monitor starting
[12:33:37] [TASK] RAM Monitor completed (exec #1)
[12:33:37] [DISPATCH] Task 5 (Analyzer) P3 gets CPU
[12:33:37] [TASK] Analyzer starting
[12:33:37] [ERROR] Analyzer failed with code 256 (may need 'make all' first)
[12:33:37] [DISPATCH] Task 3 (Collect DISK) P2 gets CPU
[12:33:37] [TASK] Disk Monitor starting
[12:33:37] [TASK] Disk Monitor completed (exec #1)
[12:33:37] [DISPATCH] Task 4 (Collect Network) P0 gets CPU
[12:33:37] [TASK] Network Fetch starting
[12:33:37] [TASK] Network Fetch completed (exec #1)
[12:33:37] 
=== TICK 3 ===
[12:33:37] [READY] Task 1 (Collect CPU) ready - interval 1s elapsed
[12:33:37] [DISPATCH] Executing 1 ready task(s) in priority order
[12:33:37] [DISPATCH] Task 1 (Collect CPU) P3 gets CPU
[12:33:37] [TASK] CPU Monitor starting
[12:33:38] [TASK] CPU Monitor completed (exec #2)
[12:33:38] 
=== TICK 4 ===
[12:33:38] [READY] Task 1 (Collect CPU) ready - interval 1s elapsed
[12:33:38] [READY] Task 2 (Collect RAM) ready - interval 1s elapsed
[12:33:38] [READY] Task 3 (Collect DISK) ready - interval 1s elapsed
[12:33:38] [READY] Task 4 (Collect Network) ready - interval 1s elapsed
[12:33:38] [READY] Task 5 (Analyzer) ready - interval 1s elapsed
[12:33:38] [DISPATCH] Executing 5 ready task(s) in priority order
[12:33:38] [DISPATCH] Task 1 (Collect CPU) P3 gets CPU
[12:33:38] [TASK] CPU Monitor starting
[12:33:39] [TASK] CPU Monitor completed (exec #3)
[12:33:39] [DISPATCH] Task 2 (Collect RAM) P3 gets CPU
[12:33:39] [TASK] RAM Monitor starting
[12:33:39] [TASK] RAM Monitor completed (exec #2)
[12:33:39] [DISPATCH] Task 5 (Analyzer) P3 gets CPU
[12:33:39] [TASK] Analyzer starting
[12:33:39] [ERROR] Analyzer failed with code 256 (may need 'make all' first)
[12:33:39] [DISPATCH] Task 3 (Collect DISK) P2 gets CPU
[12:33:39] [TASK] Disk Monitor starting
[12:33:39] [TASK] Disk Monitor completed (exec #2)
[12:33:39] [DISPATCH] Task 4 (Collect Network) P0 gets CPU
[12:33:39] [TASK] Network Fetch starting
[12:33:39] [TASK] Network Fetch completed (exec #2)
[12:33:39] 
=== TICK 5 ===
[12:33:39] [READY] Task 1 (Collect CPU) ready - interval 1s elapsed
[12:33:39] [DISPATCH] Executing 1 ready task(s) in priority order
[12:33:39] [DISPATCH] Task 1 (Collect CPU) P3 gets CPU
[12:33:39] [TASK] CPU Monitor starting
[12:33:40] [TASK] CPU Monitor completed (exec #4)
[12:33:40] 
=== TICK 6 ===
[12:33:40] [READY] Task 1 (Collect CPU) ready - interval 1s elapsed
[12:33:40] [READY] Task 2 (Collect RAM) ready - interval 1s elapsed
[12:33:40] [READY] Task 3 (Collect DISK) ready - interval 1s elapsed
[12:33:40] [READY] Task 4 (Collect Network) ready - interval 1s elapsed
[12:33:40] [READY] Task 5 (Analyzer) ready - interval 1s elapsed
[12:33:40] [DISPATCH] Executing 5 ready task(s) in priority order
[12:33:40] [DISPATCH] Task 1 (Collect CPU) P3 gets CPU
[12:33:40] [TASK] CPU Monitor starting
[12:33:41] [TASK] CPU Monitor completed (exec #5)
[12:33:41] [DISPATCH] Task 2 (Collect RAM) P3 gets CPU
[12:33:41] [TASK] RAM Monitor starting
[12:33:41] [TASK] RAM Monitor completed (exec #3)
[12:33:41] [DISPATCH] Task 5 (Analyzer) P3 gets CPU
[12:33:41] [TASK] Analyzer starting
[12:33:41] [ERROR] Analyzer failed with code 256 (may need 'make all' first)
[12:33:41] [DISPATCH] Task 3 (Collect DISK) P2 gets CPU
[12:33:41] [TASK] Disk Monitor starting
[12:33:41] [TASK] Disk Monitor completed (exec #3)
[12:33:41] [DISPATCH] Task 4 (Collect Network) P0 gets CPU
[12:33:41] [TASK] Network Fetch starting
[12:33:41] [TASK] Network Fetch completed (exec #3)
[12:33:41] 
=== TICK 7 ===
[12:33:41] [READY] Task 1 (Collect CPU) ready - interval 1s elapsed
[12:33:41] [DISPATCH] Executing 1 ready task(s) in priority order
[12:33:41] [DISPATCH] Task 1 (Collect CPU) P3 gets CPU
[12:33:41] [TASK] CPU Monitor starting
[12:33:42] [TASK] CPU Monitor completed (exec #6)
[12:33:42] 
=== TICK 8 ===
[12:33:42] [READY] Task 1 (Collect CPU) ready - interval 1s elapsed
[12:33:42] [READY] Task 2 (Collect RAM) ready - interval 1s elapsed
[12:33:42] [READY] Task 3 (Collect DISK) ready - interval 1s elapsed
[12:33:42] [READY] Task 4 (Collect Network) ready - interval 1s elapsed
[12:33:42] [READY] Task 5 (Analyzer) ready - interval 1s elapsed
[12:33:42] [DISPATCH] Executing 5 ready task(s) in priority order
[12:33:42] [DISPATCH] Task 1 (Collect CPU) P3 gets CPU
[12:33:42] [TASK] CPU Monitor starting
[12:33:43] [TASK] CPU Monitor completed (exec #7)
[12:33:43] [DISPATCH] Task 2 (Collect RAM) P3 gets CPU
[12:33:43] [TASK] RAM Monitor starting
[12:33:43] [TASK] RAM Monitor completed (exec #4)
[12:33:43] [DISPATCH] Task 5 (Analyzer) P3 gets CPU
[12:33:43] [TASK] Analyzer starting
[12:33:43] [ERROR] Analyzer failed with code 256 (may need 'make all' first)
[12:33:43] [DISPATCH] Task 3 (Collect DISK) P2 gets CPU
[12:33:43] [TASK] Disk Monitor starting
[12:33:43] [TASK] Disk Monitor completed (exec #4)
[12:33:43] [DISPATCH] Task 4 (Collect Network) P0 gets CPU
[12:33:43] [TASK] Network Fetch starting
[12:33:43] [TASK] Network Fetch completed (exec #4)
[12:33:43] 
=== TICK 9 ===
[12:33:43] [READY] Task 1 (Collect CPU) ready - interval 1s elapsed
[12:33:43] [READY] Task 6 (Report Generator) ready - interval 9s elapsed
[12:33:43] [DISPATCH] Executing 2 ready task(s) in priority order
[12:33:43] [DISPATCH] Task 1 (Collect CPU) P3 gets CPU
[12:33:43] [TASK] CPU Monitor starting
[12:33:44] [TASK] CPU Monitor completed (exec #8)
[12:33:44] [DISPATCH] Task 6 (Report Generator) P3 gets CPU
[12:33:44] [TASK] Report Generator starting
[12:33:44] [TASK] Report Generator completed (exec #1)
[12:33:44] 
=== TICK 10 ===
[12:33:44] [READY] Task 1 (Collect CPU) ready - interval 1s elapsed
[12:33:44] [READY] Task 2 (Collect RAM) ready - interval 1s elapsed
[12:33:44] [READY] Task 3 (Collect DISK) ready - interval 1s elapsed
[12:33:44] [READY] Task 4 (Collect Network) ready - interval 1s elapsed
[12:33:44] [READY] Task 5 (Analyzer) ready - interval 1s elapsed
[12:33:44] [DISPATCH] Executing 5 ready task(s) in priority order
[12:33:44] [DISPATCH] Task 1 (Collect CPU) P3 gets CPU
[12:33:44] [TASK] CPU Monitor starting
[12:33:45] [TASK] CPU Monitor completed (exec #9)
[12:33:45] [DISPATCH] Task 2 (Collect RAM) P3 gets CPU
[12:33:45] [TASK] RAM Monitor starting
[12:33:45] [TASK] RAM Monitor completed (exec #5)
[12:33:45] [DISPATCH] Task 5 (Analyzer) P3 gets CPU
[12:33:45] [TASK] Analyzer starting
[12:33:45] [ERROR] Analyzer failed with code 256 (may need 'make all' first)
[12:33:45] [DISPATCH] Task 3 (Collect DISK) P2 gets CPU
[12:33:45] [TASK] Disk Monitor starting
[12:33:45] [TASK] Disk Monitor completed (exec #5)
[12:33:45] [DISPATCH] Task 4 (Collect Network) P0 gets CPU
[12:33:45] [TASK] Network Fetch starting
[12:33:45] [TASK] Network Fetch completed (exec #5)
[12:33:45] 
=== TICK 11 ===
[12:33:45] [READY] Task 1 (Collect CPU) ready - interval 1s elapsed
[12:33:45] [DISPATCH] Executing 1 ready task(s) in priority order
[12:33:45] [DISPATCH] Task 1 (Collect CPU) P3 gets CPU
[12:33:45] [TASK] CPU Monitor starting
[12:33:46] [TASK] CPU Monitor completed (exec #10)
[12:33:46] 
=== TICK 12 ===
[12:33:46] [READY] Task 1 (Collect CPU) ready - interval 1s elapsed
[12:33:46] [READY] Task 2 (Collect RAM) ready - interval 1s elapsed
[12:33:46] [READY] Task 3 (Collect DISK) ready - interval 1s elapsed
[12:33:46] [READY] Task 4 (Collect Network) ready - interval 1s elapsed
[12:33:46] [READY] Task 5 (Analyzer) ready - interval 1s elapsed
[12:33:46] [DISPATCH] Executing 5 ready task(s) in priority order
[12:33:46] [DISPATCH] Task 1 (Collect CPU) P3 gets CPU
[12:33:46] [TASK] CPU Monitor starting
[12:33:47] [TASK] CPU Monitor completed (exec #11)
[12:33:47] [DISPATCH] Task 2 (Collect RAM) P3 gets CPU
[12:33:47] [TASK] RAM Monitor starting
[12:33:47] [TASK] RAM Monitor completed (exec #6)
[12:33:47] [DISPATCH] Task 5 (Analyzer) P3 gets CPU
[12:33:47] [TASK] Analyzer starting
[12:33:47] [ERROR] Analyzer failed with code 256 (may need 'make all' first)
[12:33:47] [DISPATCH] Task 3 (Collect DISK) P2 gets CPU
[12:33:47] [TASK] Disk Monitor starting
[12:33:47] [TASK] Disk Monitor completed (exec #6)
[12:33:47] [DISPATCH] Task 4 (Collect Network) P0 gets CPU
[12:33:47] [TASK] Network Fetch starting
[12:33:47] [TASK] Network Fetch completed (exec #6)
[12:33:47] 
=== TICK 13 ===
[12:33:47] [READY] Task 1 (Collect CPU) ready - interval 1s elapsed
[12:33:47] [DISPATCH] Executing 1 ready task(s) in priority order
[12:33:47] [DISPATCH] Task 1 (Collect CPU) P3 gets CPU
[12:33:47] [TASK] CPU Monitor starting
[12:33:48] [TASK] CPU Monitor completed (exec #12)
[12:33:48] 
=== TICK 14 ===
[12:33:48] [READY] Task 1 (Collect CPU) ready - interval 1s elapsed
[12:33:48] [READY] Task 2 (Collect RAM) ready - interval 1s elapsed
[12:33:48] [READY] Task 3 (Collect DISK) ready - interval 1s elapsed
[12:33:48] [READY] Task 4 (Collect Network) ready - interval 1s elapsed
[12:33:48] [READY] Task 5 (Analyzer) ready - interval 1s elapsed
[12:33:48] [DISPATCH] Executing 5 ready task(s) in priority order
[12:33:48] [DISPATCH] Task 1 (Collect CPU) P3 gets CPU
[12:33:48] [TASK] CPU Monitor starting
[12:33:49] [TASK] CPU Monitor completed (exec #13)
[12:33:49] [DISPATCH] Task 2 (Collect RAM) P3 gets CPU
[12:33:49] [TASK] RAM Monitor starting
[12:33:49] [TASK] RAM Monitor completed (exec #7)
[12:33:49] [DISPATCH] Task 5 (Analyzer) P3 gets CPU
[12:33:49] [TASK] Analyzer starting
[12:33:49] [ERROR] Analyzer failed with code 256 (may need 'make all' first)
[12:33:49] [DISPATCH] Task 3 (Collect DISK) P2 gets CPU
[12:33:49] [TASK] Disk Monitor starting
[12:33:49] [TASK] Disk Monitor completed (exec #7)
[12:33:49] [DISPATCH] Task 4 (Collect Network) P0 gets CPU
[12:33:49] [TASK] Network Fetch starting
[12:33:49] [TASK] Network Fetch completed (exec #7)
[12:33:49] 
=== TICK 15 ===
[12:33:49] [READY] Task 1 (Collect CPU) ready - interval 1s elapsed
[12:33:49] [DISPATCH] Executing 1 ready task(s) in priority order
[12:33:49] [DISPATCH] Task 1 (Collect CPU) P3 gets CPU
[12:33:49] [TASK] CPU Monitor starting
[12:33:50] [TASK] CPU Monitor completed (exec #14)
[12:33:50] 
=== TICK 16 ===
[12:33:50] [READY] Task 1 (Collect CPU) ready - interval 1s elapsed
[12:33:50] [READY] Task 2 (Collect RAM) ready - interval 1s elapsed
[12:33:50] [READY] Task 3 (Collect DISK) ready - interval 1s elapsed
[12:33:50] [READY] Task 4 (Collect Network) ready - interval 1s elapsed
[12:33:50] [READY] Task 5 (Analyzer) ready - interval 1s elapsed
[12:33:50] [DISPATCH] Executing 5 ready task(s) in priority order
[12:33:50] [DISPATCH] Task 1 (Collect CPU) P3 gets CPU
[12:33:50] [TASK] CPU Monitor starting
[12:33:51] [TASK] CPU Monitor completed (exec #15)
[12:33:51] [DISPATCH] Task 2 (Collect RAM) P3 gets CPU
[12:33:51] [TASK] RAM Monitor starting
[12:33:51] [TASK] RAM Monitor completed (exec #8)
[12:33:51] [DISPATCH] Task 5 (Analyzer) P3 gets CPU
[12:33:51] [TASK] Analyzer starting
[12:33:51] [ERROR] Analyzer failed with code 256 (may need 'make all' first)
[12:33:51] [DISPATCH] Task 3 (Collect DISK) P2 gets CPU
[12:33:51] [TASK] Disk Monitor starting
[12:33:51] [TASK] Disk Monitor completed (exec #8)
[12:33:51] [DISPATCH] Task 4 (Collect Network) P0 gets CPU
[12:33:51] [TASK] Network Fetch starting
[12:33:51] [TASK] Network Fetch completed (exec #8)
[12:33:51] 
=== TICK 17 ===
[12:33:51] [READY] Task 1 (Collect CPU) ready - interval 1s elapsed
[12:33:51] [DISPATCH] Executing 1 ready task(s) in priority order
[12:33:51] [DISPATCH] Task 1 (Collect CPU) P3 gets CPU
[12:33:51] [TASK] CPU Monitor starting
[12:33:52] [TASK] CPU Monitor completed (exec #16)
[12:33:52] 
=== TICK 18 ===
[12:33:52] [READY] Task 1 (Collect CPU) ready - interval 1s elapsed
[12:33:52] [READY] Task 2 (Collect RAM) ready - interval 1s elapsed
[12:33:52] [READY] Task 3 (Collect DISK) ready - interval 1s elapsed
[12:33:52] [READY] Task 4 (Collect Network) ready - interval 1s elapsed
[12:33:52] [READY] Task 5 (Analyzer) ready - interval 1s elapsed
[12:33:52] [DISPATCH] Executing 5 ready task(s) in priority order
[12:33:52] [DISPATCH] Task 1 (Collect CPU) P3 gets CPU
[12:33:52] [TASK] CPU Monitor starting
[12:33:53] [TASK] CPU Monitor completed (exec #17)
[12:33:53] [DISPATCH] Task 2 (Collect RAM) P3 gets CPU
[12:33:53] [TASK] RAM Monitor starting
[12:33:53] [TASK] RAM Monitor completed (exec #9)
[12:33:53] [DISPATCH] Task 5 (Analyzer) P3 gets CPU
[12:33:53] [TASK] Analyzer starting
[12:33:53] [ERROR] Analyzer failed with code 256 (may need 'make all' first)
[12:33:53] [DISPATCH] Task 3 (Collect DISK) P2 gets CPU
[12:33:53] [TASK] Disk Monitor starting
[12:33:53] [TASK] Disk Monitor completed (exec #9)
[12:33:53] [DISPATCH] Task 4 (Collect Network) P0 gets CPU
[12:33:53] [TASK] Network Fetch starting
[12:33:53] [TASK] Network Fetch completed (exec #9)
[12:33:53] 
=== TICK 19 ===
[12:33:53] [READY] Task 1 (Collect CPU) ready - interval 1s elapsed
[12:33:53] [READY] Task 6 (Report Generator) ready - interval 9s elapsed
[12:33:53] [DISPATCH] Executing 2 ready task(s) in priority order
[12:33:53] [DISPATCH] Task 1 (Collect CPU) P3 gets CPU
[12:33:53] [TASK] CPU Monitor starting
[12:33:54] [TASK] CPU Monitor completed (exec #18)
[12:33:54] [DISPATCH] Task 6 (Report Generator) P3 gets CPU
[12:33:54] [TASK] Report Generator starting
[12:33:55] [TASK] Report Generator completed (exec #2)
[12:33:55] 
=== TICK 20 ===
[12:33:55] [READY] Task 1 (Collect CPU) ready - interval 1s elapsed
[12:33:55] [READY] Task 2 (Collect RAM) ready - interval 1s elapsed
[12:33:55] [READY] Task 3 (Collect DISK) ready - interval 1s elapsed
[12:33:55] [READY] Task 4 (Collect Network) ready - interval 1s elapsed
[12:33:55] [READY] Task 5 (Analyzer) ready - interval 1s elapsed
[12:33:55] [DISPATCH] Executing 5 ready task(s) in priority order
[12:33:55] [DISPATCH] Task 1 (Collect CPU) P3 gets CPU
[12:33:55] [TASK] CPU Monitor starting
[12:33:56] [TASK] CPU Monitor completed (exec #19)
[12:33:56] [DISPATCH] Task 2 (Collect RAM) P3 gets CPU
[12:33:56] [TASK] RAM Monitor starting
[12:33:56] [TASK] RAM Monitor completed (exec #10)
[12:33:56] [DISPATCH] Task 5 (Analyzer) P3 gets CPU
[12:33:56] [TASK] Analyzer starting
[12:33:56] [ERROR] Analyzer failed with code 256 (may need 'make all' first)
[12:33:56] [DISPATCH] Task 3 (Collect DISK) P2 gets CPU
[12:33:56] [TASK] Disk Monitor starting
[12:33:56] [TASK] Disk Monitor completed (exec #10)
[12:33:56] [DISPATCH] Task 4 (Collect Network) P0 gets CPU
[12:33:56] [TASK] Network Fetch starting
[12:33:56] [TASK] Network Fetch completed (exec #10)
[12:33:56] 
=== TICK 21 ===
[12:33:56] [READY] Task 1 (Collect CPU) ready - interval 1s elapsed
[12:33:56] [DISPATCH] Executing 1 ready task(s) in priority order
[12:33:56] [DISPATCH] Task 1 (Collect CPU) P3 gets CPU
[12:33:56] [TASK] CPU Monitor starting
[12:33:57] [TASK] CPU Monitor completed (exec #20)
[12:33:57] 
=== TICK 22 ===
[12:33:57] [READY] Task 1 (Collect CPU) ready - interval 1s elapsed
[12:33:57] [READY] Task 2 (Collect RAM) ready - interval 1s elapsed
[12:33:57] [READY] Task 3 (Collect DISK) ready - interval 1s elapsed
[12:33:57] [READY] Task 4 (Collect Network) ready - interval 1s elapsed
[12:33:57] [READY] Task 5 (Analyzer) ready - interval 1s elapsed
[12:33:57] [DISPATCH] Executing 5 ready task(s) in priority order
[12:33:57] [DISPATCH] Task 1 (Collect CPU) P3 gets CPU
[12:33:57] [TASK] CPU Monitor starting
[12:33:58] [TASK] CPU Monitor completed (exec #21)
[12:33:58] [DISPATCH] Task 2 (Collect RAM) P3 gets CPU
[12:33:58] [TASK] RAM Monitor starting
[12:33:58] [TASK] RAM Monitor completed (exec #11)
[12:33:58] [DISPATCH] Task 5 (Analyzer) P3 gets CPU
[12:33:58] [TASK] Analyzer starting
[12:33:58] [ERROR] Analyzer failed with code 256 (may need 'make all' first)
[12:33:58] [DISPATCH] Task 3 (Collect DISK) P2 gets CPU
[12:33:58] [TASK] Disk Monitor starting
[12:33:58] [TASK] Disk Monitor completed (exec #11)
[12:33:58] [DISPATCH] Task 4 (Collect Network) P0 gets CPU
[12:33:58] [TASK] Network Fetch starting
[12:33:58] [TASK] Network Fetch completed (exec #11)
[12:33:58] 
=== TICK 23 ===
[12:33:58] [READY] Task 1 (Collect CPU) ready - interval 1s elapsed
[12:33:58] [DISPATCH] Executing 1 ready task(s) in priority order
[12:33:58] [DISPATCH] Task 1 (Collect CPU) P3 gets CPU
[12:33:58] [TASK] CPU Monitor starting
[12:33:59] [TASK] CPU Monitor completed (exec #22)
[12:33:59] 
=== TICK 24 ===
[12:33:59] [READY] Task 1 (Collect CPU) ready - interval 1s elapsed
[12:33:59] [READY] Task 2 (Collect RAM) ready - interval 1s elapsed
[12:33:59] [READY] Task 3 (Collect DISK) ready - interval 1s elapsed
[12:33:59] [READY] Task 4 (Collect Network) ready - interval 1s elapsed
[12:33:59] [READY] Task 5 (Analyzer) ready - interval 1s elapsed
[12:33:59] [DISPATCH] Executing 5 ready task(s) in priority order
[12:33:59] [DISPATCH] Task 1 (Collect CPU) P3 gets CPU
[12:33:59] [TASK] CPU Monitor starting
[12:34:00] [TASK] CPU Monitor completed (exec #23)
[12:34:00] [DISPATCH] Task 2 (Collect RAM) P3 gets CPU
[12:34:00] [TASK] RAM Monitor starting
[12:34:00] [TASK] RAM Monitor completed (exec #12)
[12:34:00] [DISPATCH] Task 5 (Analyzer) P3 gets CPU
[12:34:00] [TASK] Analyzer starting
[12:34:00] [ERROR] Analyzer failed with code 256 (may need 'make all' first)
[12:34:00] [DISPATCH] Task 3 (Collect DISK) P2 gets CPU
[12:34:00] [TASK] Disk Monitor starting
[12:34:00] [TASK] Disk Monitor completed (exec #12)
[12:34:00] [DISPATCH] Task 4 (Collect Network) P0 gets CPU
[12:34:00] [TASK] Network Fetch starting
[12:34:00] [TASK] Network Fetch completed (exec #12)
[12:34:00] 
=== Scheduler Session Ended ===
[12:34:00] Total ticks: 24
[12:34:00] Task execution counts: T1=23, T2=12, T3=12, T4=12

=== CS350 GUI Scheduler Session Started ===
Started: Wed Dec 31 12:34:48 2025

[12:34:48] 
=== TICK 1 ===
[12:34:49] 
=== TICK 2 ===
[12:34:49] [READY] Task 1 (Collect CPU) ready - interval 1s elapsed
[12:34:49] [READY] Task 2 (Collect RAM) ready - interval 1s elapsed
[12:34:49] [READY] Task 3 (Collect DISK) ready - interval 1s elapsed
[12:34:49] [READY] Task 4 (Collect Network) ready - interval 1s elapsed
[12:34:49] [READY] Task 5 (Analyzer) ready - interval 1s elapsed
[12:34:49] [DISPATCH] Executing 5 ready task(s) in priority order
[12:34:49] [DISPATCH] Task 1 (Collect CPU) P3 gets CPU
[12:34:49] [TASK] CPU Monitor starting
[12:34:50] [TASK] CPU Monitor completed (exec #1)
[12:34:50] [DISPATCH] Task 2 (Collect RAM) P3 gets CPU
[12:34:50] [TASK] RAM Monitor starting
[12:34:50] [TASK] RAM Monitor completed (exec #1)
[12:34:50] [DISPATCH] Task 5 (Analyzer) P3 gets CPU
[12:34:50] [TASK] Analyzer starting
[12:34:50] [ERROR] Analyzer failed with code 256 (may need 'make all' first)
[12:34:50] [DISPATCH] Task 3 (Collect DISK) P2 gets CPU
[12:34:50] [TASK] Disk Monitor starting
[12:34:50] [TASK] Disk Monitor completed (exec #1)
[12:34:50] [DISPATCH] Task 4 (Collect Network) P0 gets CPU
[12:34:50] [TASK] Network Fetch starting
[12:34:50] [TASK] Network Fetch completed (exec #1)
[12:34:50] 
=== TICK 3 ===
[12:34:50] [READY] Task 1 (Collect CPU) ready - interval 1s elapsed
[12:34:50] [DISPATCH] Executing 1 ready task(s) in priority order
[12:34:50] [DISPATCH] Task 1 (Collect CPU) P3 gets CPU
[12:34:50] [TASK] CPU Monitor starting
[12:34:51] [TASK] CPU Monitor completed (exec #2)
[12:34:51] 
=== TICK 4 ===
[12:34:51] [READY] Task 1 (Collect CPU) ready - interval 1s elapsed
[12:34:51] [READY] Task 2 (Collect RAM) ready - interval 1s elapsed
[12:34:51] [READY] Task 3 (Collect DISK) ready - interval 1s elapsed
[12:34:51] [READY] Task 4 (Collect Network) ready - interval 1s elapsed
[12:34:51] [READY] Task 5 (Analyzer) ready - interval 1s elapsed
[12:34:51] [DISPATCH] Executing 5 ready task(s) in priority order
[12:34:51] [DISPATCH] Task 1 (Collect CPU) P3 gets CPU
[12:34:51] [TASK] CPU Monitor starting
[12:34:52] [TASK] CPU Monitor completed (exec #3)
[12:34:52] [DISPATCH] Task 2 (Collect RAM) P3 gets CPU
[12:34:52] [TASK] RAM Monitor starting
[12:34:52] [TASK] RAM Monitor completed (exec #2)
[12:34:52] [DISPATCH] Task 5 (Analyzer) P3 gets CPU
[12:34:52] [TASK] Analyzer starting
[12:34:52] [ERROR] Analyzer failed with code 256 (may need 'make all' first)
[12:34:52] [DISPATCH] Task 3 (Collect DISK) P2 gets CPU
[12:34:52] [TASK] Disk Monitor starting
[12:34:52] [TASK] Disk Monitor completed (exec #2)
[12:34:52] [DISPATCH] Task 4 (Collect Network) P0 gets CPU
[12:34:52] [TASK] Network Fetch starting
[12:34:52] [TASK] Network Fetch completed (exec #2)
[12:34:52] 
=== TICK 5 ===
[12:34:52] [READY] Task 1 (Collect CPU) ready - interval 1s elapsed
[12:34:52] [DISPATCH] Executing 1 ready task(s) in priority order
[12:34:52] [DISPATCH] Task 1 (Collect CPU) P3 gets CPU
[12:34:52] [TASK] CPU Monitor starting
[12:34:53] [TASK] CPU Monitor completed (exec #4)
[12:34:53] 
=== TICK 6 ===
[12:34:53] [READY] Task 1 (Collect CPU) ready - interval 1s elapsed
[12:34:53] [READY] Task 2 (Collect RAM) ready - interval 1s elapsed
[12:34:53] [READY] Task 3 (Collect DISK) ready - interval 1s elapsed
[12:34:53] [READY] Task 4 (Collect Network) ready - interval 1s elapsed
[12:34:53] [READY] Task 5 (Analyzer) ready - interval 1s elapsed
[12:34:53] [DISPATCH] Executing 5 ready task(s) in priority order
[12:34:53] [DISPATCH] Task 1 (Collect CPU) P3 gets CPU
[12:34:53] [TASK] CPU Monitor starting
[12:34:54] [TASK] CPU Monitor completed (exec #5)
[12:34:54] [DISPATCH] Task 2 (Collect RAM) P3 gets CPU
[12:34:54] [TASK] RAM Monitor starting
[12:34:54] [TASK] RAM Monitor completed (exec #3)
[12:34:54] [DISPATCH] Task 5 (Analyzer) P3 gets CPU
[12:34:54] [TASK] Analyzer starting
[12:34:54] [ERROR] Analyzer failed with code 256 (may need 'make all' first)
[12:34:54] [DISPATCH] Task 3 (Collect DISK) P2 gets CPU
[12:34:54] [TASK] Disk Monitor starting
[12:34:54] [TASK] Disk Monitor completed (exec #3)
[12:34:54] [DISPATCH] Task 4 (Collect Network) P0 gets CPU
[12:34:54] [TASK] Network Fetch starting
[12:34:54] [TASK] Network Fetch completed (exec #3)
[12:34:54] 
=== TICK 7 ===
[12:34:54] [READY] Task 1 (Collect CPU) ready - interval 1s elapsed
[12:34:54] [DISPATCH] Executing 1 ready task(s) in priority order
[12:34:54] [DISPATCH] Task 1 (Collect CPU) P3 gets CPU
[12:34:54] [TASK] CPU Monitor starting
[12:34:55] [TASK] CPU Monitor completed (exec #6)
[12:34:55] 
=== TICK 8 ===
[12:34:55] [READY] Task 1 (Collect CPU) ready - interval 1s elapsed
[12:34:55] [READY] Task 2 (Collect RAM) ready - interval 1s elapsed
[12:34:55] [READY] Task 3 (Collect DISK) ready - interval 1s elapsed
[12:34:55] [READY] Task 4 (Collect Network) ready - interval 1s elapsed
[12:34:55] [READY] Task 5 (Analyzer) ready - interval 1s elapsed
[12:34:55] [DISPATCH] Executing 5 ready task(s) in priority order
[12:34:55] [DISPATCH] Task 1 (Collect CPU) P3 gets CPU
[12:34:55] [TASK] CPU Monitor starting
[12:34:56] [TASK] CPU Monitor completed (exec #7)
[12:34:56] [DISPATCH] Task 2 (Collect RAM) P3 gets CPU
[12:34:56] [TASK] RAM Monitor starting
[12:34:56] [TASK] RAM Monitor completed (exec #4)
[12:34:56] [DISPATCH] Task 5 (Analyzer) P3 gets CPU
[12:34:56] [TASK] Analyzer starting
[12:34:56] [ERROR] Analyzer failed with code 256 (may need 'make all' first)
[12:34:56] [DISPATCH] Task 3 (Collect DISK) P2 gets CPU
[12:34:56] [TASK] Disk Monitor starting
[12:34:56] [TASK] Disk Monitor completed (exec #4)
[12:34:56] [DISPATCH] Task 4 (Collect Network) P0 gets CPU
[12:34:56] [TASK] Network Fetch starting
[12:34:56] [TASK] Network Fetch completed (exec #4)
[12:34:56] 
=== TICK 9 ===
[12:34:56] [READY] Task 1 (Collect CPU) ready - interval 1s elapsed
[12:34:56] [DISPATCH] Executing 1 ready task(s) in priority order
[12:34:56] [DISPATCH] Task 1 (Collect CPU) P3 gets CPU
[12:34:56] [TASK] CPU Monitor starting
[12:34:57] [TASK] CPU Monitor completed (exec #8)
[12:34:57] 
=== TICK 10 ===
[12:34:57] [READY] Task 1 (Collect CPU) ready - interval 1s elapsed
[12:34:57] [READY] Task 2 (Collect RAM) ready - interval 1s elapsed
[12:34:57] [READY] Task 3 (Collect DISK) ready - interval 1s elapsed
[12:34:57] [READY] Task 4 (Collect Network) ready - interval 1s elapsed
[12:34:57] [READY] Task 5 (Analyzer) ready - interval 1s elapsed
[12:34:57] [READY] Task 6 (Report Generator) ready - interval 9s elapsed
[12:34:57] [DISPATCH] Executing 6 ready task(s) in priority order
[12:34:57] [DISPATCH] Task 1 (Collect CPU) P3 gets CPU
[12:34:57] [TASK] CPU Monitor starting
[12:34:58] [TASK] CPU Monitor completed (exec #9)
[12:34:58] [DISPATCH] Task 2 (Collect RAM) P3 gets CPU
[12:34:58] [TASK] RAM Monitor starting
[12:34:58] [TASK] RAM Monitor completed (exec #5)
[12:34:58] [DISPATCH] Task 5 (Analyzer) P3 gets CPU
[12:34:58] [TASK] Analyzer starting
[12:34:58] [ERROR] Analyzer failed with code 256 (may need 'make all' first)
[12:34:58] [DISPATCH] Task 6 (Report Generator) P3 gets CPU
[12:34:58] [TASK] Report Generator starting
[12:34:58] [TASK] Report Generator completed (exec #1)
[12:34:58] [DISPATCH] Task 3 (Collect DISK) P2 gets CPU
[12:34:58] [TASK] Disk Monitor starting
[12:34:58] [TASK] Disk Monitor completed (exec #5)
[12:34:58] [DISPATCH] Task 4 (Collect Network) P0 gets CPU
[12:34:58] [TASK] Network Fetch starting
[12:34:59] [TASK] Network Fetch completed (exec #5)
[12:34:59] 
=== TICK 11 ===
[12:34:59] [READY] Task 1 (Collect CPU) ready - interval 1s elapsed
[12:34:59] [READY] Task 2 (Collect RAM) ready - interval 1s elapsed
[12:34:59] [READY] Task 3 (Collect DISK) ready - interval 1s elapsed
[12:34:59] [READY] Task 4 (Collect Network) ready - interval 1s elapsed
[12:34:59] [READY] Task 5 (Analyzer) ready - interval 1s elapsed
[12:34:59] [DISPATCH] Executing 5 ready task(s) in priority order
[12:34:59] [DISPATCH] Task 1 (Collect CPU) P3 gets CPU
[12:34:59] [TASK] CPU Monitor starting
[12:34:59] [TASK] CPU Monitor completed (exec #10)
[12:34:59] [DISPATCH] Task 2 (Collect RAM) P3 gets CPU
[12:34:59] [TASK] RAM Monitor starting
[12:34:59] [TASK] RAM Monitor completed (exec #6)
[12:34:59] [DISPATCH] Task 5 (Analyzer) P3 gets CPU
[12:34:59] [TASK] Analyzer starting
[12:34:59] [ERROR] Analyzer failed with code 256 (may need 'make all' first)
[12:34:59] [DISPATCH] Task 3 (Collect DISK) P2 gets CPU
[12:34:59] [TASK] Disk Monitor starting
[12:34:59] [TASK] Disk Monitor completed (exec #6)
[12:34:59] [DISPATCH] Task 4 (Collect Network) P0 gets CPU
[12:34:59] [TASK] Network Fetch starting
[12:34:59] [TASK] Network Fetch completed (exec #6)
[12:35:00] 
=== TICK 12 ===
[12:35:00] [READY] Task 1 (Collect CPU) ready - interval 1s elapsed
[12:35:00] [READY] Task 2 (Collect RAM) ready - interval 1s elapsed
[12:35:00] [READY] Task 3 (Collect DISK) ready - interval 1s elapsed
[12:35:00] [READY] Task 4 (Collect Network) ready - interval 1s elapsed
[12:35:00] [READY] Task 5 (Analyzer) ready - interval 1s elapsed
[12:35:00] [DISPATCH] Executing 5 ready task(s) in priority order
[12:35:00] [DISPATCH] Task 1 (Collect CPU) P3 gets CPU
[12:35:00] [TASK] CPU Monitor starting
[12:35:00] [TASK] CPU Monitor completed (exec #11)
[12:35:00] [DISPATCH] Task 2 (Collect RAM) P3 gets CPU
[12:35:00] [TASK] RAM Monitor starting
[12:35:00] [TASK] RAM Monitor completed (exec #7)
[12:35:00] [DISPATCH] Task 5 (Analyzer) P3 gets CPU
[12:35:00] [TASK] Analyzer starting
[12:35:00] [ERROR] Analyzer failed with code 256 (may need 'make all' first)
[12:35:00] [DISPATCH] Task 3 (Collect DISK) P2 gets CPU
[12:35:00] [TASK] Disk Monitor starting
[12:35:00] [TASK] Disk Monitor completed (exec #7)
[12:35:00] [DISPATCH] Task 4 (Collect Network) P0 gets CPU
[12:35:00] [TASK] Network Fetch starting
[12:35:00] [TASK] Network Fetch completed (exec #7)
[12:35:01] 
=== TICK 13 ===
[12:35:01] [READY] Task 1 (Collect CPU) ready - interval 1s elapsed
[12:35:01] [READY] Task 2 (Collect RAM) ready - interval 1s elapsed
[12:35:01] [READY] Task 3 (Collect DISK) ready - interval 1s elapsed
[12:35:01] [READY] Task 4 (Collect Network) ready - interval 1s elapsed
[12:35:01] [READY] Task 5 (Analyzer) ready - interval 1s elapsed
[12:35:01] [DISPATCH] Executing 5 ready task(s) in priority order
[12:35:01] [DISPATCH] Task 1 (Collect CPU) P3 gets CPU
[12:35:01] [TASK] CPU Monitor starting
[12:35:01] [TASK] CPU Monitor completed (exec #12)
[12:35:01] [DISPATCH] Task 2 (Collect RAM) P3 gets CPU
[12:35:01] [TASK] RAM Monitor starting
[12:35:01] [TASK] RAM Monitor completed (exec #8)
[12:35:01] [DISPATCH] Task 5 (Analyzer) P3 gets CPU
[12:35:01] [TASK] Analyzer starting
[12:35:01] [ERROR] Analyzer failed with code 256 (may need 'make all' first)
[12:35:01] [DISPATCH] Task 3 (Collect DISK) P2 gets CPU
[12:35:01] [TASK] Disk Monitor starting
[12:35:01] [TASK] Disk Monitor completed (exec #8)
[12:35:01] [DISPATCH] Task 4 (Collect Network) P0 gets CPU
[12:35:01] [TASK] Network Fetch starting
[12:35:01] [TASK] Network Fetch completed (exec #8)
[12:35:02] 
=== TICK 14 ===
[12:35:02] [READY] Task 1 (Collect CPU) ready - interval 1s elapsed
[12:35:02] [READY] Task 2 (Collect RAM) ready - interval 1s elapsed
[12:35:02] [READY] Task 3 (Collect DISK) ready - interval 1s elapsed
[12:35:02] [READY] Task 4 (Collect Network) ready - interval 1s elapsed
[12:35:02] [READY] Task 5 (Analyzer) ready - interval 1s elapsed
[12:35:02] [DISPATCH] Executing 5 ready task(s) in priority order
[12:35:02] [DISPATCH] Task 1 (Collect CPU) P3 gets CPU
[12:35:02] [TASK] CPU Monitor starting
[12:35:02] [TASK] CPU Monitor completed (exec #13)
[12:35:02] [DISPATCH] Task 2 (Collect RAM) P3 gets CPU
[12:35:02] [TASK] RAM Monitor starting
[12:35:02] [TASK] RAM Monitor completed (exec #9)
[12:35:02] [DISPATCH] Task 5 (Analyzer) P3 gets CPU
[12:35:02] [TASK] Analyzer starting
[12:35:02] [ERROR] Analyzer failed with code 256 (may need 'make all' first)
[12:35:02] [DISPATCH] Task 3 (Collect DISK) P2 gets CPU
[12:35:02] [TASK] Disk Monitor starting
[12:35:02] [TASK] Disk Monitor completed (exec #9)
[12:35:02] [DISPATCH] Task 4 (Collect Network) P0 gets CPU
[12:35:02] [TASK] Network Fetch starting
[12:35:02] [TASK] Network Fetch completed (exec #9)
[12:35:03] 
=== TICK 15 ===
[12:35:03] [READY] Task 1 (Collect CPU) ready - interval 1s elapsed
[12:35:03] [READY] Task 2 (Collect RAM) ready - interval 1s elapsed
[12:35:03] [READY] Task 3 (Collect DISK) ready - interval 1s elapsed
[12:35:03] [READY] Task 4 (Collect Network) ready - interval 1s elapsed
[12:35:03] [READY] Task 5 (Analyzer) ready - interval 1s elapsed
[12:35:03] [DISPATCH] Executing 5 ready task(s) in priority order
[12:35:03] [DISPATCH] Task 1 (Collect CPU) P3 gets CPU
[12:35:03] [TASK] CPU Monitor starting
[12:35:03] [TASK] CPU Monitor completed (exec #14)
[12:35:03] [DISPATCH] Task 2 (Collect RAM) P3 gets CPU
[12:35:03] [TASK] RAM Monitor starting
[12:35:03] [TASK] RAM Monitor completed (exec #10)
[12:35:03] [DISPATCH] Task 5 (Analyzer) P3 gets CPU
[12:35:03] [TASK] Analyzer starting
[12:35:03] [ERROR] Analyzer failed with code 256 (may need 'make all' first)
[12:35:03] [DISPATCH] Task 3 (Collect DISK) P2 gets CPU
[12:35:03] [TASK] Disk Monitor starting
[12:35:03] [TASK] Disk Monitor completed (exec #10)
[12:35:03] [DISPATCH] Task 4 (Collect Network) P0 gets CPU
[12:35:03] [TASK] Network Fetch starting
[12:35:03] [TASK] Network Fetch completed (exec #10)
[12:35:04] 
=== TICK 16 ===
[12:35:04] [READY] Task 1 (Collect CPU) ready - interval 1s elapsed
[12:35:04] [READY] Task 2 (Collect RAM) ready - interval 1s elapsed
[12:35:04] [READY] Task 3 (Collect DISK) ready - interval 1s elapsed
[12:35:04] [READY] Task 4 (Collect Network) ready - interval 1s elapsed
[12:35:04] [READY] Task 5 (Analyzer) ready - interval 1s elapsed
[12:35:04] [DISPATCH] Executing 5 ready task(s) in priority order
[12:35:04] [DISPATCH] Task 1 (Collect CPU) P3 gets CPU
[12:35:04] [TASK] CPU Monitor starting
[12:35:04] [TASK] CPU Monitor completed (exec #15)
[12:35:04] [DISPATCH] Task 2 (Collect RAM) P3 gets CPU
[12:35:04] [TASK] RAM Monitor starting
[12:35:04] [TASK] RAM Monitor completed (exec #11)
[12:35:04] [DISPATCH] Task 5 (Analyzer) P3 gets CPU
[12:35:04] [TASK] Analyzer starting
[12:35:04] [ERROR] Analyzer failed with code 256 (may need 'make all' first)
[12:35:04] [DISPATCH] Task 3 (Collect DISK) P2 gets CPU
[12:35:04] [TASK] Disk Monitor starting
[12:35:04] [TASK] Disk Monitor completed (exec #11)
[12:35:04] [DISPATCH] Task 4 (Collect Network) P0 gets CPU
[12:35:04] [TASK] Network Fetch starting
[12:35:04] [TASK] Network Fetch completed (exec #11)
[12:35:05] 
=== TICK 17 ===
[12:35:05] [READY] Task 1 (Collect CPU) ready - interval 1s elapsed
[12:35:05] [READY] Task 2 (Collect RAM) ready - interval 1s elapsed
[12:35:05] [READY] Task 3 (Collect DISK) ready - interval 1s elapsed
[12:35:05] [READY] Task 4 (Collect Network) ready - interval 1s elapsed
[12:35:05] [READY] Task 5 (Analyzer) ready - interval 1s elapsed
[12:35:05] [DISPATCH] Executing 5 ready task(s) in priority order
[12:35:05] [DISPATCH] Task 1 (Collect CPU) P3 gets CPU
[12:35:05] [TASK] CPU Monitor starting
[12:35:05] [TASK] CPU Monitor completed (exec #16)
[12:35:05] [DISPATCH] Task 2 (Collect RAM) P3 gets CPU
[12:35:05] [TASK] RAM Monitor starting
[12:35:05] [TASK] RAM Monitor completed (exec #12)
[12:35:05] [DISPATCH] Task 5 (Analyzer) P3 gets CPU
[12:35:05] [TASK] Analyzer starting
[12:35:05] [ERROR] Analyzer failed with code 256 (may need 'make all' first)
[12:35:05] [DISPATCH] Task 3 (Collect DISK) P2 gets CPU
[12:35:05] [TASK] Disk Monitor starting
[12:35:05] [TASK] Disk Monitor completed (exec #12)
[12:35:05] [DISPATCH] Task 4 (Collect Network) P0 gets CPU
[12:35:05] [TASK] Network Fetch starting
[12:35:05] [TASK] Network Fetch completed (exec #12)
[12:35:06] 
=== TICK 18 ===
[12:35:06] [READY] Task 1 (Collect CPU) ready - interval 1s elapsed
[12:35:06] [READY] Task 2 (Collect RAM) ready - interval 1s elapsed
[12:35:06] [READY] Task 3 (Collect DISK) ready - interval 1s elapsed
[12:35:06] [READY] Task 4 (Collect Network) ready - interval 1s elapsed
[12:35:06] [READY] Task 5 (Analyzer) ready - interval 1s elapsed
[12:35:06] [DISPATCH] Executing 5 ready task(s) in priority order
[12:35:06] [DISPATCH] Task 1 (Collect CPU) P3 gets CPU
[12:35:06] [TASK] CPU Monitor starting
[12:35:06] [TASK] CPU Monitor completed (exec #17)
[12:35:06] [DISPATCH] Task 2 (Collect RAM) P3 gets CPU
[12:35:06] [TASK] RAM Monitor starting
[12:35:06] [TASK] RAM Monitor completed (exec #13)
[12:35:06] [DISPATCH] Task 5 (Analyzer) P3 gets CPU
[12:35:06] [TASK] Analyzer starting
[12:35:06] [ERROR] Analyzer failed with code 256 (may need 'make all' first)
[12:35:06] [DISPATCH] Task 3 (Collect DISK) P2 gets CPU
[12:35:06] [TASK] Disk Monitor starting
[12:35:06] [TASK] Disk Monitor completed (exec #13)
[12:35:06] [DISPATCH] Task 4 (Collect Network) P0 gets CPU
[12:35:06] [TASK] Network Fetch starting
[12:35:06] [TASK] Network Fetch completed (exec #13)
[12:35:07] 
=== TICK 19 ===
[12:35:07] [READY] Task 1 (Collect CPU) ready - interval 1s elapsed
[12:35:07] [READY] Task 2 (Collect RAM) ready - interval 1s elapsed
[12:35:07] [READY] Task 3 (Collect DISK) ready - interval 1s elapsed
[12:35:07] [READY] Task 4 (Collect Network) ready - interval 1s elapsed
[12:35:07] [READY] Task 5 (Analyzer) ready - interval 1s elapsed
[12:35:07] [READY] Task 6 (Report Generator) ready - interval 9s elapsed
[12:35:07] [DISPATCH] Executing 6 ready task(s) in priority order
[12:35:07] [DISPATCH] Task 1 (Collect CPU) P3 gets CPU
[12:35:07] [TASK] CPU Monitor starting
[12:35:07] [TASK] CPU Monitor completed (exec #18)
[12:35:07] [DISPATCH] Task 2 (Collect RAM) P3 gets CPU
[12:35:07] [TASK] RAM Monitor starting
[12:35:07] [TASK] RAM Monitor completed (exec #14)
[12:35:07] [DISPATCH] Task 5 (Analyzer) P3 gets CPU
[12:35:07] [TASK] Analyzer starting
[12:35:07] [ERROR] Analyzer failed with code 256 (may need 'make all' first)
[12:35:07] [DISPATCH] Task 6 (Report Generator) P3 gets CPU
[12:35:07] [TASK] Report Generator starting
[12:35:08] [TASK] Report Generator completed (exec #2)
[12:35:08] [DISPATCH] Task 3 (Collect DISK) P2 gets CPU
[12:35:08] [TASK] Disk Monitor starting
[12:35:08] [TASK] Disk Monitor completed (exec #14)
[12:35:08] [DISPATCH] Task 4 (Collect Network) P0 gets CPU
[12:35:08] [TASK] Network Fetch starting
[12:35:08] [TASK] Network Fetch completed (exec #14)
[12:35:08] 
=== TICK 20 ===
[12:35:08] [READY] Task 1 (Collect CPU) ready - interval 1s elapsed
[12:35:08] [READY] Task 2 (Collect RAM) ready - interval 1s elapsed
[12:35:08] [READY] Task 5 (Analyzer) ready - interval 1s elapsed
[12:35:08] [DISPATCH] Executing 3 ready task(s) in priority order
[12:35:08] [DISPATCH] Task 1 (Collect CPU) P3 gets CPU
[12:35:08] [TASK] CPU Monitor starting
[12:35:09] [TASK] CPU Monitor completed (exec #19)
[12:35:09] [DISPATCH] Task 2 (Collect RAM) P3 gets CPU
[12:35:09] [TASK] RAM Monitor starting
[12:35:09] [TASK] RAM Monitor completed (exec #15)
[12:35:09] [DISPATCH] Task 5 (Analyzer) P3 gets CPU
[12:35:09] [TASK] Analyzer starting
[12:35:09] [ERROR] Analyzer failed with code 256 (may need 'make all' first)
[12:35:09] 
=== TICK 21 ===
[12:35:09] [READY] Task 1 (Collect CPU) ready - interval 1s elapsed
[12:35:09] [READY] Task 3 (Collect DISK) ready - interval 1s elapsed
[12:35:09] [READY] Task 4 (Collect Network) ready - interval 1s elapsed
[12:35:09] [DISPATCH] Executing 3 ready task(s) in priority order
[12:35:09] [DISPATCH] Task 1 (Collect CPU) P3 gets CPU
[12:35:09] [TASK] CPU Monitor starting
[12:35:10] [TASK] CPU Monitor completed (exec #20)
[12:35:10] [DISPATCH] Task 3 (Collect DISK) P2 gets CPU
[12:35:10] [TASK] Disk Monitor starting
[12:35:10] [TASK] Disk Monitor completed (exec #15)
[12:35:10] [DISPATCH] Task 4 (Collect Network) P0 gets CPU
[12:35:10] [TASK] Network Fetch starting
[12:35:10] [TASK] Network Fetch completed (exec #15)
[12:35:10] 
=== TICK 22 ===
[12:35:10] [READY] Task 1 (Collect CPU) ready - interval 1s elapsed
[12:35:10] [READY] Task 2 (Collect RAM) ready - interval 1s elapsed
[12:35:10] [READY] Task 5 (Analyzer) ready - interval 1s elapsed
[12:35:10] [DISPATCH] Executing 3 ready task(s) in priority order
[12:35:10] [DISPATCH] Task 1 (Collect CPU) P3 gets CPU
[12:35:10] [TASK] CPU Monitor starting
[12:35:11] [TASK] CPU Monitor completed (exec #21)
[12:35:11] [DISPATCH] Task 2 (Collect RAM) P3 gets CPU
[12:35:11] [TASK] RAM Monitor starting
[12:35:11] [TASK] RAM Monitor completed (exec #16)
[12:35:11] [DISPATCH] Task 5 (Analyzer) P3 gets CPU
[12:35:11] [TASK] Analyzer starting
[12:35:11] [ERROR] Analyzer failed with code 256 (may need 'make all' first)
[12:35:11] 
=== TICK 23 ===
[12:35:11] [READY] Task 1 (Collect CPU) ready - interval 1s elapsed
[12:35:11] [READY] Task 3 (Collect DISK) ready - interval 1s elapsed
[12:35:11] [READY] Task 4 (Collect Network) ready - interval 1s elapsed
[12:35:11] [DISPATCH] Executing 3 ready task(s) in priority order
[12:35:11] [DISPATCH] Task 1 (Collect CPU) P3 gets CPU
[12:35:11] [TASK] CPU Monitor starting
[12:35:12] [TASK] CPU Monitor completed (exec #22)
[12:35:12] [DISPATCH] Task 3 (Collect DISK) P2 gets CPU
[12:35:12] [TASK] Disk Monitor starting
[12:35:12] [TASK] Disk Monitor completed (exec #16)
[12:35:12] [DISPATCH] Task 4 (Collect Network) P0 gets CPU
[12:35:12] [TASK] Network Fetch starting
[12:35:12] [TASK] Network Fetch completed (exec #16)
[12:35:12] 
=== TICK 24 ===
[12:35:12] [READY] Task 1 (Collect CPU) ready - interval 1s elapsed
[12:35:12] [READY] Task 2 (Collect RAM) ready - interval 1s elapsed
[12:35:12] [READY] Task 5 (Analyzer) ready - interval 1s elapsed
[12:35:12] [DISPATCH] Executing 3 ready task(s) in priority order
[12:35:12] [DISPATCH] Task 1 (Collect CPU) P3 gets CPU
[12:35:12] [TASK] CPU Monitor starting
[12:35:13] [TASK] CPU Monitor completed (exec #23)
[12:35:13] [DISPATCH] Task 2 (Collect RAM) P3 gets CPU
[12:35:13] [TASK] RAM Monitor starting
[12:35:13] [TASK] RAM Monitor completed (exec #17)
[12:35:13] [DISPATCH] Task 5 (Analyzer) P3 gets CPU
[12:35:13] [TASK] Analyzer starting
[12:35:13] [ERROR] Analyzer failed with code 256 (may need 'make all' first)
[12:35:13] 
=== TICK 25 ===
[12:35:13] [READY] Task 1 (Collect CPU) ready - interval 1s elapsed
[12:35:13] [READY] Task 3 (Collect DISK) ready - interval 1s elapsed
[12:35:13] [READY] Task 4 (Collect Network) ready - interval 1s elapsed
[12:35:13] [DISPATCH] Executing 3 ready task(s) in priority order
[12:35:13] [DISPATCH] Task 1 (Collect CPU) P3 gets CPU
[12:35:13] [TASK] CPU Monitor starting
[12:35:15] [TASK] CPU Monitor completed (exec #24)
[12:35:15] [DISPATCH] Task 3 (Collect DISK) P2 gets CPU
[12:35:15] [TASK] Disk Monitor starting
[12:35:15] [TASK] Disk Monitor completed (exec #17)
[12:35:15] [DISPATCH] Task 4 (Collect Network) P0 gets CPU
[12:35:15] [TASK] Network Fetch starting
[12:35:15] [TASK] Network Fetch completed (exec #17)
[12:35:15] 
=== TICK 26 ===
[12:35:15] [READY] Task 1 (Collect CPU) ready - interval 1s elapsed
[12:35:15] [READY] Task 2 (Collect RAM) ready - interval 1s elapsed
[12:35:15] [READY] Task 5 (Analyzer) ready - interval 1s elapsed
[12:35:15] [DISPATCH] Executing 3 ready task(s) in priority order
[12:35:15] [DISPATCH] Task 1 (Collect CPU) P3 gets CPU
[12:35:15] [TASK] CPU Monitor starting
[12:35:16] [TASK] CPU Monitor completed (exec #25)
[12:35:16] [DISPATCH] Task 2 (Collect RAM) P3 gets CPU
[12:35:16] [TASK] RAM Monitor starting
[12:35:16] [TASK] RAM Monitor completed (exec #18)
[12:35:16] [DISPATCH] Task 5 (Analyzer) P3 gets CPU
[12:35:16] [TASK] Analyzer starting
[12:35:16] [ERROR] Analyzer failed with code 256 (may need 'make all' first)
[12:35:16] 
=== Scheduler Session Ended ===
[12:35:16] Total ticks: 26
[12:35:16] Task execution counts: T1=25, T2=18, T3=17, T4=17

=== CS350 GUI Scheduler Session Started ===
Started: Wed Dec 31 12:37:45 2025

[12:37:45] 
=== TICK 1 ===
[12:37:46] 
=== TICK 2 ===
[12:37:46] [READY] Task 1 (Collect CPU) ready - interval 1s elapsed
[12:37:46] [READY] Task 2 (Collect RAM) ready - interval 1s elapsed
[12:37:46] [READY] Task 3 (Collect DISK) ready - interval 1s elapsed
[12:37:46] [READY] Task 4 (Collect Network) ready - interval 1s elapsed
[12:37:46] [READY] Task 5 (Analyzer) ready - interval 1s elapsed
[12:37:46] [DISPATCH] Executing 5 ready task(s) in priority order
[12:37:46] [DISPATCH] Task 1 (Collect CPU) P3 gets CPU
[12:37:46] [TASK] CPU Monitor starting
[12:37:47] [TASK] CPU Monitor completed (exec #1)
[12:37:47] [DISPATCH] Task 2 (Collect RAM) P3 gets CPU
[12:37:47] [TASK] RAM Monitor starting
[12:37:47] [TASK] RAM Monitor completed (exec #1)
[12:37:47] [DISPATCH] Task 5 (Analyzer) P3 gets CPU
[12:37:47] [TASK] Analyzer starting
[12:37:47] [ERROR] Analyzer failed with code 256 (may need 'make all' first)
[12:37:47] [DISPATCH] Task 3 (Collect DISK) P2 gets CPU
[12:37:47] [TASK] Disk Monitor starting
[12:37:47] [TASK] Disk Monitor completed (exec #1)
[12:37:47] [DISPATCH] Task 4 (Collect Network) P0 gets CPU
[12:37:47] [TASK] Network Fetch starting
[12:37:47] [TASK] Network Fetch completed (exec #1)
[12:37:47] 
=== TICK 3 ===
[12:37:47] [READY] Task 1 (Collect CPU) ready - interval 1s elapsed
[12:37:47] [DISPATCH] Executing 1 ready task(s) in priority order
[12:37:47] [DISPATCH] Task 1 (Collect CPU) P3 gets CPU
[12:37:47] [TASK] CPU Monitor starting
[12:37:48] [TASK] CPU Monitor completed (exec #2)
[12:37:48] 
=== TICK 4 ===
[12:37:48] [READY] Task 1 (Collect CPU) ready - interval 1s elapsed
[12:37:48] [READY] Task 2 (Collect RAM) ready - interval 1s elapsed
[12:37:48] [READY] Task 3 (Collect DISK) ready - interval 1s elapsed
[12:37:48] [READY] Task 4 (Collect Network) ready - interval 1s elapsed
[12:37:48] [READY] Task 5 (Analyzer) ready - interval 1s elapsed
[12:37:48] [DISPATCH] Executing 5 ready task(s) in priority order
[12:37:48] [DISPATCH] Task 1 (Collect CPU) P3 gets CPU
[12:37:48] [TASK] CPU Monitor starting
[12:37:49] [TASK] CPU Monitor completed (exec #3)
[12:37:49] [DISPATCH] Task 2 (Collect RAM) P3 gets CPU
[12:37:49] [TASK] RAM Monitor starting
[12:37:49] [TASK] RAM Monitor completed (exec #2)
[12:37:49] [DISPATCH] Task 5 (Analyzer) P3 gets CPU
[12:37:49] [TASK] Analyzer starting
[12:37:49] [ERROR] Analyzer failed with code 256 (may need 'make all' first)
[12:37:49] [DISPATCH] Task 3 (Collect DISK) P2 gets CPU
[12:37:49] [TASK] Disk Monitor starting
[12:37:49] [TASK] Disk Monitor completed (exec #2)
[12:37:49] [DISPATCH] Task 4 (Collect Network) P0 gets CPU
[12:37:49] [TASK] Network Fetch starting
[12:37:49] [TASK] Network Fetch completed (exec #2)
[12:37:49] 
=== TICK 5 ===
[12:37:49] [READY] Task 1 (Collect CPU) ready - interval 1s elapsed
[12:37:49] [DISPATCH] Executing 1 ready task(s) in priority order
[12:37:49] [DISPATCH] Task 1 (Collect CPU) P3 gets CPU
[12:37:49] [TASK] CPU Monitor starting
[12:37:50] [TASK] CPU Monitor completed (exec #4)
[12:37:50] 
=== TICK 6 ===
[12:37:50] [READY] Task 1 (Collect CPU) ready - interval 1s elapsed
[12:37:50] [READY] Task 2 (Collect RAM) ready - interval 1s elapsed
[12:37:50] [READY] Task 3 (Collect DISK) ready - interval 1s elapsed
[12:37:50] [READY] Task 4 (Collect Network) ready - interval 1s elapsed
[12:37:50] [READY] Task 5 (Analyzer) ready - interval 1s elapsed
[12:37:50] [DISPATCH] Executing 5 ready task(s) in priority order
[12:37:50] [DISPATCH] Task 1 (Collect CPU) P3 gets CPU
[12:37:50] [TASK] CPU Monitor starting
[12:37:51] [TASK] CPU Monitor completed (exec #5)
[12:37:51] [DISPATCH] Task 2 (Collect RAM) P3 gets CPU
[12:37:51] [TASK] RAM Monitor starting
[12:37:51] [TASK] RAM Monitor completed (exec #3)
[12:37:51] [DISPATCH] Task 5 (Analyzer) P3 gets CPU
[12:37:51] [TASK] Analyzer starting
[12:37:51] [ERROR] Analyzer failed with code 256 (may need 'make all' first)
[12:37:51] [DISPATCH] Task 3 (Collect DISK) P2 gets CPU
[12:37:51] [TASK] Disk Monitor starting
[12:37:51] [TASK] Disk Monitor completed (exec #3)
[12:37:51] [DISPATCH] Task 4 (Collect Network) P0 gets CPU
[12:37:51] [TASK] Network Fetch starting
[12:37:51] [TASK] Network Fetch completed (exec #3)
[12:37:51] 
=== TICK 7 ===
[12:37:51] [READY] Task 1 (Collect CPU) ready - interval 1s elapsed
[12:37:51] [DISPATCH] Executing 1 ready task(s) in priority order
[12:37:51] [DISPATCH] Task 1 (Collect CPU) P3 gets CPU
[12:37:51] [TASK] CPU Monitor starting
[12:37:52] [TASK] CPU Monitor completed (exec #6)
[12:37:52] 
=== TICK 8 ===
[12:37:52] [READY] Task 1 (Collect CPU) ready - interval 1s elapsed
[12:37:52] [READY] Task 2 (Collect RAM) ready - interval 1s elapsed
[12:37:52] [READY] Task 3 (Collect DISK) ready - interval 1s elapsed
[12:37:52] [READY] Task 4 (Collect Network) ready - interval 1s elapsed
[12:37:52] [READY] Task 5 (Analyzer) ready - interval 1s elapsed
[12:37:52] [DISPATCH] Executing 5 ready task(s) in priority order
[12:37:52] [DISPATCH] Task 1 (Collect CPU) P3 gets CPU
[12:37:52] [TASK] CPU Monitor starting
[12:37:53] [TASK] CPU Monitor completed (exec #7)
[12:37:53] [DISPATCH] Task 2 (Collect RAM) P3 gets CPU
[12:37:53] [TASK] RAM Monitor starting
[12:37:53] [TASK] RAM Monitor completed (exec #4)
[12:37:53] [DISPATCH] Task 5 (Analyzer) P3 gets CPU
[12:37:53] [TASK] Analyzer starting
[12:37:53] [ERROR] Analyzer failed with code 256 (may need 'make all' first)
[12:37:53] [DISPATCH] Task 3 (Collect DISK) P2 gets CPU
[12:37:53] [TASK] Disk Monitor starting
[12:37:53] [TASK] Disk Monitor completed (exec #4)
[12:37:53] [DISPATCH] Task 4 (Collect Network) P0 gets CPU
[12:37:53] [TASK] Network Fetch starting
[12:37:53] [TASK] Network Fetch completed (exec #4)
[12:37:53] 
=== TICK 9 ===
[12:37:53] [READY] Task 1 (Collect CPU) ready - interval 1s elapsed
[12:37:53] [DISPATCH] Executing 1 ready task(s) in priority order
[12:37:53] [DISPATCH] Task 1 (Collect CPU) P3 gets CPU
[12:37:53] [TASK] CPU Monitor starting
[12:37:54] [TASK] CPU Monitor completed (exec #8)
[12:37:54] 
=== TICK 10 ===
[12:37:54] [READY] Task 1 (Collect CPU) ready - interval 1s elapsed
[12:37:54] [READY] Task 2 (Collect RAM) ready - interval 1s elapsed
[12:37:54] [READY] Task 3 (Collect DISK) ready - interval 1s elapsed
[12:37:54] [READY] Task 4 (Collect Network) ready - interval 1s elapsed
[12:37:54] [READY] Task 5 (Analyzer) ready - interval 1s elapsed
[12:37:54] [READY] Task 6 (Report Generator) ready - interval 9s elapsed
[12:37:54] [DISPATCH] Executing 6 ready task(s) in priority order
[12:37:54] [DISPATCH] Task 1 (Collect CPU) P3 gets CPU
[12:37:54] [TASK] CPU Monitor starting
[12:37:55] [TASK] CPU Monitor completed (exec #9)
[12:37:55] [DISPATCH] Task 2 (Collect RAM) P3 gets CPU
[12:37:55] [TASK] RAM Monitor starting
[12:37:55] [TASK] RAM Monitor completed (exec #5)
[12:37:55] [DISPATCH] Task 5 (Analyzer) P3 gets CPU
[12:37:55] [TASK] Analyzer starting
[12:37:55] [ERROR] Analyzer failed with code 256 (may need 'make all' first)
[12:37:55] [DISPATCH] Task 6 (Report Generator) P3 gets CPU
[12:37:55] [TASK] Report Generator starting
[12:37:56] [TASK] Report Generator completed (exec #1)
[12:37:56] [DISPATCH] Task 3 (Collect DISK) P2 gets CPU
[12:37:56] [TASK] Disk Monitor starting
[12:37:56] [TASK] Disk Monitor completed (exec #5)
[12:37:56] [DISPATCH] Task 4 (Collect Network) P0 gets CPU
[12:37:56] [TASK] Network Fetch starting
[12:37:56] [TASK] Network Fetch completed (exec #5)
[12:37:56] 
=== TICK 11 ===
[12:37:56] [READY] Task 1 (Collect CPU) ready - interval 1s elapsed
[12:37:56] [READY] Task 2 (Collect RAM) ready - interval 1s elapsed
[12:37:56] [READY] Task 5 (Analyzer) ready - interval 1s elapsed
[12:37:56] [DISPATCH] Executing 3 ready task(s) in priority order
[12:37:56] [DISPATCH] Task 1 (Collect CPU) P3 gets CPU
[12:37:56] [TASK] CPU Monitor starting
[12:37:56] [TASK] CPU Monitor completed (exec #10)
[12:37:56] [DISPATCH] Task 2 (Collect RAM) P3 gets CPU
[12:37:56] [TASK] RAM Monitor starting
[12:37:56] [TASK] RAM Monitor completed (exec #6)
[12:37:56] [DISPATCH] Task 5 (Analyzer) P3 gets CPU
[12:37:56] [TASK] Analyzer starting
[12:37:56] [ERROR] Analyzer failed with code 256 (may need 'make all' first)
[12:37:56] 
=== Scheduler Session Ended ===
[12:37:56] Total ticks: 11
[12:37:56] Task execution counts: T1=10, T2=6, T3=5, T4=5

=== CS350 GUI Scheduler Session Started ===
Started: Wed Dec 31 12:41:19 2025

[12:41:19] 
=== TICK 1 ===
[12:41:20] 
=== TICK 2 ===
[12:41:20] [READY] Task 1 (Collect CPU) ready - interval 1s elapsed
[12:41:20] [READY] Task 2 (Collect RAM) ready - interval 1s elapsed
[12:41:20] [READY] Task 3 (Collect DISK) ready - interval 1s elapsed
[12:41:20] [READY] Task 4 (Collect Network) ready - interval 1s elapsed
[12:41:20] [READY] Task 5 (Analyzer) ready - interval 1s elapsed
[12:41:20] [DISPATCH] Executing 5 ready task(s) in priority order
[12:41:20] [DISPATCH] Task 1 (Collect CPU) P3 gets CPU
[12:41:20] [TASK] CPU Monitor starting
[12:41:21] [TASK] CPU Monitor completed (exec #1)
[12:41:21] [DISPATCH] Task 2 (Collect RAM) P3 gets CPU
[12:41:21] [TASK] RAM Monitor starting
[12:41:21] [TASK] RAM Monitor completed (exec #1)
[12:41:21] [DISPATCH] Task 5 (Analyzer) P3 gets CPU
[12:41:21] [TASK] Analyzer starting
[12:41:21] [ERROR] Analyzer failed with code 256 (may need 'make all' first)
[12:41:21] [DISPATCH] Task 3 (Collect DISK) P2 gets CPU
[12:41:21] [TASK] Disk Monitor starting
[12:41:21] [TASK] Disk Monitor completed (exec #1)
[12:41:21] [DISPATCH] Task 4 (Collect Network) P0 gets CPU
[12:41:21] [TASK] Network Fetch starting
[12:41:21] [TASK] Network Fetch completed (exec #1)
[12:41:21] 
=== TICK 3 ===
[12:41:21] [READY] Task 1 (Collect CPU) ready - interval 1s elapsed
[12:41:21] [DISPATCH] Executing 1 ready task(s) in priority order
[12:41:21] [DISPATCH] Task 1 (Collect CPU) P3 gets CPU
[12:41:21] [TASK] CPU Monitor starting
[12:41:22] [TASK] CPU Monitor completed (exec #2)
[12:41:22] 
=== TICK 4 ===
[12:41:22] [READY] Task 1 (Collect CPU) ready - interval 1s elapsed
[12:41:22] [READY] Task 2 (Collect RAM) ready - interval 1s elapsed
[12:41:22] [READY] Task 3 (Collect DISK) ready - interval 1s elapsed
[12:41:22] [READY] Task 4 (Collect Network) ready - interval 1s elapsed
[12:41:22] [READY] Task 5 (Analyzer) ready - interval 1s elapsed
[12:41:22] [DISPATCH] Executing 5 ready task(s) in priority order
[12:41:22] [DISPATCH] Task 1 (Collect CPU) P3 gets CPU
[12:41:22] [TASK] CPU Monitor starting
[12:41:23] [TASK] CPU Monitor completed (exec #3)
[12:41:23] [DISPATCH] Task 2 (Collect RAM) P3 gets CPU
[12:41:23] [TASK] RAM Monitor starting
[12:41:23] [TASK] RAM Monitor completed (exec #2)
[12:41:23] [DISPATCH] Task 5 (Analyzer) P3 gets CPU
[12:41:23] [TASK] Analyzer starting
[12:41:23] [ERROR] Analyzer failed with code 256 (may need 'make all' first)
[12:41:23] [DISPATCH] Task 3 (Collect DISK) P2 gets CPU
[12:41:23] [TASK] Disk Monitor starting
[12:41:23] [TASK] Disk Monitor completed (exec #2)
[12:41:23] [DISPATCH] Task 4 (Collect Network) P0 gets CPU
[12:41:23] [TASK] Network Fetch starting
[12:41:23] [TASK] Network Fetch completed (exec #2)
[12:41:23] 
=== Scheduler Session Ended ===
[12:41:23] Total ticks: 4
[12:41:23] Task execution counts: T1=3, T2=2, T3=2, T4=2

=== CS350 GUI Scheduler Session Started ===
Started: Wed Dec 31 12:42:33 2025

[12:42:33] 
=== TICK 1 ===
[12:42:34] 
=== TICK 2 ===
[12:42:34] [READY] Task 1 (Collect CPU) ready - interval 1s elapsed
[12:42:34] [READY] Task 2 (Collect RAM) ready - interval 1s elapsed
[12:42:34] [READY] Task 3 (Collect DISK) ready - interval 1s elapsed
[12:42:34] [READY] Task 4 (Collect Network) ready - interval 1s elapsed
[12:42:34] [READY] Task 5 (Analyzer) ready - interval 1s elapsed
[12:42:34] [DISPATCH] Executing 5 ready task(s) in priority order
[12:42:34] [DISPATCH] Task 1 (Collect CPU) P3 gets CPU
[12:42:34] [TASK] CPU Monitor starting
[12:42:34] [TASK] CPU Monitor completed (exec #1)
[12:42:34] [DISPATCH] Task 2 (Collect RAM) P3 gets CPU
[12:42:34] [TASK] RAM Monitor starting
[12:42:34] [TASK] RAM Monitor completed (exec #1)
[12:42:34] [DISPATCH] Task 5 (Analyzer) P3 gets CPU
[12:42:34] [TASK] Analyzer starting
[12:42:34] [ERROR] Analyzer failed with code 256 (may need 'make all' first)
[12:42:34] [DISPATCH] Task 3 (Collect DISK) P2 gets CPU
[12:42:34] [TASK] Disk Monitor starting
[12:42:34] [TASK] Disk Monitor completed (exec #1)
[12:42:34] [DISPATCH] Task 4 (Collect Network) P0 gets CPU
[12:42:34] [TASK] Network Fetch starting
[12:42:34] [TASK] Network Fetch completed (exec #1)
[12:42:35] 
=== TICK 3 ===
[12:42:35] [READY] Task 1 (Collect CPU) ready - interval 1s elapsed
[12:42:35] [READY] Task 2 (Collect RAM) ready - interval 1s elapsed
[12:42:35] [READY] Task 3 (Collect DISK) ready - interval 1s elapsed
[12:42:35] [READY] Task 4 (Collect Network) ready - interval 1s elapsed
[12:42:35] [READY] Task 5 (Analyzer) ready - interval 1s elapsed
[12:42:35] [DISPATCH] Executing 5 ready task(s) in priority order
[12:42:35] [DISPATCH] Task 1 (Collect CPU) P3 gets CPU
[12:42:35] [TASK] CPU Monitor starting
[12:42:35] [TASK] CPU Monitor completed (exec #2)
[12:42:35] [DISPATCH] Task 2 (Collect RAM) P3 gets CPU
[12:42:35] [TASK] RAM Monitor starting
[12:42:35] [TASK] RAM Monitor completed (exec #2)
[12:42:35] [DISPATCH] Task 5 (Analyzer) P3 gets CPU
[12:42:35] [TASK] Analyzer starting
[12:42:35] [ERROR] Analyzer failed with code 256 (may need 'make all' first)
[12:42:35] [DISPATCH] Task 3 (Collect DISK) P2 gets CPU
[12:42:35] [TASK] Disk Monitor starting
[12:42:35] [TASK] Disk Monitor completed (exec #2)
[12:42:35] [DISPATCH] Task 4 (Collect Network) P0 gets CPU
[12:42:35] [TASK] Network Fetch starting
[12:42:35] [TASK] Network Fetch completed (exec #2)
[12:42:36] 
=== TICK 4 ===
[12:42:36] [READY] Task 1 (Collect CPU) ready - interval 1s elapsed
[12:42:36] [READY] Task 2 (Collect RAM) ready - interval 1s elapsed
[12:42:36] [READY] Task 3 (Collect DISK) ready - interval 1s elapsed
[12:42:36] [READY] Task 4 (Collect Network) ready - interval 1s elapsed
[12:42:36] [READY] Task 5 (Analyzer) ready - interval 1s elapsed
[12:42:36] [DISPATCH] Executing 5 ready task(s) in priority order
[12:42:36] [DISPATCH] Task 1 (Collect CPU) P3 gets CPU
[12:42:36] [TASK] CPU Monitor starting
[12:42:36] [TASK] CPU Monitor completed (exec #3)
[12:42:36] [DISPATCH] Task 2 (Collect RAM) P3 gets CPU
[12:42:36] [TASK] RAM Monitor starting
[12:42:36] [TASK] RAM Monitor completed (exec #3)
[12:42:36] [DISPATCH] Task 5 (Analyzer) P3 gets CPU
[12:42:36] [TASK] Analyzer starting
[12:42:36] [ERROR] Analyzer failed with code 256 (may need 'make all' first)
[12:42:36] [DISPATCH] Task 3 (Collect DISK) P2 gets CPU
[12:42:36] [TASK] Disk Monitor starting
[12:42:36] [TASK] Disk Monitor completed (exec #3)
[12:42:36] [DISPATCH] Task 4 (Collect Network) P0 gets CPU
[12:42:36] [TASK] Network Fetch starting
[12:42:36] [TASK] Network Fetch completed (exec #3)
[12:42:37] 
=== TICK 5 ===
[12:42:37] [READY] Task 1 (Collect CPU) ready - interval 1s elapsed
[12:42:37] [READY] Task 2 (Collect RAM) ready - interval 1s elapsed
[12:42:37] [READY] Task 3 (Collect DISK) ready - interval 1s elapsed
[12:42:37] [READY] Task 4 (Collect Network) ready - interval 1s elapsed
[12:42:37] [READY] Task 5 (Analyzer) ready - interval 1s elapsed
[12:42:37] [DISPATCH] Executing 5 ready task(s) in priority order
[12:42:37] [DISPATCH] Task 1 (Collect CPU) P3 gets CPU
[12:42:37] [TASK] CPU Monitor starting
[12:42:37] [TASK] CPU Monitor completed (exec #4)
[12:42:37] [DISPATCH] Task 2 (Collect RAM) P3 gets CPU
[12:42:37] [TASK] RAM Monitor starting
[12:42:37] [TASK] RAM Monitor completed (exec #4)
[12:42:37] [DISPATCH] Task 5 (Analyzer) P3 gets CPU
[12:42:37] [TASK] Analyzer starting
[12:42:37] [ERROR] Analyzer failed with code 256 (may need 'make all' first)
[12:42:37] [DISPATCH] Task 3 (Collect DISK) P2 gets CPU
[12:42:37] [TASK] Disk Monitor starting
[12:42:37] [TASK] Disk Monitor completed (exec #4)
[12:42:37] [DISPATCH] Task 4 (Collect Network) P0 gets CPU
[12:42:37] [TASK] Network Fetch starting
[12:42:37] [TASK] Network Fetch completed (exec #4)
[12:42:38] 
=== TICK 6 ===
[12:42:38] [READY] Task 1 (Collect CPU) ready - interval 1s elapsed
[12:42:38] [READY] Task 2 (Collect RAM) ready - interval 1s elapsed
[12:42:38] [READY] Task 3 (Collect DISK) ready - interval 1s elapsed
[12:42:38] [READY] Task 4 (Collect Network) ready - interval 1s elapsed
[12:42:38] [READY] Task 5 (Analyzer) ready - interval 1s elapsed
[12:42:38] [DISPATCH] Executing 5 ready task(s) in priority order
[12:42:38] [DISPATCH] Task 1 (Collect CPU) P3 gets CPU
[12:42:38] [TASK] CPU Monitor starting
[12:42:38] [TASK] CPU Monitor completed (exec #5)
[12:42:38] [DISPATCH] Task 2 (Collect RAM) P3 gets CPU
[12:42:38] [TASK] RAM Monitor starting
[12:42:38] [TASK] RAM Monitor completed (exec #5)
[12:42:38] [DISPATCH] Task 5 (Analyzer) P3 gets CPU
[12:42:38] [TASK] Analyzer starting
[12:42:38] [ERROR] Analyzer failed with code 256 (may need 'make all' first)
[12:42:38] [DISPATCH] Task 3 (Collect DISK) P2 gets CPU
[12:42:38] [TASK] Disk Monitor starting
[12:42:38] [TASK] Disk Monitor completed (exec #5)
[12:42:38] [DISPATCH] Task 4 (Collect Network) P0 gets CPU
[12:42:38] [TASK] Network Fetch starting
[12:42:38] [TASK] Network Fetch completed (exec #5)
[12:42:39] 
=== TICK 7 ===
[12:42:39] [READY] Task 1 (Collect CPU) ready - interval 1s elapsed
[12:42:39] [READY] Task 2 (Collect RAM) ready - interval 1s elapsed
[12:42:39] [READY] Task 3 (Collect DISK) ready - interval 1s elapsed
[12:42:39] [READY] Task 4 (Collect Network) ready - interval 1s elapsed
[12:42:39] [READY] Task 5 (Analyzer) ready - interval 1s elapsed
[12:42:39] [DISPATCH] Executing 5 ready task(s) in priority order
[12:42:39] [DISPATCH] Task 1 (Collect CPU) P3 gets CPU
[12:42:39] [TASK] CPU Monitor starting
[12:42:39] [TASK] CPU Monitor completed (exec #6)
[12:42:39] [DISPATCH] Task 2 (Collect RAM) P3 gets CPU
[12:42:39] [TASK] RAM Monitor starting
[12:42:39] [TASK] RAM Monitor completed (exec #6)
[12:42:39] [DISPATCH] Task 5 (Analyzer) P3 gets CPU
[12:42:39] [TASK] Analyzer starting
[12:42:39] [ERROR] Analyzer failed with code 256 (may need 'make all' first)
[12:42:39] [DISPATCH] Task 3 (Collect DISK) P2 gets CPU
[12:42:39] [TASK] Disk Monitor starting
[12:42:39] [TASK] Disk Monitor completed (exec #6)
[12:42:39] [DISPATCH] Task 4 (Collect Network) P0 gets CPU
[12:42:39] [TASK] Network Fetch starting
[12:42:39] [TASK] Network Fetch completed (exec #6)
[12:42:40] 
=== TICK 8 ===
[12:42:40] [READY] Task 1 (Collect CPU) ready - interval 1s elapsed
[12:42:40] [READY] Task 2 (Collect RAM) ready - interval 1s elapsed
[12:42:40] [READY] Task 3 (Collect DISK) ready - interval 1s elapsed
[12:42:40] [READY] Task 4 (Collect Network) ready - interval 1s elapsed
[12:42:40] [READY] Task 5 (Analyzer) ready - interval 1s elapsed
[12:42:40] [DISPATCH] Executing 5 ready task(s) in priority order
[12:42:40] [DISPATCH] Task 1 (Collect CPU) P3 gets CPU
[12:42:40] [TASK] CPU Monitor starting
[12:42:40] [TASK] CPU Monitor completed (exec #7)
[12:42:40] [DISPATCH] Task 2 (Collect RAM) P3 gets CPU
[12:42:40] [TASK] RAM Monitor starting
[12:42:40] [TASK] RAM Monitor completed (exec #7)
[12:42:40] [DISPATCH] Task 5 (Analyzer) P3 gets CPU
[12:42:40] [TASK] Analyzer starting
[12:42:40] [ERROR] Analyzer failed with code 256 (may need 'make all' first)
[12:42:40] [DISPATCH] Task 3 (Collect DISK) P2 gets CPU
[12:42:40] [TASK] Disk Monitor starting
[12:42:40] [TASK] Disk Monitor completed (exec #7)
[12:42:40] [DISPATCH] Task 4 (Collect Network) P0 gets CPU
[12:42:40] [TASK] Network Fetch starting
[12:42:40] [TASK] Network Fetch completed (exec #7)
[12:42:41] 
=== TICK 9 ===
[12:42:41] [READY] Task 1 (Collect CPU) ready - interval 1s elapsed
[12:42:41] [READY] Task 2 (Collect RAM) ready - interval 1s elapsed
[12:42:41] [READY] Task 3 (Collect DISK) ready - interval 1s elapsed
[12:42:41] [READY] Task 4 (Collect Network) ready - interval 1s elapsed
[12:42:41] [READY] Task 5 (Analyzer) ready - interval 1s elapsed
[12:42:41] [DISPATCH] Executing 5 ready task(s) in priority order
[12:42:41] [DISPATCH] Task 1 (Collect CPU) P3 gets CPU
[12:42:41] [TASK] CPU Monitor starting
[12:42:41] [TASK] CPU Monitor completed (exec #8)
[12:42:41] [DISPATCH] Task 2 (Collect RAM) P3 gets CPU
[12:42:41] [TASK] RAM Monitor starting
[12:42:41] [TASK] RAM Monitor completed (exec #8)
[12:42:41] [DISPATCH] Task 5 (Analyzer) P3 gets CPU
[12:42:41] [TASK] Analyzer starting
[12:42:41] [ERROR] Analyzer failed with code 256 (may need 'make all' first)
[12:42:41] [DISPATCH] Task 3 (Collect DISK) P2 gets CPU
[12:42:41] [TASK] Disk Monitor starting
[12:42:41] [TASK] Disk Monitor completed (exec #8)
[12:42:41] [DISPATCH] Task 4 (Collect Network) P0 gets CPU
[12:42:41] [TASK] Network Fetch starting
[12:42:41] [TASK] Network Fetch completed (exec #8)
[12:42:42] 
=== TICK 10 ===
[12:42:42] [READY] Task 1 (Collect CPU) ready - interval 1s elapsed
[12:42:42] [READY] Task 2 (Collect RAM) ready - interval 1s elapsed
[12:42:42] [READY] Task 3 (Collect DISK) ready - interval 1s elapsed
[12:42:42] [READY] Task 4 (Collect Network) ready - interval 1s elapsed
[12:42:42] [READY] Task 5 (Analyzer) ready - interval 1s elapsed
[12:42:42] [READY] Task 6 (Report Generator) ready - interval 9s elapsed
[12:42:42] [DISPATCH] Executing 6 ready task(s) in priority order
[12:42:42] [DISPATCH] Task 1 (Collect CPU) P3 gets CPU
[12:42:42] [TASK] CPU Monitor starting
[12:42:42] [TASK] CPU Monitor completed (exec #9)
[12:42:42] [DISPATCH] Task 2 (Collect RAM) P3 gets CPU
[12:42:42] [TASK] RAM Monitor starting
[12:42:42] [TASK] RAM Monitor completed (exec #9)
[12:42:42] [DISPATCH] Task 5 (Analyzer) P3 gets CPU
[12:42:42] [TASK] Analyzer starting
[12:42:42] [ERROR] Analyzer failed with code 256 (may need 'make all' first)
[12:42:42] [DISPATCH] Task 6 (Report Generator) P3 gets CPU
[12:42:42] [TASK] Report Generator starting
[12:42:43] [TASK] Report Generator completed (exec #1)
[12:42:43] [DISPATCH] Task 3 (Collect DISK) P2 gets CPU
[12:42:43] [TASK] Disk Monitor starting
[12:42:43] [TASK] Disk Monitor completed (exec #9)
[12:42:43] [DISPATCH] Task 4 (Collect Network) P0 gets CPU
[12:42:43] [TASK] Network Fetch starting
[12:42:43] [TASK] Network Fetch completed (exec #9)
[12:42:43] 
=== TICK 11 ===
[12:42:43] [READY] Task 1 (Collect CPU) ready - interval 1s elapsed
[12:42:43] [READY] Task 2 (Collect RAM) ready - interval 1s elapsed
[12:42:43] [READY] Task 5 (Analyzer) ready - interval 1s elapsed
[12:42:43] [DISPATCH] Executing 3 ready task(s) in priority order
[12:42:43] [DISPATCH] Task 1 (Collect CPU) P3 gets CPU
[12:42:43] [TASK] CPU Monitor starting
[12:42:44] [TASK] CPU Monitor completed (exec #10)
[12:42:44] [DISPATCH] Task 2 (Collect RAM) P3 gets CPU
[12:42:44] [TASK] RAM Monitor starting
[12:42:44] [TASK] RAM Monitor completed (exec #10)
[12:42:44] [DISPATCH] Task 5 (Analyzer) P3 gets CPU
[12:42:44] [TASK] Analyzer starting
[12:42:44] [ERROR] Analyzer failed with code 256 (may need 'make all' first)
[12:42:44] 
=== TICK 12 ===
[12:42:44] [READY] Task 1 (Collect CPU) ready - interval 1s elapsed
[12:42:44] [READY] Task 3 (Collect DISK) ready - interval 1s elapsed
[12:42:44] [READY] Task 4 (Collect Network) ready - interval 1s elapsed
[12:42:44] [DISPATCH] Executing 3 ready task(s) in priority order
[12:42:44] [DISPATCH] Task 1 (Collect CPU) P3 gets CPU
[12:42:44] [TASK] CPU Monitor starting
[12:42:45] [TASK] CPU Monitor completed (exec #11)
[12:42:45] [DISPATCH] Task 3 (Collect DISK) P2 gets CPU
[12:42:45] [TASK] Disk Monitor starting
[12:42:45] [TASK] Disk Monitor completed (exec #10)
[12:42:45] [DISPATCH] Task 4 (Collect Network) P0 gets CPU
[12:42:45] [TASK] Network Fetch starting
[12:42:45] [TASK] Network Fetch completed (exec #10)
[12:42:45] 
=== TICK 13 ===
[12:42:45] [READY] Task 1 (Collect CPU) ready - interval 1s elapsed
[12:42:45] [READY] Task 2 (Collect RAM) ready - interval 1s elapsed
[12:42:45] [READY] Task 5 (Analyzer) ready - interval 1s elapsed
[12:42:45] [DISPATCH] Executing 3 ready task(s) in priority order
[12:42:45] [DISPATCH] Task 1 (Collect CPU) P3 gets CPU
[12:42:45] [TASK] CPU Monitor starting
[12:42:46] [TASK] CPU Monitor completed (exec #12)
[12:42:46] [DISPATCH] Task 2 (Collect RAM) P3 gets CPU
[12:42:46] [TASK] RAM Monitor starting
[12:42:46] [TASK] RAM Monitor completed (exec #11)
[12:42:46] [DISPATCH] Task 5 (Analyzer) P3 gets CPU
[12:42:46] [TASK] Analyzer starting
[12:42:46] [ERROR] Analyzer failed with code 256 (may need 'make all' first)
[12:42:46] 
=== TICK 14 ===
[12:42:46] [READY] Task 1 (Collect CPU) ready - interval 1s elapsed
[12:42:46] [READY] Task 3 (Collect DISK) ready - interval 1s elapsed
[12:42:46] [READY] Task 4 (Collect Network) ready - interval 1s elapsed
[12:42:46] [DISPATCH] Executing 3 ready task(s) in priority order
[12:42:46] [DISPATCH] Task 1 (Collect CPU) P3 gets CPU
[12:42:46] [TASK] CPU Monitor starting
[12:42:47] [TASK] CPU Monitor completed (exec #13)
[12:42:47] [DISPATCH] Task 3 (Collect DISK) P2 gets CPU
[12:42:47] [TASK] Disk Monitor starting
[12:42:47] [TASK] Disk Monitor completed (exec #11)
[12:42:47] [DISPATCH] Task 4 (Collect Network) P0 gets CPU
[12:42:47] [TASK] Network Fetch starting
[12:42:47] [TASK] Network Fetch completed (exec #11)
[12:42:47] 
=== TICK 15 ===
[12:42:47] [READY] Task 1 (Collect CPU) ready - interval 1s elapsed
[12:42:47] [READY] Task 2 (Collect RAM) ready - interval 1s elapsed
[12:42:47] [READY] Task 5 (Analyzer) ready - interval 1s elapsed
[12:42:47] [DISPATCH] Executing 3 ready task(s) in priority order
[12:42:47] [DISPATCH] Task 1 (Collect CPU) P3 gets CPU
[12:42:47] [TASK] CPU Monitor starting
[12:42:48] [TASK] CPU Monitor completed (exec #14)
[12:42:48] [DISPATCH] Task 2 (Collect RAM) P3 gets CPU
[12:42:48] [TASK] RAM Monitor starting
[12:42:48] [TASK] RAM Monitor completed (exec #12)
[12:42:48] [DISPATCH] Task 5 (Analyzer) P3 gets CPU
[12:42:48] [TASK] Analyzer starting
[12:42:48] [ERROR] Analyzer failed with code 256 (may need 'make all' first)
[12:42:48] 
=== TICK 16 ===
[12:42:48] [READY] Task 1 (Collect CPU) ready - interval 1s elapsed
[12:42:48] [READY] Task 3 (Collect DISK) ready - interval 1s elapsed
[12:42:48] [READY] Task 4 (Collect Network) ready - interval 1s elapsed
[12:42:48] [DISPATCH] Executing 3 ready task(s) in priority order
[12:42:48] [DISPATCH] Task 1 (Collect CPU) P3 gets CPU
[12:42:48] [TASK] CPU Monitor starting
[12:42:49] [TASK] CPU Monitor completed (exec #15)
[12:42:49] [DISPATCH] Task 3 (Collect DISK) P2 gets CPU
[12:42:49] [TASK] Disk Monitor starting
[12:42:49] [TASK] Disk Monitor completed (exec #12)
[12:42:49] [DISPATCH] Task 4 (Collect Network) P0 gets CPU
[12:42:49] [TASK] Network Fetch starting
[12:42:49] [TASK] Network Fetch completed (exec #12)
[12:42:49] 
=== TICK 17 ===
[12:42:49] [READY] Task 1 (Collect CPU) ready - interval 1s elapsed
[12:42:49] [READY] Task 2 (Collect RAM) ready - interval 1s elapsed
[12:42:49] [READY] Task 5 (Analyzer) ready - interval 1s elapsed
[12:42:49] [DISPATCH] Executing 3 ready task(s) in priority order
[12:42:49] [DISPATCH] Task 1 (Collect CPU) P3 gets CPU
[12:42:49] [TASK] CPU Monitor starting
[12:42:50] [TASK] CPU Monitor completed (exec #16)
[12:42:50] [DISPATCH] Task 2 (Collect RAM) P3 gets CPU
[12:42:50] [TASK] RAM Monitor starting
[12:42:50] [TASK] RAM Monitor completed (exec #13)
[12:42:50] [DISPATCH] Task 5 (Analyzer) P3 gets CPU
[12:42:50] [TASK] Analyzer starting
[12:42:50] [ERROR] Analyzer failed with code 256 (may need 'make all' first)
[12:42:50] 
=== TICK 18 ===
[12:42:50] [READY] Task 1 (Collect CPU) ready - interval 1s elapsed
[12:42:50] [READY] Task 3 (Collect DISK) ready - interval 1s elapsed
[12:42:50] [READY] Task 4 (Collect Network) ready - interval 1s elapsed
[12:42:50] [DISPATCH] Executing 3 ready task(s) in priority order
[12:42:50] [DISPATCH] Task 1 (Collect CPU) P3 gets CPU
[12:42:50] [TASK] CPU Monitor starting
[12:42:51] [TASK] CPU Monitor completed (exec #17)
[12:42:51] [DISPATCH] Task 3 (Collect DISK) P2 gets CPU
[12:42:51] [TASK] Disk Monitor starting
[12:42:51] [TASK] Disk Monitor completed (exec #13)
[12:42:51] [DISPATCH] Task 4 (Collect Network) P0 gets CPU
[12:42:51] [TASK] Network Fetch starting
[12:42:51] [TASK] Network Fetch completed (exec #13)
[12:42:51] 
=== TICK 19 ===
[12:42:51] [READY] Task 1 (Collect CPU) ready - interval 1s elapsed
[12:42:51] [READY] Task 2 (Collect RAM) ready - interval 1s elapsed
[12:42:51] [READY] Task 5 (Analyzer) ready - interval 1s elapsed
[12:42:51] [READY] Task 6 (Report Generator) ready - interval 9s elapsed
[12:42:51] [DISPATCH] Executing 4 ready task(s) in priority order
[12:42:51] [DISPATCH] Task 1 (Collect CPU) P3 gets CPU
[12:42:51] [TASK] CPU Monitor starting
[12:42:52] [TASK] CPU Monitor completed (exec #18)
[12:42:52] [DISPATCH] Task 2 (Collect RAM) P3 gets CPU
[12:42:52] [TASK] RAM Monitor starting
[12:42:52] [TASK] RAM Monitor completed (exec #14)
[12:42:52] [DISPATCH] Task 5 (Analyzer) P3 gets CPU
[12:42:52] [TASK] Analyzer starting
[12:42:52] [ERROR] Analyzer failed with code 256 (may need 'make all' first)
[12:42:52] [DISPATCH] Task 6 (Report Generator) P3 gets CPU
[12:42:52] [TASK] Report Generator starting
[12:42:53] [TASK] Report Generator completed (exec #2)
[12:42:53] 
=== TICK 20 ===
[12:42:53] [READY] Task 1 (Collect CPU) ready - interval 1s elapsed
[12:42:53] [READY] Task 2 (Collect RAM) ready - interval 1s elapsed
[12:42:53] [READY] Task 3 (Collect DISK) ready - interval 1s elapsed
[12:42:53] [READY] Task 4 (Collect Network) ready - interval 1s elapsed
[12:42:53] [READY] Task 5 (Analyzer) ready - interval 1s elapsed
[12:42:53] [DISPATCH] Executing 5 ready task(s) in priority order
[12:42:53] [DISPATCH] Task 1 (Collect CPU) P3 gets CPU
[12:42:53] [TASK] CPU Monitor starting
[12:42:54] [TASK] CPU Monitor completed (exec #19)
[12:42:54] [DISPATCH] Task 2 (Collect RAM) P3 gets CPU
[12:42:54] [TASK] RAM Monitor starting
[12:42:54] [TASK] RAM Monitor completed (exec #15)
[12:42:54] [DISPATCH] Task 5 (Analyzer) P3 gets CPU
[12:42:54] [TASK] Analyzer starting
[12:42:54] [ERROR] Analyzer failed with code 256 (may need 'make all' first)
[12:42:54] [DISPATCH] Task 3 (Collect DISK) P2 gets CPU
[12:42:54] [TASK] Disk Monitor starting
[12:42:54] [TASK] Disk Monitor completed (exec #14)
[12:42:54] [DISPATCH] Task 4 (Collect Network) P0 gets CPU
[12:42:54] [TASK] Network Fetch starting
[12:42:54] [TASK] Network Fetch completed (exec #14)
[12:42:54] 
=== TICK 21 ===
[12:42:54] [READY] Task 1 (Collect CPU) ready - interval 1s elapsed
[12:42:54] [DISPATCH] Executing 1 ready task(s) in priority order
[12:42:54] [DISPATCH] Task 1 (Collect CPU) P3 gets CPU
[12:42:54] [TASK] CPU Monitor starting
[12:42:55] [TASK] CPU Monitor completed (exec #20)
[12:42:55] 
=== TICK 22 ===
[12:42:55] [READY] Task 1 (Collect CPU) ready - interval 1s elapsed
[12:42:55] [READY] Task 2 (Collect RAM) ready - interval 1s elapsed
[12:42:55] [READY] Task 3 (Collect DISK) ready - interval 1s elapsed
[12:42:55] [READY] Task 4 (Collect Network) ready - interval 1s elapsed
[12:42:55] [READY] Task 5 (Analyzer) ready - interval 1s elapsed
[12:42:55] [DISPATCH] Executing 5 ready task(s) in priority order
[12:42:55] [DISPATCH] Task 1 (Collect CPU) P3 gets CPU
[12:42:55] [TASK] CPU Monitor starting
[12:42:56] [TASK] CPU Monitor completed (exec #21)
[12:42:56] [DISPATCH] Task 2 (Collect RAM) P3 gets CPU
[12:42:56] [TASK] RAM Monitor starting
[12:42:56] [TASK] RAM Monitor completed (exec #16)
[12:42:56] [DISPATCH] Task 5 (Analyzer) P3 gets CPU
[12:42:56] [TASK] Analyzer starting
[12:42:56] [ERROR] Analyzer failed with code 256 (may need 'make all' first)
[12:42:56] [DISPATCH] Task 3 (Collect DISK) P2 gets CPU
[12:42:56] [TASK] Disk Monitor starting
[12:42:56] [TASK] Disk Monitor completed (exec #15)
[12:42:56] [DISPATCH] Task 4 (Collect Network) P0 gets CPU
[12:42:56] [TASK] Network Fetch starting
[12:42:56] [TASK] Network Fetch completed (exec #15)
[12:42:56] 
=== TICK 23 ===
[12:42:56] [READY] Task 1 (Collect CPU) ready - interval 1s elapsed
[12:42:56] [DISPATCH] Executing 1 ready task(s) in priority order
[12:42:56] [DISPATCH] Task 1 (Collect CPU) P3 gets CPU
[12:42:56] [TASK] CPU Monitor starting
[12:42:57] [TASK] CPU Monitor completed (exec #22)
[12:42:58] 
=== TICK 24 ===
[12:42:58] [READY] Task 1 (Collect CPU) ready - interval 1s elapsed
[12:42:58] [READY] Task 2 (Collect RAM) ready - interval 1s elapsed
[12:42:58] [READY] Task 3 (Collect DISK) ready - interval 1s elapsed
[12:42:58] [READY] Task 4 (Collect Network) ready - interval 1s elapsed
[12:42:58] [READY] Task 5 (Analyzer) ready - interval 1s elapsed
[12:42:58] [DISPATCH] Executing 5 ready task(s) in priority order
[12:42:58] [DISPATCH] Task 1 (Collect CPU) P3 gets CPU
[12:42:58] [TASK] CPU Monitor starting
[12:42:58] [TASK] CPU Monitor completed (exec #23)
[12:42:58] [DISPATCH] Task 2 (Collect RAM) P3 gets CPU
[12:42:58] [TASK] RAM Monitor starting
[12:42:59] [TASK] RAM Monitor completed (exec #17)
[12:42:59] [DISPATCH] Task 5 (Analyzer) P3 gets CPU
[12:42:59] [TASK] Analyzer starting
[12:42:59] [ERROR] Analyzer failed with code 256 (may need 'make all' first)
[12:42:59] [DISPATCH] Task 3 (Collect DISK) P2 gets CPU
[12:42:59] [TASK] Disk Monitor starting
[12:42:59] [TASK] Disk Monitor completed (exec #16)
[12:42:59] [DISPATCH] Task 4 (Collect Network) P0 gets CPU
[12:42:59] [TASK] Network Fetch starting
[12:42:59] [TASK] Network Fetch completed (exec #16)
[12:42:59] 
=== TICK 25 ===
[12:42:59] [READY] Task 1 (Collect CPU) ready - interval 1s elapsed
[12:42:59] [READY] Task 2 (Collect RAM) ready - interval 1s elapsed
[12:42:59] [DISPATCH] Executing 2 ready task(s) in priority order
[12:42:59] [DISPATCH] Task 1 (Collect CPU) P3 gets CPU
[12:42:59] [TASK] CPU Monitor starting
[12:42:59] [TASK] CPU Monitor completed (exec #24)
[12:42:59] [DISPATCH] Task 2 (Collect RAM) P3 gets CPU
[12:42:59] [TASK] RAM Monitor starting
[12:43:00] [TASK] RAM Monitor completed (exec #18)
[12:43:00] 
=== TICK 26 ===
[12:43:00] [READY] Task 1 (Collect CPU) ready - interval 1s elapsed
[12:43:00] [READY] Task 2 (Collect RAM) ready - interval 1s elapsed
[12:43:00] [READY] Task 3 (Collect DISK) ready - interval 1s elapsed
[12:43:00] [READY] Task 4 (Collect Network) ready - interval 1s elapsed
[12:43:00] [READY] Task 5 (Analyzer) ready - interval 1s elapsed
[12:43:00] [DISPATCH] Executing 5 ready task(s) in priority order
[12:43:00] [DISPATCH] Task 1 (Collect CPU) P3 gets CPU
[12:43:00] [TASK] CPU Monitor starting
[12:43:00] [TASK] CPU Monitor completed (exec #25)
[12:43:00] [DISPATCH] Task 2 (Collect RAM) P3 gets CPU
[12:43:00] [TASK] RAM Monitor starting
[12:43:01] [TASK] RAM Monitor completed (exec #19)
[12:43:01] [DISPATCH] Task 5 (Analyzer) P3 gets CPU
[12:43:01] [TASK] Analyzer starting
[12:43:01] [ERROR] Analyzer failed with code 256 (may need 'make all' first)
[12:43:01] [DISPATCH] Task 3 (Collect DISK) P2 gets CPU
[12:43:01] [TASK] Disk Monitor starting
[12:43:01] [TASK] Disk Monitor completed (exec #17)
[12:43:01] [DISPATCH] Task 4 (Collect Network) P0 gets CPU
[12:43:01] [TASK] Network Fetch starting
[12:43:01] [TASK] Network Fetch completed (exec #17)
[12:43:01] 
=== TICK 27 ===
[12:43:01] [READY] Task 1 (Collect CPU) ready - interval 1s elapsed
[12:43:01] [READY] Task 2 (Collect RAM) ready - interval 1s elapsed
[12:43:01] [READY] Task 6 (Report Generator) ready - interval 9s elapsed
[12:43:01] [DISPATCH] Executing 3 ready task(s) in priority order
[12:43:01] [DISPATCH] Task 1 (Collect CPU) P3 gets CPU
[12:43:01] [TASK] CPU Monitor starting
[12:43:01] [TASK] CPU Monitor completed (exec #26)
[12:43:01] [DISPATCH] Task 2 (Collect RAM) P3 gets CPU
[12:43:01] [TASK] RAM Monitor starting
[12:43:02] [TASK] RAM Monitor completed (exec #20)
[12:43:02] [DISPATCH] Task 6 (Report Generator) P3 gets CPU
[12:43:02] [TASK] Report Generator starting
[12:43:02] [TASK] Report Generator completed (exec #3)
[12:43:02] 
=== TICK 28 ===
[12:43:02] [READY] Task 1 (Collect CPU) ready - interval 1s elapsed
[12:43:02] [READY] Task 2 (Collect RAM) ready - interval 1s elapsed
[12:43:02] [READY] Task 3 (Collect DISK) ready - interval 1s elapsed
[12:43:02] [READY] Task 4 (Collect Network) ready - interval 1s elapsed
[12:43:02] [READY] Task 5 (Analyzer) ready - interval 1s elapsed
[12:43:02] [DISPATCH] Executing 5 ready task(s) in priority order
[12:43:02] [DISPATCH] Task 1 (Collect CPU) P3 gets CPU
[12:43:02] [TASK] CPU Monitor starting
[12:43:03] [TASK] CPU Monitor completed (exec #27)
[12:43:03] [DISPATCH] Task 2 (Collect RAM) P3 gets CPU
[12:43:03] [TASK] RAM Monitor starting
[12:43:03] [TASK] RAM Monitor completed (exec #21)
[12:43:03] [DISPATCH] Task 5 (Analyzer) P3 gets CPU
[12:43:03] [TASK] Analyzer starting
[12:43:03] [ERROR] Analyzer failed with code 256 (may need 'make all' first)
[12:43:03] [DISPATCH] Task 3 (Collect DISK) P2 gets CPU
[12:43:03] [TASK] Disk Monitor starting
[12:43:03] [TASK] Disk Monitor completed (exec #18)
[12:43:03] [DISPATCH] Task 4 (Collect Network) P0 gets CPU
[12:43:03] [TASK] Network Fetch starting
[12:43:03] [TASK] Network Fetch completed (exec #18)
[12:43:03] 
=== TICK 29 ===
[12:43:03] [READY] Task 1 (Collect CPU) ready - interval 1s elapsed
[12:43:03] [DISPATCH] Executing 1 ready task(s) in priority order
[12:43:03] [DISPATCH] Task 1 (Collect CPU) P3 gets CPU
[12:43:03] [TASK] CPU Monitor starting
[12:43:04] [TASK] CPU Monitor completed (exec #28)
[12:43:04] 
=== TICK 30 ===
[12:43:04] [READY] Task 1 (Collect CPU) ready - interval 1s elapsed
[12:43:04] [READY] Task 2 (Collect RAM) ready - interval 1s elapsed
[12:43:04] [READY] Task 3 (Collect DISK) ready - interval 1s elapsed
[12:43:04] [READY] Task 4 (Collect Network) ready - interval 1s elapsed
[12:43:04] [READY] Task 5 (Analyzer) ready - interval 1s elapsed
[12:43:04] [DISPATCH] Executing 5 ready task(s) in priority order
[12:43:04] [DISPATCH] Task 1 (Collect CPU) P3 gets CPU
[12:43:04] [TASK] CPU Monitor starting
[12:43:05] [TASK] CPU Monitor completed (exec #29)
[12:43:05] [DISPATCH] Task 2 (Collect RAM) P3 gets CPU
[12:43:05] [TASK] RAM Monitor starting
[12:43:05] [TASK] RAM Monitor completed (exec #22)
[12:43:05] [DISPATCH] Task 5 (Analyzer) P3 gets CPU
[12:43:05] [TASK] Analyzer starting
[12:43:05] [ERROR] Analyzer failed with code 256 (may need 'make all' first)
[12:43:05] [DISPATCH] Task 3 (Collect DISK) P2 gets CPU
[12:43:05] [TASK] Disk Monitor starting
[12:43:05] [TASK] Disk Monitor completed (exec #19)
[12:43:05] [DISPATCH] Task 4 (Collect Network) P0 gets CPU
[12:43:05] [TASK] Network Fetch starting
[12:43:05] [TASK] Network Fetch completed (exec #19)
[12:43:05] 
=== TICK 31 ===
[12:43:05] [READY] Task 1 (Collect CPU) ready - interval 1s elapsed
[12:43:05] [DISPATCH] Executing 1 ready task(s) in priority order
[12:43:05] [DISPATCH] Task 1 (Collect CPU) P3 gets CPU
[12:43:05] [TASK] CPU Monitor starting
[12:43:06] [TASK] CPU Monitor completed (exec #30)
[12:43:06] 
=== TICK 32 ===
[12:43:06] [READY] Task 1 (Collect CPU) ready - interval 1s elapsed
[12:43:06] [READY] Task 2 (Collect RAM) ready - interval 1s elapsed
[12:43:06] [READY] Task 3 (Collect DISK) ready - interval 1s elapsed
[12:43:06] [READY] Task 4 (Collect Network) ready - interval 1s elapsed
[12:43:06] [READY] Task 5 (Analyzer) ready - interval 1s elapsed
[12:43:06] [DISPATCH] Executing 5 ready task(s) in priority order
[12:43:06] [DISPATCH] Task 1 (Collect CPU) P3 gets CPU
[12:43:06] [TASK] CPU Monitor starting
[12:43:07] [TASK] CPU Monitor completed (exec #31)
[12:43:07] [DISPATCH] Task 2 (Collect RAM) P3 gets CPU
[12:43:07] [TASK] RAM Monitor starting
[12:43:07] [TASK] RAM Monitor completed (exec #23)
[12:43:07] [DISPATCH] Task 5 (Analyzer) P3 gets CPU
[12:43:07] [TASK] Analyzer starting
[12:43:07] [ERROR] Analyzer failed with code 256 (may need 'make all' first)
[12:43:07] [DISPATCH] Task 3 (Collect DISK) P2 gets CPU
[12:43:07] [TASK] Disk Monitor starting
[12:43:07] [TASK] Disk Monitor completed (exec #20)
[12:43:07] [DISPATCH] Task 4 (Collect Network) P0 gets CPU
[12:43:07] [TASK] Network Fetch starting
[12:43:07] [TASK] Network Fetch completed (exec #20)
[12:43:07] 
=== TICK 33 ===
[12:43:07] [READY] Task 1 (Collect CPU) ready - interval 1s elapsed
[12:43:07] [DISPATCH] Executing 1 ready task(s) in priority order
[12:43:07] [DISPATCH] Task 1 (Collect CPU) P3 gets CPU
[12:43:07] [TASK] CPU Monitor starting
[12:43:08] [TASK] CPU Monitor completed (exec #32)
[12:43:08] 
=== TICK 34 ===
[12:43:08] [READY] Task 1 (Collect CPU) ready - interval 1s elapsed
[12:43:08] [READY] Task 2 (Collect RAM) ready - interval 1s elapsed
[12:43:08] [READY] Task 3 (Collect DISK) ready - interval 1s elapsed
[12:43:08] [READY] Task 4 (Collect Network) ready - interval 1s elapsed
[12:43:08] [READY] Task 5 (Analyzer) ready - interval 1s elapsed
[12:43:08] [DISPATCH] Executing 5 ready task(s) in priority order
[12:43:08] [DISPATCH] Task 1 (Collect CPU) P3 gets CPU
[12:43:08] [TASK] CPU Monitor starting
[12:43:09] [TASK] CPU Monitor completed (exec #33)
[12:43:09] [DISPATCH] Task 2 (Collect RAM) P3 gets CPU
[12:43:09] [TASK] RAM Monitor starting
[12:43:09] [TASK] RAM Monitor completed (exec #24)
[12:43:09] [DISPATCH] Task 5 (Analyzer) P3 gets CPU
[12:43:09] [TASK] Analyzer starting
[12:43:09] [ERROR] Analyzer failed with code 256 (may need 'make all' first)
[12:43:09] [DISPATCH] Task 3 (Collect DISK) P2 gets CPU
[12:43:09] [TASK] Disk Monitor starting
[12:43:09] [TASK] Disk Monitor completed (exec #21)
[12:43:09] [DISPATCH] Task 4 (Collect Network) P0 gets CPU
[12:43:09] [TASK] Network Fetch starting
[12:43:09] [TASK] Network Fetch completed (exec #21)
[12:43:09] 
=== TICK 35 ===
[12:43:09] [READY] Task 1 (Collect CPU) ready - interval 1s elapsed
[12:43:09] [DISPATCH] Executing 1 ready task(s) in priority order
[12:43:09] [DISPATCH] Task 1 (Collect CPU) P3 gets CPU
[12:43:09] [TASK] CPU Monitor starting
[12:43:10] [TASK] CPU Monitor completed (exec #34)
[12:43:10] 
=== TICK 36 ===
[12:43:10] [READY] Task 1 (Collect CPU) ready - interval 1s elapsed
[12:43:10] [READY] Task 2 (Collect RAM) ready - interval 1s elapsed
[12:43:10] [READY] Task 3 (Collect DISK) ready - interval 1s elapsed
[12:43:10] [READY] Task 4 (Collect Network) ready - interval 1s elapsed
[12:43:10] [READY] Task 5 (Analyzer) ready - interval 1s elapsed
[12:43:10] [DISPATCH] Executing 5 ready task(s) in priority order
[12:43:10] [DISPATCH] Task 1 (Collect CPU) P3 gets CPU
[12:43:10] [TASK] CPU Monitor starting
[12:43:11] [TASK] CPU Monitor completed (exec #35)
[12:43:11] [DISPATCH] Task 2 (Collect RAM) P3 gets CPU
[12:43:11] [TASK] RAM Monitor starting
[12:43:11] [TASK] RAM Monitor completed (exec #25)
[12:43:11] [DISPATCH] Task 5 (Analyzer) P3 gets CPU
[12:43:11] [TASK] Analyzer starting
[12:43:11] [ERROR] Analyzer failed with code 256 (may need 'make all' first)
[12:43:11] [DISPATCH] Task 3 (Collect DISK) P2 gets CPU
[12:43:11] [TASK] Disk Monitor starting
[12:43:11] [TASK] Disk Monitor completed (exec #22)
[12:43:11] [DISPATCH] Task 4 (Collect Network) P0 gets CPU
[12:43:11] [TASK] Network Fetch starting
[12:43:11] [TASK] Network Fetch completed (exec #22)
[12:43:11] 
=== TICK 37 ===
[12:43:11] [READY] Task 1 (Collect CPU) ready - interval 1s elapsed
[12:43:11] [READY] Task 6 (Report Generator) ready - interval 9s elapsed
[12:43:11] [DISPATCH] Executing 2 ready task(s) in priority order
[12:43:11] [DISPATCH] Task 1 (Collect CPU) P3 gets CPU
[12:43:11] [TASK] CPU Monitor starting
[12:43:12] [TASK] CPU Monitor completed (exec #36)
[12:43:12] [DISPATCH] Task 6 (Report Generator) P3 gets CPU
[12:43:12] [TASK] Report Generator starting
[12:43:13] [TASK] Report Generator completed (exec #4)
[12:43:13] 
=== TICK 38 ===
[12:43:13] [READY] Task 1 (Collect CPU) ready - interval 1s elapsed
[12:43:13] [READY] Task 2 (Collect RAM) ready - interval 1s elapsed
[12:43:13] [READY] Task 3 (Collect DISK) ready - interval 1s elapsed
[12:43:13] [READY] Task 4 (Collect Network) ready - interval 1s elapsed
[12:43:13] [READY] Task 5 (Analyzer) ready - interval 1s elapsed
[12:43:13] [DISPATCH] Executing 5 ready task(s) in priority order
[12:43:13] [DISPATCH] Task 1 (Collect CPU) P3 gets CPU
[12:43:13] [TASK] CPU Monitor starting
[12:43:14] [TASK] CPU Monitor completed (exec #37)
[12:43:14] [DISPATCH] Task 2 (Collect RAM) P3 gets CPU
[12:43:14] [TASK] RAM Monitor starting
[12:43:14] [TASK] RAM Monitor completed (exec #26)
[12:43:14] [DISPATCH] Task 5 (Analyzer) P3 gets CPU
[12:43:14] [TASK] Analyzer starting
[12:43:14] [ERROR] Analyzer failed with code 256 (may need 'make all' first)
[12:43:14] [DISPATCH] Task 3 (Collect DISK) P2 gets CPU
[12:43:14] [TASK] Disk Monitor starting
[12:43:14] [TASK] Disk Monitor completed (exec #23)
[12:43:14] [DISPATCH] Task 4 (Collect Network) P0 gets CPU
[12:43:14] [TASK] Network Fetch starting
[12:43:14] [TASK] Network Fetch completed (exec #23)
[12:43:14] 
=== TICK 39 ===
[12:43:14] [READY] Task 1 (Collect CPU) ready - interval 1s elapsed
[12:43:14] [DISPATCH] Executing 1 ready task(s) in priority order
[12:43:14] [DISPATCH] Task 1 (Collect CPU) P3 gets CPU
[12:43:14] [TASK] CPU Monitor starting
[12:43:15] [TASK] CPU Monitor completed (exec #38)
[12:43:15] 
=== TICK 40 ===
[12:43:15] [READY] Task 1 (Collect CPU) ready - interval 1s elapsed
[12:43:15] [READY] Task 2 (Collect RAM) ready - interval 1s elapsed
[12:43:15] [READY] Task 3 (Collect DISK) ready - interval 1s elapsed
[12:43:15] [READY] Task 4 (Collect Network) ready - interval 1s elapsed
[12:43:15] [READY] Task 5 (Analyzer) ready - interval 1s elapsed
[12:43:15] [DISPATCH] Executing 5 ready task(s) in priority order
[12:43:15] [DISPATCH] Task 1 (Collect CPU) P3 gets CPU
[12:43:15] [TASK] CPU Monitor starting
[12:43:16] [TASK] CPU Monitor completed (exec #39)
[12:43:16] [DISPATCH] Task 2 (Collect RAM) P3 gets CPU
[12:43:16] [TASK] RAM Monitor starting
[12:43:16] [TASK] RAM Monitor completed (exec #27)
[12:43:16] [DISPATCH] Task 5 (Analyzer) P3 gets CPU
[12:43:16] [TASK] Analyzer starting
[12:43:16] [ERROR] Analyzer failed with code 256 (may need 'make all' first)
[12:43:16] [DISPATCH] Task 3 (Collect DISK) P2 gets CPU
[12:43:16] [TASK] Disk Monitor starting
[12:43:16] [TASK] Disk Monitor completed (exec #24)
[12:43:16] [DISPATCH] Task 4 (Collect Network) P0 gets CPU
[12:43:16] [TASK] Network Fetch starting
[12:43:16] [TASK] Network Fetch completed (exec #24)
[12:43:16] 
=== TICK 41 ===
[12:43:16] [READY] Task 1 (Collect CPU) ready - interval 1s elapsed
[12:43:16] [DISPATCH] Executing 1 ready task(s) in priority order
[12:43:16] [DISPATCH] Task 1 (Collect CPU) P3 gets CPU
[12:43:16] [TASK] CPU Monitor starting
[12:43:17] [TASK] CPU Monitor completed (exec #40)
[12:43:17] 
=== TICK 42 ===
[12:43:17] [READY] Task 1 (Collect CPU) ready - interval 1s elapsed
[12:43:17] [READY] Task 2 (Collect RAM) ready - interval 1s elapsed
[12:43:17] [READY] Task 3 (Collect DISK) ready - interval 1s elapsed
[12:43:17] [READY] Task 4 (Collect Network) ready - interval 1s elapsed
[12:43:17] [READY] Task 5 (Analyzer) ready - interval 1s elapsed
[12:43:17] [DISPATCH] Executing 5 ready task(s) in priority order
[12:43:17] [DISPATCH] Task 1 (Collect CPU) P3 gets CPU
[12:43:17] [TASK] CPU Monitor starting
[12:43:18] [TASK] CPU Monitor completed (exec #41)
[12:43:18] [DISPATCH] Task 2 (Collect RAM) P3 gets CPU
[12:43:18] [TASK] RAM Monitor starting
[12:43:18] [TASK] RAM Monitor completed (exec #28)
[12:43:18] [DISPATCH] Task 5 (Analyzer) P3 gets CPU
[12:43:18] [TASK] Analyzer starting
[12:43:18] [ERROR] Analyzer failed with code 256 (may need 'make all' first)
[12:43:18] [DISPATCH] Task 3 (Collect DISK) P2 gets CPU
[12:43:18] [TASK] Disk Monitor starting
[12:43:18] [TASK] Disk Monitor completed (exec #25)
[12:43:18] [DISPATCH] Task 4 (Collect Network) P0 gets CPU
[12:43:18] [TASK] Network Fetch starting
[12:43:18] [TASK] Network Fetch completed (exec #25)
[12:43:18] 
=== TICK 43 ===
[12:43:18] [READY] Task 1 (Collect CPU) ready - interval 1s elapsed
[12:43:18] [DISPATCH] Executing 1 ready task(s) in priority order
[12:43:18] [DISPATCH] Task 1 (Collect CPU) P3 gets CPU
[12:43:18] [TASK] CPU Monitor starting
[12:43:19] [TASK] CPU Monitor completed (exec #42)
[12:43:19] 
=== TICK 44 ===
[12:43:19] [READY] Task 1 (Collect CPU) ready - interval 1s elapsed
[12:43:19] [READY] Task 2 (Collect RAM) ready - interval 1s elapsed
[12:43:19] [READY] Task 3 (Collect DISK) ready - interval 1s elapsed
[12:43:19] [READY] Task 4 (Collect Network) ready - interval 1s elapsed
[12:43:19] [READY] Task 5 (Analyzer) ready - interval 1s elapsed
[12:43:19] [DISPATCH] Executing 5 ready task(s) in priority order
[12:43:19] [DISPATCH] Task 1 (Collect CPU) P3 gets CPU
[12:43:19] [TASK] CPU Monitor starting
[12:43:20] [TASK] CPU Monitor completed (exec #43)
[12:43:20] [DISPATCH] Task 2 (Collect RAM) P3 gets CPU
[12:43:20] [TASK] RAM Monitor starting
[12:43:20] [TASK] RAM Monitor completed (exec #29)
[12:43:20] [DISPATCH] Task 5 (Analyzer) P3 gets CPU
[12:43:20] [TASK] Analyzer starting
[12:43:20] [ERROR] Analyzer failed with code 256 (may need 'make all' first)
[12:43:20] [DISPATCH] Task 3 (Collect DISK) P2 gets CPU
[12:43:20] [TASK] Disk Monitor starting
[12:43:20] [TASK] Disk Monitor completed (exec #26)
[12:43:20] [DISPATCH] Task 4 (Collect Network) P0 gets CPU
[12:43:20] [TASK] Network Fetch starting
[12:43:20] [TASK] Network Fetch completed (exec #26)
[12:43:20] 
=== TICK 45 ===
[12:43:20] [READY] Task 1 (Collect CPU) ready - interval 1s elapsed
[12:43:20] [DISPATCH] Executing 1 ready task(s) in priority order
[12:43:20] [DISPATCH] Task 1 (Collect CPU) P3 gets CPU
[12:43:20] [TASK] CPU Monitor starting
[12:43:21] [TASK] CPU Monitor completed (exec #44)
[12:43:21] 
=== TICK 46 ===
[12:43:21] [READY] Task 1 (Collect CPU) ready - interval 1s elapsed
[12:43:21] [READY] Task 2 (Collect RAM) ready - interval 1s elapsed
[12:43:21] [READY] Task 3 (Collect DISK) ready - interval 1s elapsed
[12:43:21] [READY] Task 4 (Collect Network) ready - interval 1s elapsed
[12:43:21] [READY] Task 5 (Analyzer) ready - interval 1s elapsed
[12:43:21] [READY] Task 6 (Report Generator) ready - interval 9s elapsed
[12:43:21] [DISPATCH] Executing 6 ready task(s) in priority order
[12:43:21] [DISPATCH] Task 1 (Collect CPU) P3 gets CPU
[12:43:21] [TASK] CPU Monitor starting
[12:43:22] [TASK] CPU Monitor completed (exec #45)
[12:43:22] [DISPATCH] Task 2 (Collect RAM) P3 gets CPU
[12:43:22] [TASK] RAM Monitor starting
[12:43:22] [TASK] RAM Monitor completed (exec #30)
[12:43:22] [DISPATCH] Task 5 (Analyzer) P3 gets CPU
[12:43:22] [TASK] Analyzer starting
[12:43:22] [ERROR] Analyzer failed with code 256 (may need 'make all' first)
[12:43:22] [DISPATCH] Task 6 (Report Generator) P3 gets CPU
[12:43:22] [TASK] Report Generator starting
[12:43:22] [TASK] Report Generator completed (exec #5)
[12:43:22] [DISPATCH] Task 3 (Collect DISK) P2 gets CPU
[12:43:22] [TASK] Disk Monitor starting
[12:43:23] [TASK] Disk Monitor completed (exec #27)
[12:43:23] [DISPATCH] Task 4 (Collect Network) P0 gets CPU
[12:43:23] [TASK] Network Fetch starting
[12:43:23] [TASK] Network Fetch completed (exec #27)
[12:43:23] 
=== TICK 47 ===
[12:43:23] [READY] Task 1 (Collect CPU) ready - interval 1s elapsed
[12:43:23] [READY] Task 2 (Collect RAM) ready - interval 1s elapsed
[12:43:23] [READY] Task 3 (Collect DISK) ready - interval 1s elapsed
[12:43:23] [READY] Task 5 (Analyzer) ready - interval 1s elapsed
[12:43:23] [DISPATCH] Executing 4 ready task(s) in priority order
[12:43:23] [DISPATCH] Task 1 (Collect CPU) P3 gets CPU
[12:43:23] [TASK] CPU Monitor starting
[12:43:23] [TASK] CPU Monitor completed (exec #46)
[12:43:23] [DISPATCH] Task 2 (Collect RAM) P3 gets CPU
[12:43:23] [TASK] RAM Monitor starting
[12:43:23] [TASK] RAM Monitor completed (exec #31)
[12:43:23] [DISPATCH] Task 5 (Analyzer) P3 gets CPU
[12:43:23] [TASK] Analyzer starting
[12:43:23] [ERROR] Analyzer failed with code 256 (may need 'make all' first)
[12:43:23] [DISPATCH] Task 3 (Collect DISK) P2 gets CPU
[12:43:23] [TASK] Disk Monitor starting
[12:43:23] [TASK] Disk Monitor completed (exec #28)
[12:43:24] 
=== TICK 48 ===
[12:43:24] [READY] Task 1 (Collect CPU) ready - interval 1s elapsed
[12:43:24] [READY] Task 2 (Collect RAM) ready - interval 1s elapsed
[12:43:24] [READY] Task 3 (Collect DISK) ready - interval 1s elapsed
[12:43:24] [READY] Task 4 (Collect Network) ready - interval 1s elapsed
[12:43:24] [READY] Task 5 (Analyzer) ready - interval 1s elapsed
[12:43:24] [DISPATCH] Executing 5 ready task(s) in priority order
[12:43:24] [DISPATCH] Task 1 (Collect CPU) P3 gets CPU
[12:43:24] [TASK] CPU Monitor starting
[12:43:24] [TASK] CPU Monitor completed (exec #47)
[12:43:24] [DISPATCH] Task 2 (Collect RAM) P3 gets CPU
[12:43:24] [TASK] RAM Monitor starting
[12:43:24] [TASK] RAM Monitor completed (exec #32)
[12:43:24] [DISPATCH] Task 5 (Analyzer) P3 gets CPU
[12:43:24] [TASK] Analyzer starting
[12:43:24] [ERROR] Analyzer failed with code 256 (may need 'make all' first)
[12:43:24] [DISPATCH] Task 3 (Collect DISK) P2 gets CPU
[12:43:24] [TASK] Disk Monitor starting
[12:43:24] [TASK] Disk Monitor completed (exec #29)
[12:43:24] [DISPATCH] Task 4 (Collect Network) P0 gets CPU
[12:43:24] [TASK] Network Fetch starting
[12:43:24] [TASK] Network Fetch completed (exec #28)
[12:43:25] 
=== TICK 49 ===
[12:43:25] [READY] Task 1 (Collect CPU) ready - interval 1s elapsed
[12:43:25] [READY] Task 2 (Collect RAM) ready - interval 1s elapsed
[12:43:25] [READY] Task 3 (Collect DISK) ready - interval 1s elapsed
[12:43:25] [READY] Task 4 (Collect Network) ready - interval 1s elapsed
[12:43:25] [READY] Task 5 (Analyzer) ready - interval 1s elapsed
[12:43:25] [DISPATCH] Executing 5 ready task(s) in priority order
[12:43:25] [DISPATCH] Task 1 (Collect CPU) P3 gets CPU
[12:43:25] [TASK] CPU Monitor starting
[12:43:25] [TASK] CPU Monitor completed (exec #48)
[12:43:25] [DISPATCH] Task 2 (Collect RAM) P3 gets CPU
[12:43:25] [TASK] RAM Monitor starting
[12:43:25] [TASK] RAM Monitor completed (exec #33)
[12:43:25] [DISPATCH] Task 5 (Analyzer) P3 gets CPU
[12:43:25] [TASK] Analyzer starting
[12:43:25] [ERROR] Analyzer failed with code 256 (may need 'make all' first)
[12:43:25] [DISPATCH] Task 3 (Collect DISK) P2 gets CPU
[12:43:25] [TASK] Disk Monitor starting
[12:43:25] [TASK] Disk Monitor completed (exec #30)
[12:43:25] [DISPATCH] Task 4 (Collect Network) P0 gets CPU
[12:43:25] [TASK] Network Fetch starting
[12:43:25] [TASK] Network Fetch completed (exec #29)
[12:43:26] 
=== TICK 50 ===
[12:43:26] [READY] Task 1 (Collect CPU) ready - interval 1s elapsed
[12:43:26] [READY] Task 2 (Collect RAM) ready - interval 1s elapsed
[12:43:26] [READY] Task 3 (Collect DISK) ready - interval 1s elapsed
[12:43:26] [READY] Task 4 (Collect Network) ready - interval 1s elapsed
[12:43:26] [READY] Task 5 (Analyzer) ready - interval 1s elapsed
[12:43:26] [DISPATCH] Executing 5 ready task(s) in priority order
[12:43:26] [DISPATCH] Task 1 (Collect CPU) P3 gets CPU
[12:43:26] [TASK] CPU Monitor starting
[12:43:26] [TASK] CPU Monitor completed (exec #49)
[12:43:26] [DISPATCH] Task 2 (Collect RAM) P3 gets CPU
[12:43:26] [TASK] RAM Monitor starting
[12:43:26] [TASK] RAM Monitor completed (exec #34)
[12:43:26] [DISPATCH] Task 5 (Analyzer) P3 gets CPU
[12:43:26] [TASK] Analyzer starting
[12:43:26] [ERROR] Analyzer failed with code 256 (may need 'make all' first)
[12:43:26] [DISPATCH] Task 3 (Collect DISK) P2 gets CPU
[12:43:26] [TASK] Disk Monitor starting
[12:43:26] [TASK] Disk Monitor completed (exec #31)
[12:43:26] [DISPATCH] Task 4 (Collect Network) P0 gets CPU
[12:43:26] [TASK] Network Fetch starting
[12:43:26] [TASK] Network Fetch completed (exec #30)
[12:43:27] 
=== TICK 51 ===
[12:43:27] [READY] Task 1 (Collect CPU) ready - interval 1s elapsed
[12:43:27] [READY] Task 2 (Collect RAM) ready - interval 1s elapsed
[12:43:27] [READY] Task 3 (Collect DISK) ready - interval 1s elapsed
[12:43:27] [READY] Task 4 (Collect Network) ready - interval 1s elapsed
[12:43:27] [READY] Task 5 (Analyzer) ready - interval 1s elapsed
[12:43:27] [DISPATCH] Executing 5 ready task(s) in priority order
[12:43:27] [DISPATCH] Task 1 (Collect CPU) P3 gets CPU
[12:43:27] [TASK] CPU Monitor starting
[12:43:27] [TASK] CPU Monitor completed (exec #50)
[12:43:27] [DISPATCH] Task 2 (Collect RAM) P3 gets CPU
[12:43:27] [TASK] RAM Monitor starting
[12:43:27] [TASK] RAM Monitor completed (exec #35)
[12:43:27] [DISPATCH] Task 5 (Analyzer) P3 gets CPU
[12:43:27] [TASK] Analyzer starting
[12:43:27] [ERROR] Analyzer failed with code 256 (may need 'make all' first)
[12:43:27] [DISPATCH] Task 3 (Collect DISK) P2 gets CPU
[12:43:27] [TASK] Disk Monitor starting
[12:43:27] [TASK] Disk Monitor completed (exec #32)
[12:43:27] [DISPATCH] Task 4 (Collect Network) P0 gets CPU
[12:43:27] [TASK] Network Fetch starting
[12:43:27] [TASK] Network Fetch completed (exec #31)
[12:43:28] 
=== TICK 52 ===
[12:43:28] [READY] Task 1 (Collect CPU) ready - interval 1s elapsed
[12:43:28] [READY] Task 2 (Collect RAM) ready - interval 1s elapsed
[12:43:28] [READY] Task 3 (Collect DISK) ready - interval 1s elapsed
[12:43:28] [READY] Task 4 (Collect Network) ready - interval 1s elapsed
[12:43:28] [READY] Task 5 (Analyzer) ready - interval 1s elapsed
[12:43:28] [DISPATCH] Executing 5 ready task(s) in priority order
[12:43:28] [DISPATCH] Task 1 (Collect CPU) P3 gets CPU
[12:43:28] [TASK] CPU Monitor starting
[12:43:28] [TASK] CPU Monitor completed (exec #51)
[12:43:28] [DISPATCH] Task 2 (Collect RAM) P3 gets CPU
[12:43:28] [TASK] RAM Monitor starting
[12:43:28] [TASK] RAM Monitor completed (exec #36)
[12:43:28] [DISPATCH] Task 5 (Analyzer) P3 gets CPU
[12:43:28] [TASK] Analyzer starting
[12:43:28] [ERROR] Analyzer failed with code 256 (may need 'make all' first)
[12:43:28] [DISPATCH] Task 3 (Collect DISK) P2 gets CPU
[12:43:28] [TASK] Disk Monitor starting
[12:43:28] [TASK] Disk Monitor completed (exec #33)
[12:43:28] [DISPATCH] Task 4 (Collect Network) P0 gets CPU
[12:43:28] [TASK] Network Fetch starting
[12:43:28] [TASK] Network Fetch completed (exec #32)
[12:43:29] 
=== TICK 53 ===
[12:43:29] [READY] Task 1 (Collect CPU) ready - interval 1s elapsed
[12:43:29] [READY] Task 2 (Collect RAM) ready - interval 1s elapsed
[12:43:29] [READY] Task 3 (Collect DISK) ready - interval 1s elapsed
[12:43:29] [READY] Task 4 (Collect Network) ready - interval 1s elapsed
[12:43:29] [READY] Task 5 (Analyzer) ready - interval 1s elapsed
[12:43:29] [DISPATCH] Executing 5 ready task(s) in priority order
[12:43:29] [DISPATCH] Task 1 (Collect CPU) P3 gets CPU
[12:43:29] [TASK] CPU Monitor starting
[12:43:29] [TASK] CPU Monitor completed (exec #52)
[12:43:29] [DISPATCH] Task 2 (Collect RAM) P3 gets CPU
[12:43:29] [TASK] RAM Monitor starting
[12:43:29] [TASK] RAM Monitor completed (exec #37)
[12:43:29] [DISPATCH] Task 5 (Analyzer) P3 gets CPU
[12:43:29] [TASK] Analyzer starting
[12:43:29] [ERROR] Analyzer failed with code 256 (may need 'make all' first)
[12:43:29] [DISPATCH] Task 3 (Collect DISK) P2 gets CPU
[12:43:29] [TASK] Disk Monitor starting
[12:43:29] [TASK] Disk Monitor completed (exec #34)
[12:43:29] [DISPATCH] Task 4 (Collect Network) P0 gets CPU
[12:43:29] [TASK] Network Fetch starting
[12:43:29] [TASK] Network Fetch completed (exec #33)
[12:43:30] 
=== TICK 54 ===
[12:43:30] [READY] Task 1 (Collect CPU) ready - interval 1s elapsed
[12:43:30] [READY] Task 2 (Collect RAM) ready - interval 1s elapsed
[12:43:30] [READY] Task 3 (Collect DISK) ready - interval 1s elapsed
[12:43:30] [READY] Task 4 (Collect Network) ready - interval 1s elapsed
[12:43:30] [READY] Task 5 (Analyzer) ready - interval 1s elapsed
[12:43:30] [DISPATCH] Executing 5 ready task(s) in priority order
[12:43:30] [DISPATCH] Task 1 (Collect CPU) P3 gets CPU
[12:43:30] [TASK] CPU Monitor starting
[12:43:31] [TASK] CPU Monitor completed (exec #53)
[12:43:31] [DISPATCH] Task 2 (Collect RAM) P3 gets CPU
[12:43:31] [TASK] RAM Monitor starting
[12:43:31] [TASK] RAM Monitor completed (exec #38)
[12:43:31] [DISPATCH] Task 5 (Analyzer) P3 gets CPU
[12:43:31] [TASK] Analyzer starting
[12:43:31] [ERROR] Analyzer failed with code 256 (may need 'make all' first)
[12:43:31] [DISPATCH] Task 3 (Collect DISK) P2 gets CPU
[12:43:31] [TASK] Disk Monitor starting
[12:43:31] [TASK] Disk Monitor completed (exec #35)
[12:43:31] [DISPATCH] Task 4 (Collect Network) P0 gets CPU
[12:43:31] [TASK] Network Fetch starting
[12:43:31] [TASK] Network Fetch completed (exec #34)
[12:43:31] 
=== TICK 55 ===
[12:43:31] [READY] Task 1 (Collect CPU) ready - interval 1s elapsed
[12:43:31] [READY] Task 6 (Report Generator) ready - interval 9s elapsed
[12:43:31] [DISPATCH] Executing 2 ready task(s) in priority order
[12:43:31] [DISPATCH] Task 1 (Collect CPU) P3 gets CPU
[12:43:31] [TASK] CPU Monitor starting
[12:43:32] [TASK] CPU Monitor completed (exec #54)
[12:43:32] [DISPATCH] Task 6 (Report Generator) P3 gets CPU
[12:43:32] [TASK] Report Generator starting
[12:43:33] [TASK] Report Generator completed (exec #6)
[12:43:33] 
=== TICK 56 ===
[12:43:33] [READY] Task 1 (Collect CPU) ready - interval 1s elapsed
[12:43:33] [READY] Task 2 (Collect RAM) ready - interval 1s elapsed
[12:43:33] [READY] Task 3 (Collect DISK) ready - interval 1s elapsed
[12:43:33] [READY] Task 4 (Collect Network) ready - interval 1s elapsed
[12:43:33] [READY] Task 5 (Analyzer) ready - interval 1s elapsed
[12:43:33] [DISPATCH] Executing 5 ready task(s) in priority order
[12:43:33] [DISPATCH] Task 1 (Collect CPU) P3 gets CPU
[12:43:33] [TASK] CPU Monitor starting
[12:43:34] [TASK] CPU Monitor completed (exec #55)
[12:43:34] [DISPATCH] Task 2 (Collect RAM) P3 gets CPU
[12:43:34] [TASK] RAM Monitor starting
[12:43:34] [TASK] RAM Monitor completed (exec #39)
[12:43:34] [DISPATCH] Task 5 (Analyzer) P3 gets CPU
[12:43:34] [TASK] Analyzer starting
[12:43:34] [ERROR] Analyzer failed with code 256 (may need 'make all' first)
[12:43:34] [DISPATCH] Task 3 (Collect DISK) P2 gets CPU
[12:43:34] [TASK] Disk Monitor starting
[12:43:34] [TASK] Disk Monitor completed (exec #36)
[12:43:34] [DISPATCH] Task 4 (Collect Network) P0 gets CPU
[12:43:34] [TASK] Network Fetch starting
[12:43:34] [TASK] Network Fetch completed (exec #35)
[12:43:34] 
=== TICK 57 ===
[12:43:34] [READY] Task 1 (Collect CPU) ready - interval 1s elapsed
[12:43:34] [DISPATCH] Executing 1 ready task(s) in priority order
[12:43:34] [DISPATCH] Task 1 (Collect CPU) P3 gets CPU
[12:43:34] [TASK] CPU Monitor starting
[12:43:35] [TASK] CPU Monitor completed (exec #56)
[12:43:35] 
=== TICK 58 ===
[12:43:35] [READY] Task 1 (Collect CPU) ready - interval 1s elapsed
[12:43:35] [READY] Task 2 (Collect RAM) ready - interval 1s elapsed
[12:43:35] [READY] Task 3 (Collect DISK) ready - interval 1s elapsed
[12:43:35] [READY] Task 4 (Collect Network) ready - interval 1s elapsed
[12:43:35] [READY] Task 5 (Analyzer) ready - interval 1s elapsed
[12:43:35] [DISPATCH] Executing 5 ready task(s) in priority order
[12:43:35] [DISPATCH] Task 1 (Collect CPU) P3 gets CPU
[12:43:35] [TASK] CPU Monitor starting
[12:43:36] [TASK] CPU Monitor completed (exec #57)
[12:43:36] [DISPATCH] Task 2 (Collect RAM) P3 gets CPU
[12:43:36] [TASK] RAM Monitor starting
[12:43:36] [TASK] RAM Monitor completed (exec #40)
[12:43:36] [DISPATCH] Task 5 (Analyzer) P3 gets CPU
[12:43:36] [TASK] Analyzer starting
[12:43:36] [ERROR] Analyzer failed with code 256 (may need 'make all' first)
[12:43:36] [DISPATCH] Task 3 (Collect DISK) P2 gets CPU
[12:43:36] [TASK] Disk Monitor starting
[12:43:36] [TASK] Disk Monitor completed (exec #37)
[12:43:36] [DISPATCH] Task 4 (Collect Network) P0 gets CPU
[12:43:36] [TASK] Network Fetch starting
[12:43:36] [TASK] Network Fetch completed (exec #36)
[12:43:36] 
=== TICK 59 ===
[12:43:36] [READY] Task 1 (Collect CPU) ready - interval 1s elapsed
[12:43:36] [DISPATCH] Executing 1 ready task(s) in priority order
[12:43:36] [DISPATCH] Task 1 (Collect CPU) P3 gets CPU
[12:43:36] [TASK] CPU Monitor starting
[12:43:37] [TASK] CPU Monitor completed (exec #58)
[12:43:37] 
=== TICK 60 ===
[12:43:37] [READY] Task 1 (Collect CPU) ready - interval 1s elapsed
[12:43:37] [READY] Task 2 (Collect RAM) ready - interval 1s elapsed
[12:43:37] [READY] Task 3 (Collect DISK) ready - interval 1s elapsed
[12:43:37] [READY] Task 4 (Collect Network) ready - interval 1s elapsed
[12:43:37] [READY] Task 5 (Analyzer) ready - interval 1s elapsed
[12:43:37] [DISPATCH] Executing 5 ready task(s) in priority order
[12:43:37] [DISPATCH] Task 1 (Collect CPU) P3 gets CPU
[12:43:37] [TASK] CPU Monitor starting
[12:43:38] [TASK] CPU Monitor completed (exec #59)
[12:43:38] [DISPATCH] Task 2 (Collect RAM) P3 gets CPU
[12:43:38] [TASK] RAM Monitor starting
[12:43:38] [TASK] RAM Monitor completed (exec #41)
[12:43:38] [DISPATCH] Task 5 (Analyzer) P3 gets CPU
[12:43:38] [TASK] Analyzer starting
[12:43:38] [ERROR] Analyzer failed with code 256 (may need 'make all' first)
[12:43:38] [DISPATCH] Task 3 (Collect DISK) P2 gets CPU
[12:43:38] [TASK] Disk Monitor starting
[12:43:38] [TASK] Disk Monitor completed (exec #38)
[12:43:38] [DISPATCH] Task 4 (Collect Network) P0 gets CPU
[12:43:38] [TASK] Network Fetch starting
[12:43:38] [TASK] Network Fetch completed (exec #37)
[12:43:38] 
=== TICK 61 ===
[12:43:38] [READY] Task 1 (Collect CPU) ready - interval 1s elapsed
[12:43:38] [DISPATCH] Executing 1 ready task(s) in priority order
[12:43:38] [DISPATCH] Task 1 (Collect CPU) P3 gets CPU
[12:43:38] [TASK] CPU Monitor starting
[12:43:39] [TASK] CPU Monitor completed (exec #60)
[12:43:39] 
=== TICK 62 ===
[12:43:39] [READY] Task 1 (Collect CPU) ready - interval 1s elapsed
[12:43:39] [READY] Task 2 (Collect RAM) ready - interval 1s elapsed
[12:43:39] [READY] Task 3 (Collect DISK) ready - interval 1s elapsed
[12:43:39] [READY] Task 4 (Collect Network) ready - interval 1s elapsed
[12:43:39] [READY] Task 5 (Analyzer) ready - interval 1s elapsed
[12:43:39] [DISPATCH] Executing 5 ready task(s) in priority order
[12:43:39] [DISPATCH] Task 1 (Collect CPU) P3 gets CPU
[12:43:39] [TASK] CPU Monitor starting
[12:43:40] [TASK] CPU Monitor completed (exec #61)
[12:43:40] [DISPATCH] Task 2 (Collect RAM) P3 gets CPU
[12:43:40] [TASK] RAM Monitor starting
[12:43:40] [TASK] RAM Monitor completed (exec #42)
[12:43:40] [DISPATCH] Task 5 (Analyzer) P3 gets CPU
[12:43:40] [TASK] Analyzer starting
[12:43:40] [ERROR] Analyzer failed with code 256 (may need 'make all' first)
[12:43:40] [DISPATCH] Task 3 (Collect DISK) P2 gets CPU
[12:43:40] [TASK] Disk Monitor starting
[12:43:40] [TASK] Disk Monitor completed (exec #39)
[12:43:40] [DISPATCH] Task 4 (Collect Network) P0 gets CPU
[12:43:40] [TASK] Network Fetch starting
[12:43:40] [TASK] Network Fetch completed (exec #38)
[12:43:40] 
=== TICK 63 ===
[12:43:40] [READY] Task 1 (Collect CPU) ready - interval 1s elapsed
[12:43:40] [DISPATCH] Executing 1 ready task(s) in priority order
[12:43:40] [DISPATCH] Task 1 (Collect CPU) P3 gets CPU
[12:43:40] [TASK] CPU Monitor starting
[12:43:41] [TASK] CPU Monitor completed (exec #62)
[12:43:41] 
=== TICK 64 ===
[12:43:41] [READY] Task 1 (Collect CPU) ready - interval 1s elapsed
[12:43:41] [READY] Task 2 (Collect RAM) ready - interval 1s elapsed
[12:43:41] [READY] Task 3 (Collect DISK) ready - interval 1s elapsed
[12:43:41] [READY] Task 4 (Collect Network) ready - interval 1s elapsed
[12:43:41] [READY] Task 5 (Analyzer) ready - interval 1s elapsed
[12:43:41] [READY] Task 6 (Report Generator) ready - interval 9s elapsed
[12:43:41] [DISPATCH] Executing 6 ready task(s) in priority order
[12:43:41] [DISPATCH] Task 1 (Collect CPU) P3 gets CPU
[12:43:41] [TASK] CPU Monitor starting
[12:43:42] [TASK] CPU Monitor completed (exec #63)
[12:43:42] [DISPATCH] Task 2 (Collect RAM) P3 gets CPU
[12:43:42] [TASK] RAM Monitor starting
[12:43:42] [TASK] RAM Monitor completed (exec #43)
[12:43:42] [DISPATCH] Task 5 (Analyzer) P3 gets CPU
[12:43:42] [TASK] Analyzer starting
[12:43:42] [ERROR] Analyzer failed with code 256 (may need 'make all' first)
[12:43:42] [DISPATCH] Task 6 (Report Generator) P3 gets CPU
[12:43:42] [TASK] Report Generator starting
[12:43:43] [TASK] Report Generator completed (exec #7)
[12:43:43] [DISPATCH] Task 3 (Collect DISK) P2 gets CPU
[12:43:43] [TASK] Disk Monitor starting
[12:43:43] [TASK] Disk Monitor completed (exec #40)
[12:43:43] [DISPATCH] Task 4 (Collect Network) P0 gets CPU
[12:43:43] [TASK] Network Fetch starting
[12:43:43] [TASK] Network Fetch completed (exec #39)
[12:43:43] 
=== TICK 65 ===
[12:43:43] [READY] Task 1 (Collect CPU) ready - interval 1s elapsed
[12:43:43] [READY] Task 2 (Collect RAM) ready - interval 1s elapsed
[12:43:43] [READY] Task 5 (Analyzer) ready - interval 1s elapsed
[12:43:43] [DISPATCH] Executing 3 ready task(s) in priority order
[12:43:43] [DISPATCH] Task 1 (Collect CPU) P3 gets CPU
[12:43:43] [TASK] CPU Monitor starting
[12:43:44] [TASK] CPU Monitor completed (exec #64)
[12:43:44] [DISPATCH] Task 2 (Collect RAM) P3 gets CPU
[12:43:44] [TASK] RAM Monitor starting
[12:43:44] [TASK] RAM Monitor completed (exec #44)
[12:43:44] [DISPATCH] Task 5 (Analyzer) P3 gets CPU
[12:43:44] [TASK] Analyzer starting
[12:43:44] [ERROR] Analyzer failed with code 256 (may need 'make all' first)
[12:43:44] 
=== TICK 66 ===
[12:43:44] [READY] Task 1 (Collect CPU) ready - interval 1s elapsed
[12:43:44] [READY] Task 3 (Collect DISK) ready - interval 1s elapsed
[12:43:44] [READY] Task 4 (Collect Network) ready - interval 1s elapsed
[12:43:44] [DISPATCH] Executing 3 ready task(s) in priority order
[12:43:44] [DISPATCH] Task 1 (Collect CPU) P3 gets CPU
[12:43:44] [TASK] CPU Monitor starting
[12:43:45] [TASK] CPU Monitor completed (exec #65)
[12:43:45] [DISPATCH] Task 3 (Collect DISK) P2 gets CPU
[12:43:45] [TASK] Disk Monitor starting
[12:43:45] [TASK] Disk Monitor completed (exec #41)
[12:43:45] [DISPATCH] Task 4 (Collect Network) P0 gets CPU
[12:43:45] [TASK] Network Fetch starting
[12:43:45] [TASK] Network Fetch completed (exec #40)
[12:43:45] 
=== TICK 67 ===
[12:43:45] [READY] Task 1 (Collect CPU) ready - interval 1s elapsed
[12:43:45] [READY] Task 2 (Collect RAM) ready - interval 1s elapsed
[12:43:45] [READY] Task 5 (Analyzer) ready - interval 1s elapsed
[12:43:45] [DISPATCH] Executing 3 ready task(s) in priority order
[12:43:45] [DISPATCH] Task 1 (Collect CPU) P3 gets CPU
[12:43:45] [TASK] CPU Monitor starting
[12:43:46] [TASK] CPU Monitor completed (exec #66)
[12:43:46] [DISPATCH] Task 2 (Collect RAM) P3 gets CPU
[12:43:46] [TASK] RAM Monitor starting
[12:43:46] [TASK] RAM Monitor completed (exec #45)
[12:43:46] [DISPATCH] Task 5 (Analyzer) P3 gets CPU
[12:43:46] [TASK] Analyzer starting
[12:43:46] [ERROR] Analyzer failed with code 256 (may need 'make all' first)
[12:43:46] 
=== TICK 68 ===
[12:43:46] [READY] Task 1 (Collect CPU) ready - interval 1s elapsed
[12:43:46] [READY] Task 3 (Collect DISK) ready - interval 1s elapsed
[12:43:46] [READY] Task 4 (Collect Network) ready - interval 1s elapsed
[12:43:46] [DISPATCH] Executing 3 ready task(s) in priority order
[12:43:46] [DISPATCH] Task 1 (Collect CPU) P3 gets CPU
[12:43:46] [TASK] CPU Monitor starting
[12:43:47] [TASK] CPU Monitor completed (exec #67)
[12:43:47] [DISPATCH] Task 3 (Collect DISK) P2 gets CPU
[12:43:47] [TASK] Disk Monitor starting
[12:43:47] [TASK] Disk Monitor completed (exec #42)
[12:43:47] [DISPATCH] Task 4 (Collect Network) P0 gets CPU
[12:43:47] [TASK] Network Fetch starting
[12:43:47] [TASK] Network Fetch completed (exec #41)
[12:43:47] 
=== TICK 69 ===
[12:43:47] [READY] Task 1 (Collect CPU) ready - interval 1s elapsed
[12:43:47] [READY] Task 2 (Collect RAM) ready - interval 1s elapsed
[12:43:47] [READY] Task 5 (Analyzer) ready - interval 1s elapsed
[12:43:47] [DISPATCH] Executing 3 ready task(s) in priority order
[12:43:47] [DISPATCH] Task 1 (Collect CPU) P3 gets CPU
[12:43:47] [TASK] CPU Monitor starting
[12:43:48] [TASK] CPU Monitor completed (exec #68)
[12:43:48] [DISPATCH] Task 2 (Collect RAM) P3 gets CPU
[12:43:48] [TASK] RAM Monitor starting
[12:43:48] [TASK] RAM Monitor completed (exec #46)
[12:43:48] [DISPATCH] Task 5 (Analyzer) P3 gets CPU
[12:43:48] [TASK] Analyzer starting
[12:43:48] [ERROR] Analyzer failed with code 256 (may need 'make all' first)
[12:43:48] 
=== TICK 70 ===
[12:43:48] [READY] Task 1 (Collect CPU) ready - interval 1s elapsed
[12:43:48] [READY] Task 3 (Collect DISK) ready - interval 1s elapsed
[12:43:48] [READY] Task 4 (Collect Network) ready - interval 1s elapsed
[12:43:48] [DISPATCH] Executing 3 ready task(s) in priority order
[12:43:48] [DISPATCH] Task 1 (Collect CPU) P3 gets CPU
[12:43:48] [TASK] CPU Monitor starting
[12:43:49] [TASK] CPU Monitor completed (exec #69)
[12:43:49] [DISPATCH] Task 3 (Collect DISK) P2 gets CPU
[12:43:49] [TASK] Disk Monitor starting
[12:43:49] [TASK] Disk Monitor completed (exec #43)
[12:43:49] [DISPATCH] Task 4 (Collect Network) P0 gets CPU
[12:43:49] [TASK] Network Fetch starting
[12:43:49] [TASK] Network Fetch completed (exec #42)
[12:43:49] 
=== TICK 71 ===
[12:43:49] [READY] Task 1 (Collect CPU) ready - interval 1s elapsed
[12:43:49] [READY] Task 2 (Collect RAM) ready - interval 1s elapsed
[12:43:49] [READY] Task 5 (Analyzer) ready - interval 1s elapsed
[12:43:49] [DISPATCH] Executing 3 ready task(s) in priority order
[12:43:49] [DISPATCH] Task 1 (Collect CPU) P3 gets CPU
[12:43:49] [TASK] CPU Monitor starting
[12:43:50] [TASK] CPU Monitor completed (exec #70)
[12:43:50] [DISPATCH] Task 2 (Collect RAM) P3 gets CPU
[12:43:50] [TASK] RAM Monitor starting
[12:43:50] [TASK] RAM Monitor completed (exec #47)
[12:43:50] [DISPATCH] Task 5 (Analyzer) P3 gets CPU
[12:43:50] [TASK] Analyzer starting
[12:43:50] [ERROR] Analyzer failed with code 256 (may need 'make all' first)
[12:43:50] 
=== TICK 72 ===
[12:43:50] [READY] Task 1 (Collect CPU) ready - interval 1s elapsed
[12:43:50] [READY] Task 3 (Collect DISK) ready - interval 1s elapsed
[12:43:50] [READY] Task 4 (Collect Network) ready - interval 1s elapsed
[12:43:50] [DISPATCH] Executing 3 ready task(s) in priority order
[12:43:50] [DISPATCH] Task 1 (Collect CPU) P3 gets CPU
[12:43:50] [TASK] CPU Monitor starting
[12:43:51] [TASK] CPU Monitor completed (exec #71)
[12:43:51] [DISPATCH] Task 3 (Collect DISK) P2 gets CPU
[12:43:51] [TASK] Disk Monitor starting
[12:43:51] [TASK] Disk Monitor completed (exec #44)
[12:43:51] [DISPATCH] Task 4 (Collect Network) P0 gets CPU
[12:43:51] [TASK] Network Fetch starting
[12:43:51] [TASK] Network Fetch completed (exec #43)
[12:43:51] 
=== TICK 73 ===
[12:43:51] [READY] Task 1 (Collect CPU) ready - interval 1s elapsed
[12:43:51] [READY] Task 2 (Collect RAM) ready - interval 1s elapsed
[12:43:51] [READY] Task 5 (Analyzer) ready - interval 1s elapsed
[12:43:51] [READY] Task 6 (Report Generator) ready - interval 9s elapsed
[12:43:51] [DISPATCH] Executing 4 ready task(s) in priority order
[12:43:51] [DISPATCH] Task 1 (Collect CPU) P3 gets CPU
[12:43:51] [TASK] CPU Monitor starting
[12:43:52] [TASK] CPU Monitor completed (exec #72)
[12:43:52] [DISPATCH] Task 2 (Collect RAM) P3 gets CPU
[12:43:52] [TASK] RAM Monitor starting
[12:43:52] [TASK] RAM Monitor completed (exec #48)
[12:43:52] [DISPATCH] Task 5 (Analyzer) P3 gets CPU
[12:43:52] [TASK] Analyzer starting
[12:43:52] [ERROR] Analyzer failed with code 256 (may need 'make all' first)
[12:43:52] [DISPATCH] Task 6 (Report Generator) P3 gets CPU
[12:43:52] [TASK] Report Generator starting
[12:43:52] [TASK] Report Generator completed (exec #8)
[12:43:52] 
=== TICK 74 ===
[12:43:52] [READY] Task 1 (Collect CPU) ready - interval 1s elapsed
[12:43:52] [READY] Task 3 (Collect DISK) ready - interval 1s elapsed
[12:43:52] [READY] Task 4 (Collect Network) ready - interval 1s elapsed
[12:43:52] [DISPATCH] Executing 3 ready task(s) in priority order
[12:43:52] [DISPATCH] Task 1 (Collect CPU) P3 gets CPU
[12:43:52] [TASK] CPU Monitor starting
[12:43:53] [TASK] CPU Monitor completed (exec #73)
[12:43:53] [DISPATCH] Task 3 (Collect DISK) P2 gets CPU
[12:43:53] [TASK] Disk Monitor starting
[12:43:53] [TASK] Disk Monitor completed (exec #45)
[12:43:53] [DISPATCH] Task 4 (Collect Network) P0 gets CPU
[12:43:53] [TASK] Network Fetch starting
[12:43:53] [TASK] Network Fetch completed (exec #44)
[12:43:53] 
=== TICK 75 ===
[12:43:53] [READY] Task 1 (Collect CPU) ready - interval 1s elapsed
[12:43:53] [READY] Task 2 (Collect RAM) ready - interval 1s elapsed
[12:43:53] [READY] Task 5 (Analyzer) ready - interval 1s elapsed
[12:43:53] [DISPATCH] Executing 3 ready task(s) in priority order
[12:43:53] [DISPATCH] Task 1 (Collect CPU) P3 gets CPU
[12:43:53] [TASK] CPU Monitor starting
[12:43:54] [TASK] CPU Monitor completed (exec #74)
[12:43:54] [DISPATCH] Task 2 (Collect RAM) P3 gets CPU
[12:43:54] [TASK] RAM Monitor starting
[12:43:54] [TASK] RAM Monitor completed (exec #49)
[12:43:54] [DISPATCH] Task 5 (Analyzer) P3 gets CPU
[12:43:54] [TASK] Analyzer starting
[12:43:54] [ERROR] Analyzer failed with code 256 (may need 'make all' first)
[12:43:54] 
=== TICK 76 ===
[12:43:54] [READY] Task 1 (Collect CPU) ready - interval 1s elapsed
[12:43:54] [READY] Task 3 (Collect DISK) ready - interval 1s elapsed
[12:43:54] [READY] Task 4 (Collect Network) ready - interval 1s elapsed
[12:43:54] [DISPATCH] Executing 3 ready task(s) in priority order
[12:43:54] [DISPATCH] Task 1 (Collect CPU) P3 gets CPU
[12:43:54] [TASK] CPU Monitor starting
[12:43:55] [TASK] CPU Monitor completed (exec #75)
[12:43:55] [DISPATCH] Task 3 (Collect DISK) P2 gets CPU
[12:43:55] [TASK] Disk Monitor starting
[12:43:55] [TASK] Disk Monitor completed (exec #46)
[12:43:55] [DISPATCH] Task 4 (Collect Network) P0 gets CPU
[12:43:55] [TASK] Network Fetch starting
[12:43:55] [TASK] Network Fetch completed (exec #45)
[12:43:55] 
=== TICK 77 ===
[12:43:55] [READY] Task 1 (Collect CPU) ready - interval 1s elapsed
[12:43:55] [READY] Task 2 (Collect RAM) ready - interval 1s elapsed
[12:43:55] [READY] Task 5 (Analyzer) ready - interval 1s elapsed
[12:43:55] [DISPATCH] Executing 3 ready task(s) in priority order
[12:43:55] [DISPATCH] Task 1 (Collect CPU) P3 gets CPU
[12:43:55] [TASK] CPU Monitor starting
[12:43:56] [TASK] CPU Monitor completed (exec #76)
[12:43:56] [DISPATCH] Task 2 (Collect RAM) P3 gets CPU
[12:43:56] [TASK] RAM Monitor starting
[12:43:56] [TASK] RAM Monitor completed (exec #50)
[12:43:56] [DISPATCH] Task 5 (Analyzer) P3 gets CPU
[12:43:56] [TASK] Analyzer starting
[12:43:56] [ERROR] Analyzer failed with code 256 (may need 'make all' first)
[12:43:56] 
=== TICK 78 ===
[12:43:56] [READY] Task 1 (Collect CPU) ready - interval 1s elapsed
[12:43:56] [READY] Task 3 (Collect DISK) ready - interval 1s elapsed
[12:43:56] [READY] Task 4 (Collect Network) ready - interval 1s elapsed
[12:43:56] [DISPATCH] Executing 3 ready task(s) in priority order
[12:43:56] [DISPATCH] Task 1 (Collect CPU) P3 gets CPU
[12:43:56] [TASK] CPU Monitor starting
[12:43:57] [TASK] CPU Monitor completed (exec #77)
[12:43:57] [DISPATCH] Task 3 (Collect DISK) P2 gets CPU
[12:43:57] [TASK] Disk Monitor starting
[12:43:57] [TASK] Disk Monitor completed (exec #47)
[12:43:57] [DISPATCH] Task 4 (Collect Network) P0 gets CPU
[12:43:57] [TASK] Network Fetch starting
[12:43:57] [TASK] Network Fetch completed (exec #46)
[12:43:57] 
=== TICK 79 ===
[12:43:57] [READY] Task 1 (Collect CPU) ready - interval 1s elapsed
[12:43:57] [READY] Task 2 (Collect RAM) ready - interval 1s elapsed
[12:43:57] [READY] Task 5 (Analyzer) ready - interval 1s elapsed
[12:43:57] [DISPATCH] Executing 3 ready task(s) in priority order
[12:43:57] [DISPATCH] Task 1 (Collect CPU) P3 gets CPU
[12:43:57] [TASK] CPU Monitor starting
[12:43:58] [TASK] CPU Monitor completed (exec #78)
[12:43:58] [DISPATCH] Task 2 (Collect RAM) P3 gets CPU
[12:43:58] [TASK] RAM Monitor starting
[12:43:58] [TASK] RAM Monitor completed (exec #51)
[12:43:58] [DISPATCH] Task 5 (Analyzer) P3 gets CPU
[12:43:58] [TASK] Analyzer starting
[12:43:58] [ERROR] Analyzer failed with code 256 (may need 'make all' first)
[12:43:58] 
=== TICK 80 ===
[12:43:58] [READY] Task 1 (Collect CPU) ready - interval 1s elapsed
[12:43:58] [READY] Task 3 (Collect DISK) ready - interval 1s elapsed
[12:43:58] [READY] Task 4 (Collect Network) ready - interval 1s elapsed
[12:43:58] [DISPATCH] Executing 3 ready task(s) in priority order
[12:43:58] [DISPATCH] Task 1 (Collect CPU) P3 gets CPU
[12:43:58] [TASK] CPU Monitor starting
[12:43:59] [TASK] CPU Monitor completed (exec #79)
[12:43:59] [DISPATCH] Task 3 (Collect DISK) P2 gets CPU
[12:43:59] [TASK] Disk Monitor starting
[12:43:59] [TASK] Disk Monitor completed (exec #48)
[12:43:59] [DISPATCH] Task 4 (Collect Network) P0 gets CPU
[12:43:59] [TASK] Network Fetch starting
[12:43:59] [TASK] Network Fetch completed (exec #47)
[12:43:59] 
=== TICK 81 ===
[12:43:59] [READY] Task 1 (Collect CPU) ready - interval 1s elapsed
[12:43:59] [READY] Task 2 (Collect RAM) ready - interval 1s elapsed
[12:43:59] [READY] Task 5 (Analyzer) ready - interval 1s elapsed
[12:43:59] [DISPATCH] Executing 3 ready task(s) in priority order
[12:43:59] [DISPATCH] Task 1 (Collect CPU) P3 gets CPU
[12:43:59] [TASK] CPU Monitor starting
[12:44:00] [TASK] CPU Monitor completed (exec #80)
[12:44:00] [DISPATCH] Task 2 (Collect RAM) P3 gets CPU
[12:44:00] [TASK] RAM Monitor starting
[12:44:00] [TASK] RAM Monitor completed (exec #52)
[12:44:00] [DISPATCH] Task 5 (Analyzer) P3 gets CPU
[12:44:00] [TASK] Analyzer starting
[12:44:00] [ERROR] Analyzer failed with code 256 (may need 'make all' first)
[12:44:00] 
=== TICK 82 ===
[12:44:00] [READY] Task 1 (Collect CPU) ready - interval 1s elapsed
[12:44:00] [READY] Task 3 (Collect DISK) ready - interval 1s elapsed
[12:44:00] [READY] Task 4 (Collect Network) ready - interval 1s elapsed
[12:44:00] [DISPATCH] Executing 3 ready task(s) in priority order
[12:44:00] [DISPATCH] Task 1 (Collect CPU) P3 gets CPU
[12:44:00] [TASK] CPU Monitor starting
[12:44:01] [TASK] CPU Monitor completed (exec #81)
[12:44:01] [DISPATCH] Task 3 (Collect DISK) P2 gets CPU
[12:44:01] [TASK] Disk Monitor starting
[12:44:01] [TASK] Disk Monitor completed (exec #49)
[12:44:01] [DISPATCH] Task 4 (Collect Network) P0 gets CPU
[12:44:01] [TASK] Network Fetch starting
[12:44:01] [TASK] Network Fetch completed (exec #48)
[12:44:01] 
=== TICK 83 ===
[12:44:01] [READY] Task 1 (Collect CPU) ready - interval 1s elapsed
[12:44:01] [READY] Task 2 (Collect RAM) ready - interval 1s elapsed
[12:44:01] [READY] Task 5 (Analyzer) ready - interval 1s elapsed
[12:44:01] [READY] Task 6 (Report Generator) ready - interval 9s elapsed
[12:44:01] [DISPATCH] Executing 4 ready task(s) in priority order
[12:44:01] [DISPATCH] Task 1 (Collect CPU) P3 gets CPU
[12:44:01] [TASK] CPU Monitor starting
[12:44:02] [TASK] CPU Monitor completed (exec #82)
[12:44:02] [DISPATCH] Task 2 (Collect RAM) P3 gets CPU
[12:44:02] [TASK] RAM Monitor starting
[12:44:02] [TASK] RAM Monitor completed (exec #53)
[12:44:02] [DISPATCH] Task 5 (Analyzer) P3 gets CPU
[12:44:02] [TASK] Analyzer starting
[12:44:02] [ERROR] Analyzer failed with code 256 (may need 'make all' first)
[12:44:02] [DISPATCH] Task 6 (Report Generator) P3 gets CPU
[12:44:02] [TASK] Report Generator starting
[12:44:04] [TASK] Report Generator completed (exec #9)
[12:44:04] 
=== TICK 84 ===
[12:44:04] [READY] Task 1 (Collect CPU) ready - interval 1s elapsed
[12:44:04] [READY] Task 2 (Collect RAM) ready - interval 1s elapsed
[12:44:04] [READY] Task 3 (Collect DISK) ready - interval 1s elapsed
[12:44:04] [READY] Task 4 (Collect Network) ready - interval 1s elapsed
[12:44:04] [READY] Task 5 (Analyzer) ready - interval 1s elapsed
[12:44:04] [DISPATCH] Executing 5 ready task(s) in priority order
[12:44:04] [DISPATCH] Task 1 (Collect CPU) P3 gets CPU
[12:44:04] [TASK] CPU Monitor starting
[12:44:04] [TASK] CPU Monitor completed (exec #83)
[12:44:04] [DISPATCH] Task 2 (Collect RAM) P3 gets CPU
[12:44:04] [TASK] RAM Monitor starting
[12:44:04] [TASK] RAM Monitor completed (exec #54)
[12:44:04] [DISPATCH] Task 5 (Analyzer) P3 gets CPU
[12:44:04] [TASK] Analyzer starting
[12:44:04] [ERROR] Analyzer failed with code 256 (may need 'make all' first)
[12:44:04] [DISPATCH] Task 3 (Collect DISK) P2 gets CPU
[12:44:04] [TASK] Disk Monitor starting
[12:44:04] [TASK] Disk Monitor completed (exec #50)
[12:44:04] [DISPATCH] Task 4 (Collect Network) P0 gets CPU
[12:44:04] [TASK] Network Fetch starting
[12:44:05] [TASK] Network Fetch completed (exec #49)
[12:44:05] 
=== TICK 85 ===
[12:44:05] [READY] Task 1 (Collect CPU) ready - interval 1s elapsed
[12:44:05] [READY] Task 2 (Collect RAM) ready - interval 1s elapsed
[12:44:05] [READY] Task 3 (Collect DISK) ready - interval 1s elapsed
[12:44:05] [READY] Task 4 (Collect Network) ready - interval 1s elapsed
[12:44:05] [READY] Task 5 (Analyzer) ready - interval 1s elapsed
[12:44:05] [DISPATCH] Executing 5 ready task(s) in priority order
[12:44:05] [DISPATCH] Task 1 (Collect CPU) P3 gets CPU
[12:44:05] [TASK] CPU Monitor starting
[12:44:05] [TASK] CPU Monitor completed (exec #84)
[12:44:05] [DISPATCH] Task 2 (Collect RAM) P3 gets CPU
[12:44:05] [TASK] RAM Monitor starting
[12:44:05] [TASK] RAM Monitor completed (exec #55)
[12:44:05] [DISPATCH] Task 5 (Analyzer) P3 gets CPU
[12:44:05] [TASK] Analyzer starting
[12:44:05] [ERROR] Analyzer failed with code 256 (may need 'make all' first)
[12:44:05] [DISPATCH] Task 3 (Collect DISK) P2 gets CPU
[12:44:05] [TASK] Disk Monitor starting
[12:44:06] [TASK] Disk Monitor completed (exec #51)
[12:44:06] [DISPATCH] Task 4 (Collect Network) P0 gets CPU
[12:44:06] [TASK] Network Fetch starting
[12:44:06] [TASK] Network Fetch completed (exec #50)
[12:44:06] 
=== TICK 86 ===
[12:44:06] [READY] Task 1 (Collect CPU) ready - interval 1s elapsed
[12:44:06] [READY] Task 2 (Collect RAM) ready - interval 1s elapsed
[12:44:06] [READY] Task 3 (Collect DISK) ready - interval 1s elapsed
[12:44:06] [READY] Task 5 (Analyzer) ready - interval 1s elapsed
[12:44:06] [DISPATCH] Executing 4 ready task(s) in priority order
[12:44:06] [DISPATCH] Task 1 (Collect CPU) P3 gets CPU
[12:44:06] [TASK] CPU Monitor starting
[12:44:06] [TASK] CPU Monitor completed (exec #85)
[12:44:06] [DISPATCH] Task 2 (Collect RAM) P3 gets CPU
[12:44:06] [TASK] RAM Monitor starting
[12:44:06] [TASK] RAM Monitor completed (exec #56)
[12:44:06] [DISPATCH] Task 5 (Analyzer) P3 gets CPU
[12:44:06] [TASK] Analyzer starting
[12:44:06] [ERROR] Analyzer failed with code 256 (may need 'make all' first)
[12:44:06] [DISPATCH] Task 3 (Collect DISK) P2 gets CPU
[12:44:06] [TASK] Disk Monitor starting
[12:44:06] [TASK] Disk Monitor completed (exec #52)
[12:44:07] 
=== TICK 87 ===
[12:44:07] [READY] Task 1 (Collect CPU) ready - interval 1s elapsed
[12:44:07] [READY] Task 2 (Collect RAM) ready - interval 1s elapsed
[12:44:07] [READY] Task 3 (Collect DISK) ready - interval 1s elapsed
[12:44:07] [READY] Task 4 (Collect Network) ready - interval 1s elapsed
[12:44:07] [READY] Task 5 (Analyzer) ready - interval 1s elapsed
[12:44:07] [DISPATCH] Executing 5 ready task(s) in priority order
[12:44:07] [DISPATCH] Task 1 (Collect CPU) P3 gets CPU
[12:44:07] [TASK] CPU Monitor starting
[12:44:07] [TASK] CPU Monitor completed (exec #86)
[12:44:07] [DISPATCH] Task 2 (Collect RAM) P3 gets CPU
[12:44:07] [TASK] RAM Monitor starting
[12:44:07] [TASK] RAM Monitor completed (exec #57)
[12:44:07] [DISPATCH] Task 5 (Analyzer) P3 gets CPU
[12:44:07] [TASK] Analyzer starting
[12:44:07] [ERROR] Analyzer failed with code 256 (may need 'make all' first)
[12:44:07] [DISPATCH] Task 3 (Collect DISK) P2 gets CPU
[12:44:07] [TASK] Disk Monitor starting
[12:44:07] [TASK] Disk Monitor completed (exec #53)
[12:44:07] [DISPATCH] Task 4 (Collect Network) P0 gets CPU
[12:44:07] [TASK] Network Fetch starting
[12:44:08] [TASK] Network Fetch completed (exec #51)
[12:44:08] 
=== TICK 88 ===
[12:44:08] [READY] Task 1 (Collect CPU) ready - interval 1s elapsed
[12:44:08] [READY] Task 2 (Collect RAM) ready - interval 1s elapsed
[12:44:08] [READY] Task 3 (Collect DISK) ready - interval 1s elapsed
[12:44:08] [READY] Task 4 (Collect Network) ready - interval 1s elapsed
[12:44:08] [READY] Task 5 (Analyzer) ready - interval 1s elapsed
[12:44:08] [DISPATCH] Executing 5 ready task(s) in priority order
[12:44:08] [DISPATCH] Task 1 (Collect CPU) P3 gets CPU
[12:44:08] [TASK] CPU Monitor starting
[12:44:08] [TASK] CPU Monitor completed (exec #87)
[12:44:08] [DISPATCH] Task 2 (Collect RAM) P3 gets CPU
[12:44:08] [TASK] RAM Monitor starting
[12:44:08] [TASK] RAM Monitor completed (exec #58)
[12:44:08] [DISPATCH] Task 5 (Analyzer) P3 gets CPU
[12:44:08] [TASK] Analyzer starting
[12:44:08] [ERROR] Analyzer failed with code 256 (may need 'make all' first)
[12:44:08] [DISPATCH] Task 3 (Collect DISK) P2 gets CPU
[12:44:08] [TASK] Disk Monitor starting
[12:44:08] [TASK] Disk Monitor completed (exec #54)
[12:44:08] [DISPATCH] Task 4 (Collect Network) P0 gets CPU
[12:44:08] [TASK] Network Fetch starting
[12:44:09] [TASK] Network Fetch completed (exec #52)
[12:44:09] 
=== TICK 89 ===
[12:44:09] [READY] Task 1 (Collect CPU) ready - interval 1s elapsed
[12:44:09] [READY] Task 2 (Collect RAM) ready - interval 1s elapsed
[12:44:09] [READY] Task 3 (Collect DISK) ready - interval 1s elapsed
[12:44:09] [READY] Task 4 (Collect Network) ready - interval 1s elapsed
[12:44:09] [READY] Task 5 (Analyzer) ready - interval 1s elapsed
[12:44:09] [DISPATCH] Executing 5 ready task(s) in priority order
[12:44:09] [DISPATCH] Task 1 (Collect CPU) P3 gets CPU
[12:44:09] [TASK] CPU Monitor starting
[12:44:09] [TASK] CPU Monitor completed (exec #88)
[12:44:09] [DISPATCH] Task 2 (Collect RAM) P3 gets CPU
[12:44:09] [TASK] RAM Monitor starting
[12:44:09] [TASK] RAM Monitor completed (exec #59)
[12:44:09] [DISPATCH] Task 5 (Analyzer) P3 gets CPU
[12:44:09] [TASK] Analyzer starting
[12:44:09] [ERROR] Analyzer failed with code 256 (may need 'make all' first)
[12:44:09] [DISPATCH] Task 3 (Collect DISK) P2 gets CPU
[12:44:09] [TASK] Disk Monitor starting
[12:44:09] [TASK] Disk Monitor completed (exec #55)
[12:44:09] [DISPATCH] Task 4 (Collect Network) P0 gets CPU
[12:44:09] [TASK] Network Fetch starting
[12:44:10] [TASK] Network Fetch completed (exec #53)
[12:44:10] 
=== TICK 90 ===
[12:44:10] [READY] Task 1 (Collect CPU) ready - interval 1s elapsed
[12:44:10] [READY] Task 2 (Collect RAM) ready - interval 1s elapsed
[12:44:10] [READY] Task 3 (Collect DISK) ready - interval 1s elapsed
[12:44:10] [READY] Task 4 (Collect Network) ready - interval 1s elapsed
[12:44:10] [READY] Task 5 (Analyzer) ready - interval 1s elapsed
[12:44:10] [DISPATCH] Executing 5 ready task(s) in priority order
[12:44:10] [DISPATCH] Task 1 (Collect CPU) P3 gets CPU
[12:44:10] [TASK] CPU Monitor starting
[12:44:10] [TASK] CPU Monitor completed (exec #89)
[12:44:10] [DISPATCH] Task 2 (Collect RAM) P3 gets CPU
[12:44:10] [TASK] RAM Monitor starting
[12:44:10] [TASK] RAM Monitor completed (exec #60)
[12:44:10] [DISPATCH] Task 5 (Analyzer) P3 gets CPU
[12:44:10] [TASK] Analyzer starting
[12:44:10] [ERROR] Analyzer failed with code 256 (may need 'make all' first)
[12:44:10] [DISPATCH] Task 3 (Collect DISK) P2 gets CPU
[12:44:10] [TASK] Disk Monitor starting
[12:44:10] [TASK] Disk Monitor completed (exec #56)
[12:44:10] [DISPATCH] Task 4 (Collect Network) P0 gets CPU
[12:44:10] [TASK] Network Fetch starting
[12:44:11] [TASK] Network Fetch completed (exec #54)
[12:44:11] 
=== TICK 91 ===
[12:44:11] [READY] Task 1 (Collect CPU) ready - interval 1s elapsed
[12:44:11] [READY] Task 2 (Collect RAM) ready - interval 1s elapsed
[12:44:11] [READY] Task 3 (Collect DISK) ready - interval 1s elapsed
[12:44:11] [READY] Task 4 (Collect Network) ready - interval 1s elapsed
[12:44:11] [READY] Task 5 (Analyzer) ready - interval 1s elapsed
[12:44:11] [READY] Task 6 (Report Generator) ready - interval 9s elapsed
[12:44:11] [DISPATCH] Executing 6 ready task(s) in priority order
[12:44:11] [DISPATCH] Task 1 (Collect CPU) P3 gets CPU
[12:44:11] [TASK] CPU Monitor starting
[12:44:11] [TASK] CPU Monitor completed (exec #90)
[12:44:11] [DISPATCH] Task 2 (Collect RAM) P3 gets CPU
[12:44:11] [TASK] RAM Monitor starting
[12:44:11] [TASK] RAM Monitor completed (exec #61)
[12:44:11] [DISPATCH] Task 5 (Analyzer) P3 gets CPU
[12:44:11] [TASK] Analyzer starting
[12:44:11] [ERROR] Analyzer failed with code 256 (may need 'make all' first)
[12:44:11] [DISPATCH] Task 6 (Report Generator) P3 gets CPU
[12:44:11] [TASK] Report Generator starting
[12:44:12] [TASK] Report Generator completed (exec #10)
[12:44:12] [DISPATCH] Task 3 (Collect DISK) P2 gets CPU
[12:44:12] [TASK] Disk Monitor starting
[12:44:12] [TASK] Disk Monitor completed (exec #57)
[12:44:12] [DISPATCH] Task 4 (Collect Network) P0 gets CPU
[12:44:12] [TASK] Network Fetch starting
[12:44:12] [TASK] Network Fetch completed (exec #55)
[12:44:12] 
=== TICK 92 ===
[12:44:12] [READY] Task 1 (Collect CPU) ready - interval 1s elapsed
[12:44:12] [READY] Task 2 (Collect RAM) ready - interval 1s elapsed
[12:44:12] [READY] Task 5 (Analyzer) ready - interval 1s elapsed
[12:44:12] [DISPATCH] Executing 3 ready task(s) in priority order
[12:44:12] [DISPATCH] Task 1 (Collect CPU) P3 gets CPU
[12:44:12] [TASK] CPU Monitor starting
[12:44:13] [TASK] CPU Monitor completed (exec #91)
[12:44:13] [DISPATCH] Task 2 (Collect RAM) P3 gets CPU
[12:44:13] [TASK] RAM Monitor starting
[12:44:13] [TASK] RAM Monitor completed (exec #62)
[12:44:13] [DISPATCH] Task 5 (Analyzer) P3 gets CPU
[12:44:13] [TASK] Analyzer starting
[12:44:13] [ERROR] Analyzer failed with code 256 (may need 'make all' first)
[12:44:13] 
=== TICK 93 ===
[12:44:13] [READY] Task 1 (Collect CPU) ready - interval 1s elapsed
[12:44:13] [READY] Task 3 (Collect DISK) ready - interval 1s elapsed
[12:44:13] [READY] Task 4 (Collect Network) ready - interval 1s elapsed
[12:44:13] [DISPATCH] Executing 3 ready task(s) in priority order
[12:44:13] [DISPATCH] Task 1 (Collect CPU) P3 gets CPU
[12:44:13] [TASK] CPU Monitor starting
[12:44:14] [TASK] CPU Monitor completed (exec #92)
[12:44:14] [DISPATCH] Task 3 (Collect DISK) P2 gets CPU
[12:44:14] [TASK] Disk Monitor starting
[12:44:14] [TASK] Disk Monitor completed (exec #58)
[12:44:14] [DISPATCH] Task 4 (Collect Network) P0 gets CPU
[12:44:14] [TASK] Network Fetch starting
[12:44:14] [TASK] Network Fetch completed (exec #56)
[12:44:14] 
=== TICK 94 ===
[12:44:14] [READY] Task 1 (Collect CPU) ready - interval 1s elapsed
[12:44:14] [READY] Task 2 (Collect RAM) ready - interval 1s elapsed
[12:44:14] [READY] Task 5 (Analyzer) ready - interval 1s elapsed
[12:44:14] [DISPATCH] Executing 3 ready task(s) in priority order
[12:44:14] [DISPATCH] Task 1 (Collect CPU) P3 gets CPU
[12:44:14] [TASK] CPU Monitor starting
[12:44:15] [TASK] CPU Monitor completed (exec #93)
[12:44:15] [DISPATCH] Task 2 (Collect RAM) P3 gets CPU
[12:44:15] [TASK] RAM Monitor starting
[12:44:15] [TASK] RAM Monitor completed (exec #63)
[12:44:15] [DISPATCH] Task 5 (Analyzer) P3 gets CPU
[12:44:15] [TASK] Analyzer starting
[12:44:15] [ERROR] Analyzer failed with code 256 (may need 'make all' first)
[12:44:15] 
=== TICK 95 ===
[12:44:15] [READY] Task 1 (Collect CPU) ready - interval 1s elapsed
[12:44:15] [READY] Task 3 (Collect DISK) ready - interval 1s elapsed
[12:44:15] [READY] Task 4 (Collect Network) ready - interval 1s elapsed
[12:44:15] [DISPATCH] Executing 3 ready task(s) in priority order
[12:44:15] [DISPATCH] Task 1 (Collect CPU) P3 gets CPU
[12:44:15] [TASK] CPU Monitor starting
[12:44:16] [TASK] CPU Monitor completed (exec #94)
[12:44:16] [DISPATCH] Task 3 (Collect DISK) P2 gets CPU
[12:44:16] [TASK] Disk Monitor starting
[12:44:16] [TASK] Disk Monitor completed (exec #59)
[12:44:16] [DISPATCH] Task 4 (Collect Network) P0 gets CPU
[12:44:16] [TASK] Network Fetch starting
[12:44:16] [TASK] Network Fetch completed (exec #57)
[12:44:16] 
=== TICK 96 ===
[12:44:16] [READY] Task 1 (Collect CPU) ready - interval 1s elapsed
[12:44:16] [READY] Task 2 (Collect RAM) ready - interval 1s elapsed
[12:44:16] [READY] Task 5 (Analyzer) ready - interval 1s elapsed
[12:44:16] [DISPATCH] Executing 3 ready task(s) in priority order
[12:44:16] [DISPATCH] Task 1 (Collect CPU) P3 gets CPU
[12:44:16] [TASK] CPU Monitor starting
[12:44:17] [TASK] CPU Monitor completed (exec #95)
[12:44:17] [DISPATCH] Task 2 (Collect RAM) P3 gets CPU
[12:44:17] [TASK] RAM Monitor starting
[12:44:17] [TASK] RAM Monitor completed (exec #64)
[12:44:17] [DISPATCH] Task 5 (Analyzer) P3 gets CPU
[12:44:17] [TASK] Analyzer starting
[12:44:17] [ERROR] Analyzer failed with code 256 (may need 'make all' first)
[12:44:17] 
=== TICK 97 ===
[12:44:17] [READY] Task 1 (Collect CPU) ready - interval 1s elapsed
[12:44:17] [READY] Task 3 (Collect DISK) ready - interval 1s elapsed
[12:44:17] [READY] Task 4 (Collect Network) ready - interval 1s elapsed
[12:44:17] [DISPATCH] Executing 3 ready task(s) in priority order
[12:44:17] [DISPATCH] Task 1 (Collect CPU) P3 gets CPU
[12:44:17] [TASK] CPU Monitor starting
[12:44:18] [TASK] CPU Monitor completed (exec #96)
[12:44:18] [DISPATCH] Task 3 (Collect DISK) P2 gets CPU
[12:44:18] [TASK] Disk Monitor starting
[12:44:18] [TASK] Disk Monitor completed (exec #60)
[12:44:18] [DISPATCH] Task 4 (Collect Network) P0 gets CPU
[12:44:18] [TASK] Network Fetch starting
[12:44:18] [TASK] Network Fetch completed (exec #58)
[12:44:18] 
=== TICK 98 ===
[12:44:18] [READY] Task 1 (Collect CPU) ready - interval 1s elapsed
[12:44:18] [READY] Task 2 (Collect RAM) ready - interval 1s elapsed
[12:44:18] [READY] Task 5 (Analyzer) ready - interval 1s elapsed
[12:44:18] [DISPATCH] Executing 3 ready task(s) in priority order
[12:44:18] [DISPATCH] Task 1 (Collect CPU) P3 gets CPU
[12:44:18] [TASK] CPU Monitor starting
[12:44:19] [TASK] CPU Monitor completed (exec #97)
[12:44:19] [DISPATCH] Task 2 (Collect RAM) P3 gets CPU
[12:44:19] [TASK] RAM Monitor starting
[12:44:19] [TASK] RAM Monitor completed (exec #65)
[12:44:19] [DISPATCH] Task 5 (Analyzer) P3 gets CPU
[12:44:19] [TASK] Analyzer starting
[12:44:19] [ERROR] Analyzer failed with code 256 (may need 'make all' first)
[12:44:19] 
=== TICK 99 ===
[12:44:19] [READY] Task 1 (Collect CPU) ready - interval 1s elapsed
[12:44:19] [READY] Task 3 (Collect DISK) ready - interval 1s elapsed
[12:44:19] [READY] Task 4 (Collect Network) ready - interval 1s elapsed
[12:44:19] [DISPATCH] Executing 3 ready task(s) in priority order
[12:44:19] [DISPATCH] Task 1 (Collect CPU) P3 gets CPU
[12:44:19] [TASK] CPU Monitor starting
[12:44:20] [TASK] CPU Monitor completed (exec #98)
[12:44:20] [DISPATCH] Task 3 (Collect DISK) P2 gets CPU
[12:44:20] [TASK] Disk Monitor starting
[12:44:20] [TASK] Disk Monitor completed (exec #61)
[12:44:20] [DISPATCH] Task 4 (Collect Network) P0 gets CPU
[12:44:20] [TASK] Network Fetch starting
[12:44:20] [TASK] Network Fetch completed (exec #59)
[12:44:20] 
=== TICK 100 ===
[12:44:20] [READY] Task 1 (Collect CPU) ready - interval 1s elapsed
[12:44:20] [READY] Task 2 (Collect RAM) ready - interval 1s elapsed
[12:44:20] [READY] Task 5 (Analyzer) ready - interval 1s elapsed
[12:44:20] [READY] Task 6 (Report Generator) ready - interval 9s elapsed
[12:44:20] [DISPATCH] Executing 4 ready task(s) in priority order
[12:44:20] [DISPATCH] Task 1 (Collect CPU) P3 gets CPU
[12:44:20] [TASK] CPU Monitor starting
[12:44:21] [TASK] CPU Monitor completed (exec #99)
[12:44:21] [DISPATCH] Task 2 (Collect RAM) P3 gets CPU
[12:44:21] [TASK] RAM Monitor starting
[12:44:21] [TASK] RAM Monitor completed (exec #66)
[12:44:21] [DISPATCH] Task 5 (Analyzer) P3 gets CPU
[12:44:21] [TASK] Analyzer starting
[12:44:21] [ERROR] Analyzer failed with code 256 (may need 'make all' first)
[12:44:21] [DISPATCH] Task 6 (Report Generator) P3 gets CPU
[12:44:21] [TASK] Report Generator starting
[12:44:22] [TASK] Report Generator completed (exec #11)
[12:44:22] 
=== TICK 101 ===
[12:44:22] [READY] Task 1 (Collect CPU) ready - interval 1s elapsed
[12:44:22] [READY] Task 2 (Collect RAM) ready - interval 1s elapsed
[12:44:22] [READY] Task 3 (Collect DISK) ready - interval 1s elapsed
[12:44:22] [READY] Task 4 (Collect Network) ready - interval 1s elapsed
[12:44:22] [READY] Task 5 (Analyzer) ready - interval 1s elapsed
[12:44:22] [DISPATCH] Executing 5 ready task(s) in priority order
[12:44:22] [DISPATCH] Task 1 (Collect CPU) P3 gets CPU
[12:44:22] [TASK] CPU Monitor starting
[12:44:23] [TASK] CPU Monitor completed (exec #100)
[12:44:23] [DISPATCH] Task 2 (Collect RAM) P3 gets CPU
[12:44:23] [TASK] RAM Monitor starting
[12:44:23] [TASK] RAM Monitor completed (exec #67)
[12:44:23] [DISPATCH] Task 5 (Analyzer) P3 gets CPU
[12:44:23] [TASK] Analyzer starting
[12:44:23] [ERROR] Analyzer failed with code 256 (may need 'make all' first)
[12:44:23] [DISPATCH] Task 3 (Collect DISK) P2 gets CPU
[12:44:23] [TASK] Disk Monitor starting
[12:44:23] [TASK] Disk Monitor completed (exec #62)
[12:44:23] [DISPATCH] Task 4 (Collect Network) P0 gets CPU
[12:44:23] [TASK] Network Fetch starting
[12:44:23] [TASK] Network Fetch completed (exec #60)
[12:44:23] 
=== TICK 102 ===
[12:44:23] [READY] Task 1 (Collect CPU) ready - interval 1s elapsed
[12:44:23] [DISPATCH] Executing 1 ready task(s) in priority order
[12:44:23] [DISPATCH] Task 1 (Collect CPU) P3 gets CPU
[12:44:23] [TASK] CPU Monitor starting
[12:44:24] [TASK] CPU Monitor completed (exec #101)
[12:44:24] 
=== TICK 103 ===
[12:44:24] [READY] Task 1 (Collect CPU) ready - interval 1s elapsed
[12:44:24] [READY] Task 2 (Collect RAM) ready - interval 1s elapsed
[12:44:24] [READY] Task 3 (Collect DISK) ready - interval 1s elapsed
[12:44:24] [READY] Task 4 (Collect Network) ready - interval 1s elapsed
[12:44:24] [READY] Task 5 (Analyzer) ready - interval 1s elapsed
[12:44:24] [DISPATCH] Executing 5 ready task(s) in priority order
[12:44:24] [DISPATCH] Task 1 (Collect CPU) P3 gets CPU
[12:44:24] [TASK] CPU Monitor starting
[12:44:25] [TASK] CPU Monitor completed (exec #102)
[12:44:25] [DISPATCH] Task 2 (Collect RAM) P3 gets CPU
[12:44:25] [TASK] RAM Monitor starting
[12:44:25] [TASK] RAM Monitor completed (exec #68)
[12:44:25] [DISPATCH] Task 5 (Analyzer) P3 gets CPU
[12:44:25] [TASK] Analyzer starting
[12:44:25] [ERROR] Analyzer failed with code 256 (may need 'make all' first)
[12:44:25] [DISPATCH] Task 3 (Collect DISK) P2 gets CPU
[12:44:25] [TASK] Disk Monitor starting
[12:44:25] [TASK] Disk Monitor completed (exec #63)
[12:44:25] [DISPATCH] Task 4 (Collect Network) P0 gets CPU
[12:44:25] [TASK] Network Fetch starting
[12:44:25] [TASK] Network Fetch completed (exec #61)
[12:44:25] 
=== TICK 104 ===
[12:44:25] [READY] Task 1 (Collect CPU) ready - interval 1s elapsed
[12:44:25] [DISPATCH] Executing 1 ready task(s) in priority order
[12:44:25] [DISPATCH] Task 1 (Collect CPU) P3 gets CPU
[12:44:25] [TASK] CPU Monitor starting
[12:44:26] [TASK] CPU Monitor completed (exec #103)
[12:44:26] 
=== TICK 105 ===
[12:44:26] [READY] Task 1 (Collect CPU) ready - interval 1s elapsed
[12:44:26] [READY] Task 2 (Collect RAM) ready - interval 1s elapsed
[12:44:26] [READY] Task 3 (Collect DISK) ready - interval 1s elapsed
[12:44:26] [READY] Task 4 (Collect Network) ready - interval 1s elapsed
[12:44:26] [READY] Task 5 (Analyzer) ready - interval 1s elapsed
[12:44:26] [DISPATCH] Executing 5 ready task(s) in priority order
[12:44:26] [DISPATCH] Task 1 (Collect CPU) P3 gets CPU
[12:44:26] [TASK] CPU Monitor starting
[12:44:27] [TASK] CPU Monitor completed (exec #104)
[12:44:27] [DISPATCH] Task 2 (Collect RAM) P3 gets CPU
[12:44:27] [TASK] RAM Monitor starting
[12:44:27] [TASK] RAM Monitor completed (exec #69)
[12:44:27] [DISPATCH] Task 5 (Analyzer) P3 gets CPU
[12:44:27] [TASK] Analyzer starting
[12:44:27] [ERROR] Analyzer failed with code 256 (may need 'make all' first)
[12:44:27] [DISPATCH] Task 3 (Collect DISK) P2 gets CPU
[12:44:27] [TASK] Disk Monitor starting
[12:44:27] [TASK] Disk Monitor completed (exec #64)
[12:44:27] [DISPATCH] Task 4 (Collect Network) P0 gets CPU
[12:44:27] [TASK] Network Fetch starting
[12:44:27] [TASK] Network Fetch completed (exec #62)
[12:44:27] 
=== TICK 106 ===
[12:44:27] [READY] Task 1 (Collect CPU) ready - interval 1s elapsed
[12:44:27] [DISPATCH] Executing 1 ready task(s) in priority order
[12:44:27] [DISPATCH] Task 1 (Collect CPU) P3 gets CPU
[12:44:27] [TASK] CPU Monitor starting
[12:44:28] [TASK] CPU Monitor completed (exec #105)
[12:44:28] 
=== TICK 107 ===
[12:44:28] [READY] Task 1 (Collect CPU) ready - interval 1s elapsed
[12:44:28] [READY] Task 2 (Collect RAM) ready - interval 1s elapsed
[12:44:28] [READY] Task 3 (Collect DISK) ready - interval 1s elapsed
[12:44:28] [READY] Task 4 (Collect Network) ready - interval 1s elapsed
[12:44:28] [READY] Task 5 (Analyzer) ready - interval 1s elapsed
[12:44:28] [DISPATCH] Executing 5 ready task(s) in priority order
[12:44:28] [DISPATCH] Task 1 (Collect CPU) P3 gets CPU
[12:44:28] [TASK] CPU Monitor starting
[12:44:29] [TASK] CPU Monitor completed (exec #106)
[12:44:29] [DISPATCH] Task 2 (Collect RAM) P3 gets CPU
[12:44:29] [TASK] RAM Monitor starting
[12:44:29] [TASK] RAM Monitor completed (exec #70)
[12:44:29] [DISPATCH] Task 5 (Analyzer) P3 gets CPU
[12:44:29] [TASK] Analyzer starting
[12:44:29] [ERROR] Analyzer failed with code 256 (may need 'make all' first)
[12:44:29] [DISPATCH] Task 3 (Collect DISK) P2 gets CPU
[12:44:29] [TASK] Disk Monitor starting
[12:44:29] [TASK] Disk Monitor completed (exec #65)
[12:44:29] [DISPATCH] Task 4 (Collect Network) P0 gets CPU
[12:44:29] [TASK] Network Fetch starting
[12:44:29] [TASK] Network Fetch completed (exec #63)
[12:44:29] 
=== TICK 108 ===
[12:44:29] [READY] Task 1 (Collect CPU) ready - interval 1s elapsed
[12:44:29] [DISPATCH] Executing 1 ready task(s) in priority order
[12:44:29] [DISPATCH] Task 1 (Collect CPU) P3 gets CPU
[12:44:29] [TASK] CPU Monitor starting
[12:44:30] [TASK] CPU Monitor completed (exec #107)
[12:44:30] 
=== TICK 109 ===
[12:44:30] [READY] Task 1 (Collect CPU) ready - interval 1s elapsed
[12:44:30] [READY] Task 2 (Collect RAM) ready - interval 1s elapsed
[12:44:30] [READY] Task 3 (Collect DISK) ready - interval 1s elapsed
[12:44:30] [READY] Task 4 (Collect Network) ready - interval 1s elapsed
[12:44:30] [READY] Task 5 (Analyzer) ready - interval 1s elapsed
[12:44:30] [READY] Task 6 (Report Generator) ready - interval 9s elapsed
[12:44:30] [DISPATCH] Executing 6 ready task(s) in priority order
[12:44:30] [DISPATCH] Task 1 (Collect CPU) P3 gets CPU
[12:44:30] [TASK] CPU Monitor starting
[12:44:31] [TASK] CPU Monitor completed (exec #108)
[12:44:31] [DISPATCH] Task 2 (Collect RAM) P3 gets CPU
[12:44:31] [TASK] RAM Monitor starting
[12:44:31] [TASK] RAM Monitor completed (exec #71)
[12:44:31] [DISPATCH] Task 5 (Analyzer) P3 gets CPU
[12:44:31] [TASK] Analyzer starting
[12:44:31] [ERROR] Analyzer failed with code 256 (may need 'make all' first)
[12:44:31] [DISPATCH] Task 6 (Report Generator) P3 gets CPU
[12:44:31] [TASK] Report Generator starting
[12:44:32] [TASK] Report Generator completed (exec #12)
[12:44:32] [DISPATCH] Task 3 (Collect DISK) P2 gets CPU
[12:44:32] [TASK] Disk Monitor starting
[12:44:32] [TASK] Disk Monitor completed (exec #66)
[12:44:32] [DISPATCH] Task 4 (Collect Network) P0 gets CPU
[12:44:32] [TASK] Network Fetch starting
[12:44:32] [TASK] Network Fetch completed (exec #64)
[12:44:32] 
=== TICK 110 ===
[12:44:32] [READY] Task 1 (Collect CPU) ready - interval 1s elapsed
[12:44:32] [READY] Task 2 (Collect RAM) ready - interval 1s elapsed
[12:44:32] [READY] Task 5 (Analyzer) ready - interval 1s elapsed
[12:44:32] [DISPATCH] Executing 3 ready task(s) in priority order
[12:44:32] [DISPATCH] Task 1 (Collect CPU) P3 gets CPU
[12:44:32] [TASK] CPU Monitor starting
[12:44:33] [TASK] CPU Monitor completed (exec #109)
[12:44:33] [DISPATCH] Task 2 (Collect RAM) P3 gets CPU
[12:44:33] [TASK] RAM Monitor starting
[12:44:33] [TASK] RAM Monitor completed (exec #72)
[12:44:33] [DISPATCH] Task 5 (Analyzer) P3 gets CPU
[12:44:33] [TASK] Analyzer starting
[12:44:33] [ERROR] Analyzer failed with code 256 (may need 'make all' first)
[12:44:33] 
=== TICK 111 ===
[12:44:33] [READY] Task 1 (Collect CPU) ready - interval 1s elapsed
[12:44:33] [READY] Task 3 (Collect DISK) ready - interval 1s elapsed
[12:44:33] [READY] Task 4 (Collect Network) ready - interval 1s elapsed
[12:44:33] [DISPATCH] Executing 3 ready task(s) in priority order
[12:44:33] [DISPATCH] Task 1 (Collect CPU) P3 gets CPU
[12:44:33] [TASK] CPU Monitor starting
[12:44:34] [TASK] CPU Monitor completed (exec #110)
[12:44:34] [DISPATCH] Task 3 (Collect DISK) P2 gets CPU
[12:44:34] [TASK] Disk Monitor starting
[12:44:34] [TASK] Disk Monitor completed (exec #67)
[12:44:34] [DISPATCH] Task 4 (Collect Network) P0 gets CPU
[12:44:34] [TASK] Network Fetch starting
[12:44:34] [TASK] Network Fetch completed (exec #65)
[12:44:34] 
=== TICK 112 ===
[12:44:34] [READY] Task 1 (Collect CPU) ready - interval 1s elapsed
[12:44:34] [READY] Task 2 (Collect RAM) ready - interval 1s elapsed
[12:44:34] [READY] Task 5 (Analyzer) ready - interval 1s elapsed
[12:44:34] [DISPATCH] Executing 3 ready task(s) in priority order
[12:44:34] [DISPATCH] Task 1 (Collect CPU) P3 gets CPU
[12:44:34] [TASK] CPU Monitor starting
[12:44:35] [TASK] CPU Monitor completed (exec #111)
[12:44:35] [DISPATCH] Task 2 (Collect RAM) P3 gets CPU
[12:44:35] [TASK] RAM Monitor starting
[12:44:35] [TASK] RAM Monitor completed (exec #73)
[12:44:35] [DISPATCH] Task 5 (Analyzer) P3 gets CPU
[12:44:35] [TASK] Analyzer starting
[12:44:35] [ERROR] Analyzer failed with code 256 (may need 'make all' first)
[12:44:35] 
=== TICK 113 ===
[12:44:35] [READY] Task 1 (Collect CPU) ready - interval 1s elapsed
[12:44:35] [READY] Task 3 (Collect DISK) ready - interval 1s elapsed
[12:44:35] [READY] Task 4 (Collect Network) ready - interval 1s elapsed
[12:44:35] [DISPATCH] Executing 3 ready task(s) in priority order
[12:44:35] [DISPATCH] Task 1 (Collect CPU) P3 gets CPU
[12:44:35] [TASK] CPU Monitor starting
[12:44:36] [TASK] CPU Monitor completed (exec #112)
[12:44:36] [DISPATCH] Task 3 (Collect DISK) P2 gets CPU
[12:44:36] [TASK] Disk Monitor starting
[12:44:36] [TASK] Disk Monitor completed (exec #68)
[12:44:36] [DISPATCH] Task 4 (Collect Network) P0 gets CPU
[12:44:36] [TASK] Network Fetch starting
[12:44:36] [TASK] Network Fetch completed (exec #66)
[12:44:36] 
=== TICK 114 ===
[12:44:36] [READY] Task 1 (Collect CPU) ready - interval 1s elapsed
[12:44:36] [READY] Task 2 (Collect RAM) ready - interval 1s elapsed
[12:44:36] [READY] Task 5 (Analyzer) ready - interval 1s elapsed
[12:44:36] [DISPATCH] Executing 3 ready task(s) in priority order
[12:44:36] [DISPATCH] Task 1 (Collect CPU) P3 gets CPU
[12:44:36] [TASK] CPU Monitor starting
[12:44:37] [TASK] CPU Monitor completed (exec #113)
[12:44:37] [DISPATCH] Task 2 (Collect RAM) P3 gets CPU
[12:44:37] [TASK] RAM Monitor starting
[12:44:37] [TASK] RAM Monitor completed (exec #74)
[12:44:37] [DISPATCH] Task 5 (Analyzer) P3 gets CPU
[12:44:37] [TASK] Analyzer starting
[12:44:37] [ERROR] Analyzer failed with code 256 (may need 'make all' first)
[12:44:38] 
=== TICK 115 ===
[12:44:38] [READY] Task 1 (Collect CPU) ready - interval 1s elapsed
[12:44:38] [READY] Task 2 (Collect RAM) ready - interval 1s elapsed
[12:44:38] [READY] Task 3 (Collect DISK) ready - interval 1s elapsed
[12:44:38] [READY] Task 4 (Collect Network) ready - interval 1s elapsed
[12:44:38] [READY] Task 5 (Analyzer) ready - interval 1s elapsed
[12:44:38] [DISPATCH] Executing 5 ready task(s) in priority order
[12:44:38] [DISPATCH] Task 1 (Collect CPU) P3 gets CPU
[12:44:38] [TASK] CPU Monitor starting
[12:44:38] [TASK] CPU Monitor completed (exec #114)
[12:44:38] [DISPATCH] Task 2 (Collect RAM) P3 gets CPU
[12:44:38] [TASK] RAM Monitor starting
[12:44:38] [TASK] RAM Monitor completed (exec #75)
[12:44:38] [DISPATCH] Task 5 (Analyzer) P3 gets CPU
[12:44:38] [TASK] Analyzer starting
[12:44:38] [ERROR] Analyzer failed with code 256 (may need 'make all' first)
[12:44:38] [DISPATCH] Task 3 (Collect DISK) P2 gets CPU
[12:44:38] [TASK] Disk Monitor starting
[12:44:38] [TASK] Disk Monitor completed (exec #69)
[12:44:38] [DISPATCH] Task 4 (Collect Network) P0 gets CPU
[12:44:38] [TASK] Network Fetch starting
[12:44:38] [TASK] Network Fetch completed (exec #67)
[12:44:39] 
=== TICK 116 ===
[12:44:39] [READY] Task 1 (Collect CPU) ready - interval 1s elapsed
[12:44:39] [READY] Task 2 (Collect RAM) ready - interval 1s elapsed
[12:44:39] [READY] Task 3 (Collect DISK) ready - interval 1s elapsed
[12:44:39] [READY] Task 4 (Collect Network) ready - interval 1s elapsed
[12:44:39] [READY] Task 5 (Analyzer) ready - interval 1s elapsed
[12:44:39] [DISPATCH] Executing 5 ready task(s) in priority order
[12:44:39] [DISPATCH] Task 1 (Collect CPU) P3 gets CPU
[12:44:39] [TASK] CPU Monitor starting
[12:44:39] [TASK] CPU Monitor completed (exec #115)
[12:44:39] [DISPATCH] Task 2 (Collect RAM) P3 gets CPU
[12:44:39] [TASK] RAM Monitor starting
[12:44:39] [TASK] RAM Monitor completed (exec #76)
[12:44:39] [DISPATCH] Task 5 (Analyzer) P3 gets CPU
[12:44:39] [TASK] Analyzer starting
[12:44:39] [ERROR] Analyzer failed with code 256 (may need 'make all' first)
[12:44:39] [DISPATCH] Task 3 (Collect DISK) P2 gets CPU
[12:44:39] [TASK] Disk Monitor starting
[12:44:39] [TASK] Disk Monitor completed (exec #70)
[12:44:39] [DISPATCH] Task 4 (Collect Network) P0 gets CPU
[12:44:39] [TASK] Network Fetch starting
[12:44:39] [TASK] Network Fetch completed (exec #68)
[12:44:40] 
=== TICK 117 ===
[12:44:40] [READY] Task 1 (Collect CPU) ready - interval 1s elapsed
[12:44:40] [READY] Task 2 (Collect RAM) ready - interval 1s elapsed
[12:44:40] [READY] Task 3 (Collect DISK) ready - interval 1s elapsed
[12:44:40] [READY] Task 4 (Collect Network) ready - interval 1s elapsed
[12:44:40] [READY] Task 5 (Analyzer) ready - interval 1s elapsed
[12:44:40] [READY] Task 6 (Report Generator) ready - interval 9s elapsed
[12:44:40] [DISPATCH] Executing 6 ready task(s) in priority order
[12:44:40] [DISPATCH] Task 1 (Collect CPU) P3 gets CPU
[12:44:40] [TASK] CPU Monitor starting
[12:44:40] [TASK] CPU Monitor completed (exec #116)
[12:44:40] [DISPATCH] Task 2 (Collect RAM) P3 gets CPU
[12:44:40] [TASK] RAM Monitor starting
[12:44:40] [TASK] RAM Monitor completed (exec #77)
[12:44:40] [DISPATCH] Task 5 (Analyzer) P3 gets CPU
[12:44:40] [TASK] Analyzer starting
[12:44:40] [ERROR] Analyzer failed with code 256 (may need 'make all' first)
[12:44:40] [DISPATCH] Task 6 (Report Generator) P3 gets CPU
[12:44:40] [TASK] Report Generator starting
[12:44:41] [TASK] Report Generator completed (exec #13)
[12:44:41] [DISPATCH] Task 3 (Collect DISK) P2 gets CPU
[12:44:41] [TASK] Disk Monitor starting
[12:44:41] [TASK] Disk Monitor completed (exec #71)
[12:44:41] [DISPATCH] Task 4 (Collect Network) P0 gets CPU
[12:44:41] [TASK] Network Fetch starting
[12:44:41] [TASK] Network Fetch completed (exec #69)
[12:44:41] 
=== TICK 118 ===
[12:44:41] [READY] Task 1 (Collect CPU) ready - interval 1s elapsed
[12:44:41] [READY] Task 2 (Collect RAM) ready - interval 1s elapsed
[12:44:41] [READY] Task 5 (Analyzer) ready - interval 1s elapsed
[12:44:41] [DISPATCH] Executing 3 ready task(s) in priority order
[12:44:41] [DISPATCH] Task 1 (Collect CPU) P3 gets CPU
[12:44:41] [TASK] CPU Monitor starting
[12:44:42] [TASK] CPU Monitor completed (exec #117)
[12:44:42] [DISPATCH] Task 2 (Collect RAM) P3 gets CPU
[12:44:42] [TASK] RAM Monitor starting
[12:44:42] [TASK] RAM Monitor completed (exec #78)
[12:44:42] [DISPATCH] Task 5 (Analyzer) P3 gets CPU
[12:44:42] [TASK] Analyzer starting
[12:44:42] [ERROR] Analyzer failed with code 256 (may need 'make all' first)
[12:44:42] 
=== TICK 119 ===
[12:44:42] [READY] Task 1 (Collect CPU) ready - interval 1s elapsed
[12:44:42] [READY] Task 3 (Collect DISK) ready - interval 1s elapsed
[12:44:42] [READY] Task 4 (Collect Network) ready - interval 1s elapsed
[12:44:42] [DISPATCH] Executing 3 ready task(s) in priority order
[12:44:42] [DISPATCH] Task 1 (Collect CPU) P3 gets CPU
[12:44:42] [TASK] CPU Monitor starting
[12:44:43] [TASK] CPU Monitor completed (exec #118)
[12:44:43] [DISPATCH] Task 3 (Collect DISK) P2 gets CPU
[12:44:43] [TASK] Disk Monitor starting
[12:44:43] [TASK] Disk Monitor completed (exec #72)
[12:44:43] [DISPATCH] Task 4 (Collect Network) P0 gets CPU
[12:44:43] [TASK] Network Fetch starting
[12:44:43] [TASK] Network Fetch completed (exec #70)
[12:44:43] 
=== TICK 120 ===
[12:44:43] [READY] Task 1 (Collect CPU) ready - interval 1s elapsed
[12:44:43] [READY] Task 2 (Collect RAM) ready - interval 1s elapsed
[12:44:43] [READY] Task 5 (Analyzer) ready - interval 1s elapsed
[12:44:43] [DISPATCH] Executing 3 ready task(s) in priority order
[12:44:43] [DISPATCH] Task 1 (Collect CPU) P3 gets CPU
[12:44:43] [TASK] CPU Monitor starting
[12:44:44] [TASK] CPU Monitor completed (exec #119)
[12:44:44] [DISPATCH] Task 2 (Collect RAM) P3 gets CPU
[12:44:44] [TASK] RAM Monitor starting
[12:44:44] [TASK] RAM Monitor completed (exec #79)
[12:44:44] [DISPATCH] Task 5 (Analyzer) P3 gets CPU
[12:44:44] [TASK] Analyzer starting
[12:44:44] [ERROR] Analyzer failed with code 256 (may need 'make all' first)
[12:44:44] 
=== TICK 121 ===
[12:44:44] [READY] Task 1 (Collect CPU) ready - interval 1s elapsed
[12:44:44] [READY] Task 3 (Collect DISK) ready - interval 1s elapsed
[12:44:44] [READY] Task 4 (Collect Network) ready - interval 1s elapsed
[12:44:44] [DISPATCH] Executing 3 ready task(s) in priority order
[12:44:44] [DISPATCH] Task 1 (Collect CPU) P3 gets CPU
[12:44:44] [TASK] CPU Monitor starting
[12:44:45] [TASK] CPU Monitor completed (exec #120)
[12:44:45] [DISPATCH] Task 3 (Collect DISK) P2 gets CPU
[12:44:45] [TASK] Disk Monitor starting
[12:44:45] [TASK] Disk Monitor completed (exec #73)
[12:44:45] [DISPATCH] Task 4 (Collect Network) P0 gets CPU
[12:44:45] [TASK] Network Fetch starting
[12:44:45] [TASK] Network Fetch completed (exec #71)
[12:44:45] 
=== TICK 122 ===
[12:44:45] [READY] Task 1 (Collect CPU) ready - interval 1s elapsed
[12:44:45] [READY] Task 2 (Collect RAM) ready - interval 1s elapsed
[12:44:45] [READY] Task 5 (Analyzer) ready - interval 1s elapsed
[12:44:45] [DISPATCH] Executing 3 ready task(s) in priority order
[12:44:45] [DISPATCH] Task 1 (Collect CPU) P3 gets CPU
[12:44:45] [TASK] CPU Monitor starting
[12:44:46] [TASK] CPU Monitor completed (exec #121)
[12:44:46] [DISPATCH] Task 2 (Collect RAM) P3 gets CPU
[12:44:46] [TASK] RAM Monitor starting
[12:44:46] [TASK] RAM Monitor completed (exec #80)
[12:44:46] [DISPATCH] Task 5 (Analyzer) P3 gets CPU
[12:44:46] [TASK] Analyzer starting
[12:44:46] [ERROR] Analyzer failed with code 256 (may need 'make all' first)
[12:44:46] 
=== TICK 123 ===
[12:44:46] [READY] Task 1 (Collect CPU) ready - interval 1s elapsed
[12:44:46] [READY] Task 3 (Collect DISK) ready - interval 1s elapsed
[12:44:46] [READY] Task 4 (Collect Network) ready - interval 1s elapsed
[12:44:46] [DISPATCH] Executing 3 ready task(s) in priority order
[12:44:46] [DISPATCH] Task 1 (Collect CPU) P3 gets CPU
[12:44:46] [TASK] CPU Monitor starting
[12:44:47] [TASK] CPU Monitor completed (exec #122)
[12:44:47] [DISPATCH] Task 3 (Collect DISK) P2 gets CPU
[12:44:47] [TASK] Disk Monitor starting
[12:44:47] [TASK] Disk Monitor completed (exec #74)
[12:44:47] [DISPATCH] Task 4 (Collect Network) P0 gets CPU
[12:44:47] [TASK] Network Fetch starting
[12:44:47] [TASK] Network Fetch completed (exec #72)
[12:44:47] 
=== TICK 124 ===
[12:44:47] [READY] Task 1 (Collect CPU) ready - interval 1s elapsed
[12:44:47] [READY] Task 2 (Collect RAM) ready - interval 1s elapsed
[12:44:47] [READY] Task 5 (Analyzer) ready - interval 1s elapsed
[12:44:47] [DISPATCH] Executing 3 ready task(s) in priority order
[12:44:47] [DISPATCH] Task 1 (Collect CPU) P3 gets CPU
[12:44:47] [TASK] CPU Monitor starting
[12:44:48] [TASK] CPU Monitor completed (exec #123)
[12:44:48] [DISPATCH] Task 2 (Collect RAM) P3 gets CPU
[12:44:48] [TASK] RAM Monitor starting
[12:44:48] [TASK] RAM Monitor completed (exec #81)
[12:44:48] [DISPATCH] Task 5 (Analyzer) P3 gets CPU
[12:44:48] [TASK] Analyzer starting
[12:44:48] [ERROR] Analyzer failed with code 256 (may need 'make all' first)
[12:44:48] 
=== TICK 125 ===
[12:44:48] [READY] Task 1 (Collect CPU) ready - interval 1s elapsed
[12:44:48] [READY] Task 3 (Collect DISK) ready - interval 1s elapsed
[12:44:48] [READY] Task 4 (Collect Network) ready - interval 1s elapsed
[12:44:48] [DISPATCH] Executing 3 ready task(s) in priority order
[12:44:48] [DISPATCH] Task 1 (Collect CPU) P3 gets CPU
[12:44:48] [TASK] CPU Monitor starting
[12:44:49] [TASK] CPU Monitor completed (exec #124)
[12:44:49] [DISPATCH] Task 3 (Collect DISK) P2 gets CPU
[12:44:49] [TASK] Disk Monitor starting
[12:44:49] [TASK] Disk Monitor completed (exec #75)
[12:44:49] [DISPATCH] Task 4 (Collect Network) P0 gets CPU
[12:44:49] [TASK] Network Fetch starting
[12:44:49] [TASK] Network Fetch completed (exec #73)
[12:44:49] 
=== TICK 126 ===
[12:44:49] [READY] Task 1 (Collect CPU) ready - interval 1s elapsed
[12:44:49] [READY] Task 2 (Collect RAM) ready - interval 1s elapsed
[12:44:49] [READY] Task 5 (Analyzer) ready - interval 1s elapsed
[12:44:49] [READY] Task 6 (Report Generator) ready - interval 9s elapsed
[12:44:49] [DISPATCH] Executing 4 ready task(s) in priority order
[12:44:49] [DISPATCH] Task 1 (Collect CPU) P3 gets CPU
[12:44:49] [TASK] CPU Monitor starting
[12:44:50] [TASK] CPU Monitor completed (exec #125)
[12:44:50] [DISPATCH] Task 2 (Collect RAM) P3 gets CPU
[12:44:50] [TASK] RAM Monitor starting
[12:44:50] [TASK] RAM Monitor completed (exec #82)
[12:44:50] [DISPATCH] Task 5 (Analyzer) P3 gets CPU
[12:44:50] [TASK] Analyzer starting
[12:44:50] [ERROR] Analyzer failed with code 256 (may need 'make all' first)
[12:44:50] [DISPATCH] Task 6 (Report Generator) P3 gets CPU
[12:44:50] [TASK] Report Generator starting
[12:44:51] [TASK] Report Generator completed (exec #14)
[12:44:51] 
=== TICK 127 ===
[12:44:51] [READY] Task 1 (Collect CPU) ready - interval 1s elapsed
[12:44:51] [READY] Task 2 (Collect RAM) ready - interval 1s elapsed
[12:44:51] [READY] Task 3 (Collect DISK) ready - interval 1s elapsed
[12:44:51] [READY] Task 4 (Collect Network) ready - interval 1s elapsed
[12:44:51] [READY] Task 5 (Analyzer) ready - interval 1s elapsed
[12:44:51] [DISPATCH] Executing 5 ready task(s) in priority order
[12:44:51] [DISPATCH] Task 1 (Collect CPU) P3 gets CPU
[12:44:51] [TASK] CPU Monitor starting
[12:44:52] [TASK] CPU Monitor completed (exec #126)
[12:44:52] [DISPATCH] Task 2 (Collect RAM) P3 gets CPU
[12:44:52] [TASK] RAM Monitor starting
[12:44:52] [TASK] RAM Monitor completed (exec #83)
[12:44:52] [DISPATCH] Task 5 (Analyzer) P3 gets CPU
[12:44:52] [TASK] Analyzer starting
[12:44:52] [ERROR] Analyzer failed with code 256 (may need 'make all' first)
[12:44:52] [DISPATCH] Task 3 (Collect DISK) P2 gets CPU
[12:44:52] [TASK] Disk Monitor starting
[12:44:52] [TASK] Disk Monitor completed (exec #76)
[12:44:52] [DISPATCH] Task 4 (Collect Network) P0 gets CPU
[12:44:52] [TASK] Network Fetch starting
[12:44:52] [TASK] Network Fetch completed (exec #74)
[12:44:52] 
=== TICK 128 ===
[12:44:52] [READY] Task 1 (Collect CPU) ready - interval 1s elapsed
[12:44:52] [DISPATCH] Executing 1 ready task(s) in priority order
[12:44:52] [DISPATCH] Task 1 (Collect CPU) P3 gets CPU
[12:44:52] [TASK] CPU Monitor starting
[12:44:53] [TASK] CPU Monitor completed (exec #127)
[12:44:53] 
=== TICK 129 ===
[12:44:53] [READY] Task 1 (Collect CPU) ready - interval 1s elapsed
[12:44:53] [READY] Task 2 (Collect RAM) ready - interval 1s elapsed
[12:44:53] [READY] Task 3 (Collect DISK) ready - interval 1s elapsed
[12:44:53] [READY] Task 4 (Collect Network) ready - interval 1s elapsed
[12:44:53] [READY] Task 5 (Analyzer) ready - interval 1s elapsed
[12:44:53] [DISPATCH] Executing 5 ready task(s) in priority order
[12:44:53] [DISPATCH] Task 1 (Collect CPU) P3 gets CPU
[12:44:53] [TASK] CPU Monitor starting
[12:44:54] [TASK] CPU Monitor completed (exec #128)
[12:44:54] [DISPATCH] Task 2 (Collect RAM) P3 gets CPU
[12:44:54] [TASK] RAM Monitor starting
[12:44:54] [TASK] RAM Monitor completed (exec #84)
[12:44:54] [DISPATCH] Task 5 (Analyzer) P3 gets CPU
[12:44:54] [TASK] Analyzer starting
[12:44:54] [ERROR] Analyzer failed with code 256 (may need 'make all' first)
[12:44:54] [DISPATCH] Task 3 (Collect DISK) P2 gets CPU
[12:44:54] [TASK] Disk Monitor starting
[12:44:54] [TASK] Disk Monitor completed (exec #77)
[12:44:54] [DISPATCH] Task 4 (Collect Network) P0 gets CPU
[12:44:54] [TASK] Network Fetch starting
[12:44:54] [TASK] Network Fetch completed (exec #75)
[12:44:54] 
=== TICK 130 ===
[12:44:54] [READY] Task 1 (Collect CPU) ready - interval 1s elapsed
[12:44:54] [DISPATCH] Executing 1 ready task(s) in priority order
[12:44:54] [DISPATCH] Task 1 (Collect CPU) P3 gets CPU
[12:44:54] [TASK] CPU Monitor starting
[12:44:55] [TASK] CPU Monitor completed (exec #129)
[12:44:55] 
=== TICK 131 ===
[12:44:55] [READY] Task 1 (Collect CPU) ready - interval 1s elapsed
[12:44:55] [READY] Task 2 (Collect RAM) ready - interval 1s elapsed
[12:44:55] [READY] Task 3 (Collect DISK) ready - interval 1s elapsed
[12:44:55] [READY] Task 4 (Collect Network) ready - interval 1s elapsed
[12:44:55] [READY] Task 5 (Analyzer) ready - interval 1s elapsed
[12:44:55] [DISPATCH] Executing 5 ready task(s) in priority order
[12:44:55] [DISPATCH] Task 1 (Collect CPU) P3 gets CPU
[12:44:55] [TASK] CPU Monitor starting
[12:44:56] [TASK] CPU Monitor completed (exec #130)
[12:44:56] [DISPATCH] Task 2 (Collect RAM) P3 gets CPU
[12:44:56] [TASK] RAM Monitor starting
[12:44:56] [TASK] RAM Monitor completed (exec #85)
[12:44:56] [DISPATCH] Task 5 (Analyzer) P3 gets CPU
[12:44:56] [TASK] Analyzer starting
[12:44:56] [ERROR] Analyzer failed with code 256 (may need 'make all' first)
[12:44:56] [DISPATCH] Task 3 (Collect DISK) P2 gets CPU
[12:44:56] [TASK] Disk Monitor starting
[12:44:56] [TASK] Disk Monitor completed (exec #78)
[12:44:56] [DISPATCH] Task 4 (Collect Network) P0 gets CPU
[12:44:56] [TASK] Network Fetch starting
[12:44:56] [TASK] Network Fetch completed (exec #76)
[12:44:56] 
=== TICK 132 ===
[12:44:56] [READY] Task 1 (Collect CPU) ready - interval 1s elapsed
[12:44:56] [DISPATCH] Executing 1 ready task(s) in priority order
[12:44:56] [DISPATCH] Task 1 (Collect CPU) P3 gets CPU
[12:44:56] [TASK] CPU Monitor starting
[12:44:57] [TASK] CPU Monitor completed (exec #131)
[12:44:57] 
=== TICK 133 ===
[12:44:57] [READY] Task 1 (Collect CPU) ready - interval 1s elapsed
[12:44:57] [READY] Task 2 (Collect RAM) ready - interval 1s elapsed
[12:44:57] [READY] Task 3 (Collect DISK) ready - interval 1s elapsed
[12:44:57] [READY] Task 4 (Collect Network) ready - interval 1s elapsed
[12:44:57] [READY] Task 5 (Analyzer) ready - interval 1s elapsed
[12:44:57] [DISPATCH] Executing 5 ready task(s) in priority order
[12:44:57] [DISPATCH] Task 1 (Collect CPU) P3 gets CPU
[12:44:57] [TASK] CPU Monitor starting
[12:44:58] [TASK] CPU Monitor completed (exec #132)
[12:44:58] [DISPATCH] Task 2 (Collect RAM) P3 gets CPU
[12:44:58] [TASK] RAM Monitor starting
[12:44:58] [TASK] RAM Monitor completed (exec #86)
[12:44:58] [DISPATCH] Task 5 (Analyzer) P3 gets CPU
[12:44:58] [TASK] Analyzer starting
[12:44:58] [ERROR] Analyzer failed with code 256 (may need 'make all' first)
[12:44:58] [DISPATCH] Task 3 (Collect DISK) P2 gets CPU
[12:44:58] [TASK] Disk Monitor starting
[12:44:58] [TASK] Disk Monitor completed (exec #79)
[12:44:58] [DISPATCH] Task 4 (Collect Network) P0 gets CPU
[12:44:58] [TASK] Network Fetch starting
[12:44:58] [TASK] Network Fetch completed (exec #77)
[12:44:58] 
=== TICK 134 ===
[12:44:58] [READY] Task 1 (Collect CPU) ready - interval 1s elapsed
[12:44:58] [DISPATCH] Executing 1 ready task(s) in priority order
[12:44:58] [DISPATCH] Task 1 (Collect CPU) P3 gets CPU
[12:44:58] [TASK] CPU Monitor starting
[12:44:59] [TASK] CPU Monitor completed (exec #133)
[12:44:59] 
=== TICK 135 ===
[12:44:59] [READY] Task 1 (Collect CPU) ready - interval 1s elapsed
[12:44:59] [READY] Task 2 (Collect RAM) ready - interval 1s elapsed
[12:44:59] [READY] Task 3 (Collect DISK) ready - interval 1s elapsed
[12:44:59] [READY] Task 4 (Collect Network) ready - interval 1s elapsed
[12:44:59] [READY] Task 5 (Analyzer) ready - interval 1s elapsed
[12:44:59] [READY] Task 6 (Report Generator) ready - interval 9s elapsed
[12:44:59] [DISPATCH] Executing 6 ready task(s) in priority order
[12:44:59] [DISPATCH] Task 1 (Collect CPU) P3 gets CPU
[12:44:59] [TASK] CPU Monitor starting
[12:45:00] [TASK] CPU Monitor completed (exec #134)
[12:45:00] [DISPATCH] Task 2 (Collect RAM) P3 gets CPU
[12:45:00] [TASK] RAM Monitor starting
[12:45:00] [TASK] RAM Monitor completed (exec #87)
[12:45:00] [DISPATCH] Task 5 (Analyzer) P3 gets CPU
[12:45:00] [TASK] Analyzer starting
[12:45:00] [ERROR] Analyzer failed with code 256 (may need 'make all' first)
[12:45:00] [DISPATCH] Task 6 (Report Generator) P3 gets CPU
[12:45:00] [TASK] Report Generator starting
[12:45:01] [TASK] Report Generator completed (exec #15)
[12:45:01] [DISPATCH] Task 3 (Collect DISK) P2 gets CPU
[12:45:01] [TASK] Disk Monitor starting
[12:45:01] [TASK] Disk Monitor completed (exec #80)
[12:45:01] [DISPATCH] Task 4 (Collect Network) P0 gets CPU
[12:45:01] [TASK] Network Fetch starting
[12:45:01] [TASK] Network Fetch completed (exec #78)
[12:45:01] 
=== TICK 136 ===
[12:45:01] [READY] Task 1 (Collect CPU) ready - interval 1s elapsed
[12:45:01] [READY] Task 2 (Collect RAM) ready - interval 1s elapsed
[12:45:01] [READY] Task 5 (Analyzer) ready - interval 1s elapsed
[12:45:01] [DISPATCH] Executing 3 ready task(s) in priority order
[12:45:01] [DISPATCH] Task 1 (Collect CPU) P3 gets CPU
[12:45:01] [TASK] CPU Monitor starting
[12:45:01] [TASK] CPU Monitor completed (exec #135)
[12:45:01] [DISPATCH] Task 2 (Collect RAM) P3 gets CPU
[12:45:01] [TASK] RAM Monitor starting
[12:45:01] [TASK] RAM Monitor completed (exec #88)
[12:45:01] [DISPATCH] Task 5 (Analyzer) P3 gets CPU
[12:45:01] [TASK] Analyzer starting
[12:45:01] [ERROR] Analyzer failed with code 256 (may need 'make all' first)
[12:45:02] 
=== TICK 137 ===
[12:45:02] [READY] Task 1 (Collect CPU) ready - interval 1s elapsed
[12:45:02] [READY] Task 2 (Collect RAM) ready - interval 1s elapsed
[12:45:02] [READY] Task 3 (Collect DISK) ready - interval 1s elapsed
[12:45:02] [READY] Task 4 (Collect Network) ready - interval 1s elapsed
[12:45:02] [READY] Task 5 (Analyzer) ready - interval 1s elapsed
[12:45:02] [DISPATCH] Executing 5 ready task(s) in priority order
[12:45:02] [DISPATCH] Task 1 (Collect CPU) P3 gets CPU
[12:45:02] [TASK] CPU Monitor starting
[12:45:02] [TASK] CPU Monitor completed (exec #136)
[12:45:02] [DISPATCH] Task 2 (Collect RAM) P3 gets CPU
[12:45:02] [TASK] RAM Monitor starting
[12:45:02] [TASK] RAM Monitor completed (exec #89)
[12:45:02] [DISPATCH] Task 5 (Analyzer) P3 gets CPU
[12:45:02] [TASK] Analyzer starting
[12:45:02] [ERROR] Analyzer failed with code 256 (may need 'make all' first)
[12:45:02] [DISPATCH] Task 3 (Collect DISK) P2 gets CPU
[12:45:02] [TASK] Disk Monitor starting
[12:45:02] [TASK] Disk Monitor completed (exec #81)
[12:45:02] [DISPATCH] Task 4 (Collect Network) P0 gets CPU
[12:45:02] [TASK] Network Fetch starting
[12:45:03] [TASK] Network Fetch completed (exec #79)
[12:45:03] 
=== TICK 138 ===
[12:45:03] [READY] Task 1 (Collect CPU) ready - interval 1s elapsed
[12:45:03] [READY] Task 2 (Collect RAM) ready - interval 1s elapsed
[12:45:03] [READY] Task 3 (Collect DISK) ready - interval 1s elapsed
[12:45:03] [READY] Task 4 (Collect Network) ready - interval 1s elapsed
[12:45:03] [READY] Task 5 (Analyzer) ready - interval 1s elapsed
[12:45:03] [DISPATCH] Executing 5 ready task(s) in priority order
[12:45:03] [DISPATCH] Task 1 (Collect CPU) P3 gets CPU
[12:45:03] [TASK] CPU Monitor starting
[12:45:03] [TASK] CPU Monitor completed (exec #137)
[12:45:03] [DISPATCH] Task 2 (Collect RAM) P3 gets CPU
[12:45:03] [TASK] RAM Monitor starting
[12:45:03] [TASK] RAM Monitor completed (exec #90)
[12:45:03] [DISPATCH] Task 5 (Analyzer) P3 gets CPU
[12:45:03] [TASK] Analyzer starting
[12:45:03] [ERROR] Analyzer failed with code 256 (may need 'make all' first)
[12:45:03] [DISPATCH] Task 3 (Collect DISK) P2 gets CPU
[12:45:03] [TASK] Disk Monitor starting
[12:45:03] [TASK] Disk Monitor completed (exec #82)
[12:45:03] [DISPATCH] Task 4 (Collect Network) P0 gets CPU
[12:45:03] [TASK] Network Fetch starting
[12:45:03] [TASK] Network Fetch completed (exec #80)
[12:45:04] 
=== TICK 139 ===
[12:45:04] [READY] Task 1 (Collect CPU) ready - interval 1s elapsed
[12:45:04] [READY] Task 2 (Collect RAM) ready - interval 1s elapsed
[12:45:04] [READY] Task 3 (Collect DISK) ready - interval 1s elapsed
[12:45:04] [READY] Task 4 (Collect Network) ready - interval 1s elapsed
[12:45:04] [READY] Task 5 (Analyzer) ready - interval 1s elapsed
[12:45:04] [DISPATCH] Executing 5 ready task(s) in priority order
[12:45:04] [DISPATCH] Task 1 (Collect CPU) P3 gets CPU
[12:45:04] [TASK] CPU Monitor starting
[12:45:04] [TASK] CPU Monitor completed (exec #138)
[12:45:04] [DISPATCH] Task 2 (Collect RAM) P3 gets CPU
[12:45:04] [TASK] RAM Monitor starting
[12:45:04] [TASK] RAM Monitor completed (exec #91)
[12:45:04] [DISPATCH] Task 5 (Analyzer) P3 gets CPU
[12:45:04] [TASK] Analyzer starting
[12:45:04] [ERROR] Analyzer failed with code 256 (may need 'make all' first)
[12:45:04] [DISPATCH] Task 3 (Collect DISK) P2 gets CPU
[12:45:04] [TASK] Disk Monitor starting
[12:45:04] [TASK] Disk Monitor completed (exec #83)
[12:45:04] [DISPATCH] Task 4 (Collect Network) P0 gets CPU
[12:45:04] [TASK] Network Fetch starting
[12:45:04] [TASK] Network Fetch completed (exec #81)
[12:45:05] 
=== TICK 140 ===
[12:45:05] [READY] Task 1 (Collect CPU) ready - interval 1s elapsed
[12:45:05] [READY] Task 2 (Collect RAM) ready - interval 1s elapsed
[12:45:05] [READY] Task 3 (Collect DISK) ready - interval 1s elapsed
[12:45:05] [READY] Task 4 (Collect Network) ready - interval 1s elapsed
[12:45:05] [READY] Task 5 (Analyzer) ready - interval 1s elapsed
[12:45:05] [DISPATCH] Executing 5 ready task(s) in priority order
[12:45:05] [DISPATCH] Task 1 (Collect CPU) P3 gets CPU
[12:45:05] [TASK] CPU Monitor starting
[12:45:05] [TASK] CPU Monitor completed (exec #139)
[12:45:05] [DISPATCH] Task 2 (Collect RAM) P3 gets CPU
[12:45:05] [TASK] RAM Monitor starting
[12:45:05] [TASK] RAM Monitor completed (exec #92)
[12:45:05] [DISPATCH] Task 5 (Analyzer) P3 gets CPU
[12:45:05] [TASK] Analyzer starting
[12:45:05] [ERROR] Analyzer failed with code 256 (may need 'make all' first)
[12:45:05] [DISPATCH] Task 3 (Collect DISK) P2 gets CPU
[12:45:05] [TASK] Disk Monitor starting
[12:45:05] [TASK] Disk Monitor completed (exec #84)
[12:45:05] [DISPATCH] Task 4 (Collect Network) P0 gets CPU
[12:45:05] [TASK] Network Fetch starting
[12:45:05] [TASK] Network Fetch completed (exec #82)
[12:45:06] 
=== TICK 141 ===
[12:45:06] [READY] Task 1 (Collect CPU) ready - interval 1s elapsed
[12:45:06] [READY] Task 2 (Collect RAM) ready - interval 1s elapsed
[12:45:06] [READY] Task 3 (Collect DISK) ready - interval 1s elapsed
[12:45:06] [READY] Task 4 (Collect Network) ready - interval 1s elapsed
[12:45:06] [READY] Task 5 (Analyzer) ready - interval 1s elapsed
[12:45:06] [DISPATCH] Executing 5 ready task(s) in priority order
[12:45:06] [DISPATCH] Task 1 (Collect CPU) P3 gets CPU
[12:45:06] [TASK] CPU Monitor starting
[12:45:06] [TASK] CPU Monitor completed (exec #140)
[12:45:06] [DISPATCH] Task 2 (Collect RAM) P3 gets CPU
[12:45:06] [TASK] RAM Monitor starting
[12:45:06] [TASK] RAM Monitor completed (exec #93)
[12:45:06] [DISPATCH] Task 5 (Analyzer) P3 gets CPU
[12:45:06] [TASK] Analyzer starting
[12:45:06] [ERROR] Analyzer failed with code 256 (may need 'make all' first)
[12:45:06] [DISPATCH] Task 3 (Collect DISK) P2 gets CPU
[12:45:06] [TASK] Disk Monitor starting
[12:45:06] [TASK] Disk Monitor completed (exec #85)
[12:45:06] [DISPATCH] Task 4 (Collect Network) P0 gets CPU
[12:45:06] [TASK] Network Fetch starting
[12:45:06] [TASK] Network Fetch completed (exec #83)
[12:45:07] 
=== TICK 142 ===
[12:45:07] [READY] Task 1 (Collect CPU) ready - interval 1s elapsed
[12:45:07] [READY] Task 2 (Collect RAM) ready - interval 1s elapsed
[12:45:07] [READY] Task 3 (Collect DISK) ready - interval 1s elapsed
[12:45:07] [READY] Task 4 (Collect Network) ready - interval 1s elapsed
[12:45:07] [READY] Task 5 (Analyzer) ready - interval 1s elapsed
[12:45:07] [DISPATCH] Executing 5 ready task(s) in priority order
[12:45:07] [DISPATCH] Task 1 (Collect CPU) P3 gets CPU
[12:45:07] [TASK] CPU Monitor starting
[12:45:07] [TASK] CPU Monitor completed (exec #141)
[12:45:07] [DISPATCH] Task 2 (Collect RAM) P3 gets CPU
[12:45:07] [TASK] RAM Monitor starting
[12:45:07] [TASK] RAM Monitor completed (exec #94)
[12:45:07] [DISPATCH] Task 5 (Analyzer) P3 gets CPU
[12:45:07] [TASK] Analyzer starting
[12:45:07] [ERROR] Analyzer failed with code 256 (may need 'make all' first)
[12:45:07] [DISPATCH] Task 3 (Collect DISK) P2 gets CPU
[12:45:07] [TASK] Disk Monitor starting
[12:45:07] [TASK] Disk Monitor completed (exec #86)
[12:45:07] [DISPATCH] Task 4 (Collect Network) P0 gets CPU
[12:45:07] [TASK] Network Fetch starting
[12:45:07] [TASK] Network Fetch completed (exec #84)
[12:45:08] 
=== TICK 143 ===
[12:45:08] [READY] Task 1 (Collect CPU) ready - interval 1s elapsed
[12:45:08] [READY] Task 2 (Collect RAM) ready - interval 1s elapsed
[12:45:08] [READY] Task 3 (Collect DISK) ready - interval 1s elapsed
[12:45:08] [READY] Task 4 (Collect Network) ready - interval 1s elapsed
[12:45:08] [READY] Task 5 (Analyzer) ready - interval 1s elapsed
[12:45:08] [DISPATCH] Executing 5 ready task(s) in priority order
[12:45:08] [DISPATCH] Task 1 (Collect CPU) P3 gets CPU
[12:45:08] [TASK] CPU Monitor starting
[12:45:08] [TASK] CPU Monitor completed (exec #142)
[12:45:08] [DISPATCH] Task 2 (Collect RAM) P3 gets CPU
[12:45:08] [TASK] RAM Monitor starting
[12:45:08] [TASK] RAM Monitor completed (exec #95)
[12:45:08] [DISPATCH] Task 5 (Analyzer) P3 gets CPU
[12:45:08] [TASK] Analyzer starting
[12:45:08] [ERROR] Analyzer failed with code 256 (may need 'make all' first)
[12:45:08] [DISPATCH] Task 3 (Collect DISK) P2 gets CPU
[12:45:08] [TASK] Disk Monitor starting
[12:45:09] [TASK] Disk Monitor completed (exec #87)
[12:45:09] [DISPATCH] Task 4 (Collect Network) P0 gets CPU
[12:45:09] [TASK] Network Fetch starting
[12:45:09] [TASK] Network Fetch completed (exec #85)
[12:45:09] 
=== TICK 144 ===
[12:45:09] [READY] Task 1 (Collect CPU) ready - interval 1s elapsed
[12:45:09] [READY] Task 2 (Collect RAM) ready - interval 1s elapsed
[12:45:09] [READY] Task 3 (Collect DISK) ready - interval 1s elapsed
[12:45:09] [READY] Task 5 (Analyzer) ready - interval 1s elapsed
[12:45:09] [READY] Task 6 (Report Generator) ready - interval 9s elapsed
[12:45:09] [DISPATCH] Executing 5 ready task(s) in priority order
[12:45:09] [DISPATCH] Task 1 (Collect CPU) P3 gets CPU
[12:45:09] [TASK] CPU Monitor starting
[12:45:10] [TASK] CPU Monitor completed (exec #143)
[12:45:10] [DISPATCH] Task 2 (Collect RAM) P3 gets CPU
[12:45:10] [TASK] RAM Monitor starting
[12:45:10] [TASK] RAM Monitor completed (exec #96)
[12:45:10] [DISPATCH] Task 5 (Analyzer) P3 gets CPU
[12:45:10] [TASK] Analyzer starting
[12:45:10] [ERROR] Analyzer failed with code 256 (may need 'make all' first)
[12:45:10] [DISPATCH] Task 6 (Report Generator) P3 gets CPU
[12:45:10] [TASK] Report Generator starting
[12:45:11] [TASK] Report Generator completed (exec #16)
[12:45:11] [DISPATCH] Task 3 (Collect DISK) P2 gets CPU
[12:45:11] [TASK] Disk Monitor starting
[12:45:11] [TASK] Disk Monitor completed (exec #88)
[12:45:11] 
=== TICK 145 ===
[12:45:11] [READY] Task 1 (Collect CPU) ready - interval 1s elapsed
[12:45:11] [READY] Task 2 (Collect RAM) ready - interval 1s elapsed
[12:45:11] [READY] Task 4 (Collect Network) ready - interval 1s elapsed
[12:45:11] [READY] Task 5 (Analyzer) ready - interval 1s elapsed
[12:45:11] [DISPATCH] Executing 4 ready task(s) in priority order
[12:45:11] [DISPATCH] Task 1 (Collect CPU) P3 gets CPU
[12:45:11] [TASK] CPU Monitor starting
[12:45:12] [TASK] CPU Monitor completed (exec #144)
[12:45:12] [DISPATCH] Task 2 (Collect RAM) P3 gets CPU
[12:45:12] [TASK] RAM Monitor starting
[12:45:12] [TASK] RAM Monitor completed (exec #97)
[12:45:12] [DISPATCH] Task 5 (Analyzer) P3 gets CPU
[12:45:12] [TASK] Analyzer starting
[12:45:12] [ERROR] Analyzer failed with code 256 (may need 'make all' first)
[12:45:12] [DISPATCH] Task 4 (Collect Network) P0 gets CPU
[12:45:12] [TASK] Network Fetch starting
[12:45:12] [TASK] Network Fetch completed (exec #86)
[12:45:12] 
=== TICK 146 ===
[12:45:12] [READY] Task 1 (Collect CPU) ready - interval 1s elapsed
[12:45:12] [READY] Task 3 (Collect DISK) ready - interval 1s elapsed
[12:45:12] [DISPATCH] Executing 2 ready task(s) in priority order
[12:45:12] [DISPATCH] Task 1 (Collect CPU) P3 gets CPU
[12:45:12] [TASK] CPU Monitor starting
[12:45:13] [TASK] CPU Monitor completed (exec #145)
[12:45:13] [DISPATCH] Task 3 (Collect DISK) P2 gets CPU
[12:45:13] [TASK] Disk Monitor starting
[12:45:13] [TASK] Disk Monitor completed (exec #89)
[12:45:13] 
=== TICK 147 ===
[12:45:13] [READY] Task 1 (Collect CPU) ready - interval 1s elapsed
[12:45:13] [READY] Task 2 (Collect RAM) ready - interval 1s elapsed
[12:45:13] [READY] Task 4 (Collect Network) ready - interval 1s elapsed
[12:45:13] [READY] Task 5 (Analyzer) ready - interval 1s elapsed
[12:45:13] [DISPATCH] Executing 4 ready task(s) in priority order
[12:45:13] [DISPATCH] Task 1 (Collect CPU) P3 gets CPU
[12:45:13] [TASK] CPU Monitor starting
[12:45:14] [TASK] CPU Monitor completed (exec #146)
[12:45:14] [DISPATCH] Task 2 (Collect RAM) P3 gets CPU
[12:45:14] [TASK] RAM Monitor starting
[12:45:14] [TASK] RAM Monitor completed (exec #98)
[12:45:14] [DISPATCH] Task 5 (Analyzer) P3 gets CPU
[12:45:14] [TASK] Analyzer starting
[12:45:14] [ERROR] Analyzer failed with code 256 (may need 'make all' first)
[12:45:14] [DISPATCH] Task 4 (Collect Network) P0 gets CPU
[12:45:14] [TASK] Network Fetch starting
[12:45:14] [TASK] Network Fetch completed (exec #87)
[12:45:14] 
=== TICK 148 ===
[12:45:14] [READY] Task 1 (Collect CPU) ready - interval 1s elapsed
[12:45:14] [READY] Task 3 (Collect DISK) ready - interval 1s elapsed
[12:45:14] [DISPATCH] Executing 2 ready task(s) in priority order
[12:45:14] [DISPATCH] Task 1 (Collect CPU) P3 gets CPU
[12:45:14] [TASK] CPU Monitor starting
[12:45:15] [TASK] CPU Monitor completed (exec #147)
[12:45:15] [DISPATCH] Task 3 (Collect DISK) P2 gets CPU
[12:45:15] [TASK] Disk Monitor starting
[12:45:15] [TASK] Disk Monitor completed (exec #90)
[12:45:15] 
=== TICK 149 ===
[12:45:15] [READY] Task 1 (Collect CPU) ready - interval 1s elapsed
[12:45:15] [READY] Task 2 (Collect RAM) ready - interval 1s elapsed
[12:45:15] [READY] Task 4 (Collect Network) ready - interval 1s elapsed
[12:45:15] [READY] Task 5 (Analyzer) ready - interval 1s elapsed
[12:45:15] [DISPATCH] Executing 4 ready task(s) in priority order
[12:45:15] [DISPATCH] Task 1 (Collect CPU) P3 gets CPU
[12:45:15] [TASK] CPU Monitor starting
[12:45:16] [TASK] CPU Monitor completed (exec #148)
[12:45:16] [DISPATCH] Task 2 (Collect RAM) P3 gets CPU
[12:45:16] [TASK] RAM Monitor starting
[12:45:16] [TASK] RAM Monitor completed (exec #99)
[12:45:16] [DISPATCH] Task 5 (Analyzer) P3 gets CPU
[12:45:16] [TASK] Analyzer starting
[12:45:16] [ERROR] Analyzer failed with code 256 (may need 'make all' first)
[12:45:16] [DISPATCH] Task 4 (Collect Network) P0 gets CPU
[12:45:16] [TASK] Network Fetch starting
[12:45:16] [TASK] Network Fetch completed (exec #88)
[12:45:16] 
=== TICK 150 ===
[12:45:16] [READY] Task 1 (Collect CPU) ready - interval 1s elapsed
[12:45:16] [READY] Task 3 (Collect DISK) ready - interval 1s elapsed
[12:45:16] [DISPATCH] Executing 2 ready task(s) in priority order
[12:45:16] [DISPATCH] Task 1 (Collect CPU) P3 gets CPU
[12:45:16] [TASK] CPU Monitor starting
[12:45:17] [TASK] CPU Monitor completed (exec #149)
[12:45:17] [DISPATCH] Task 3 (Collect DISK) P2 gets CPU
[12:45:17] [TASK] Disk Monitor starting
[12:45:17] [TASK] Disk Monitor completed (exec #91)
[12:45:17] 
=== TICK 151 ===
[12:45:17] [READY] Task 1 (Collect CPU) ready - interval 1s elapsed
[12:45:17] [READY] Task 2 (Collect RAM) ready - interval 1s elapsed
[12:45:17] [READY] Task 4 (Collect Network) ready - interval 1s elapsed
[12:45:17] [READY] Task 5 (Analyzer) ready - interval 1s elapsed
[12:45:17] [DISPATCH] Executing 4 ready task(s) in priority order
[12:45:17] [DISPATCH] Task 1 (Collect CPU) P3 gets CPU
[12:45:17] [TASK] CPU Monitor starting
[12:45:18] [TASK] CPU Monitor completed (exec #150)
[12:45:18] [DISPATCH] Task 2 (Collect RAM) P3 gets CPU
[12:45:18] [TASK] RAM Monitor starting
[12:45:18] [TASK] RAM Monitor completed (exec #100)
[12:45:18] [DISPATCH] Task 5 (Analyzer) P3 gets CPU
[12:45:18] [TASK] Analyzer starting
[12:45:18] [ERROR] Analyzer failed with code 256 (may need 'make all' first)
[12:45:18] [DISPATCH] Task 4 (Collect Network) P0 gets CPU
[12:45:18] [TASK] Network Fetch starting
[12:45:18] [TASK] Network Fetch completed (exec #89)
[12:45:18] 
=== TICK 152 ===
[12:45:18] [READY] Task 1 (Collect CPU) ready - interval 1s elapsed
[12:45:18] [READY] Task 3 (Collect DISK) ready - interval 1s elapsed
[12:45:18] [DISPATCH] Executing 2 ready task(s) in priority order
[12:45:18] [DISPATCH] Task 1 (Collect CPU) P3 gets CPU
[12:45:18] [TASK] CPU Monitor starting
[12:45:19] [TASK] CPU Monitor completed (exec #151)
[12:45:19] [DISPATCH] Task 3 (Collect DISK) P2 gets CPU
[12:45:19] [TASK] Disk Monitor starting
[12:45:19] [TASK] Disk Monitor completed (exec #92)
[12:45:19] 
=== TICK 153 ===
[12:45:19] [READY] Task 1 (Collect CPU) ready - interval 1s elapsed
[12:45:19] [READY] Task 2 (Collect RAM) ready - interval 1s elapsed
[12:45:19] [READY] Task 4 (Collect Network) ready - interval 1s elapsed
[12:45:19] [READY] Task 5 (Analyzer) ready - interval 1s elapsed
[12:45:19] [READY] Task 6 (Report Generator) ready - interval 9s elapsed
[12:45:19] [DISPATCH] Executing 5 ready task(s) in priority order
[12:45:19] [DISPATCH] Task 1 (Collect CPU) P3 gets CPU
[12:45:19] [TASK] CPU Monitor starting
[12:45:20] [TASK] CPU Monitor completed (exec #152)
[12:45:20] [DISPATCH] Task 2 (Collect RAM) P3 gets CPU
[12:45:20] [TASK] RAM Monitor starting
[12:45:20] [TASK] RAM Monitor completed (exec #101)
[12:45:20] [DISPATCH] Task 5 (Analyzer) P3 gets CPU
[12:45:20] [TASK] Analyzer starting
[12:45:20] [ERROR] Analyzer failed with code 256 (may need 'make all' first)
[12:45:20] [DISPATCH] Task 6 (Report Generator) P3 gets CPU
[12:45:20] [TASK] Report Generator starting
[12:45:21] [TASK] Report Generator completed (exec #17)
[12:45:21] [DISPATCH] Task 4 (Collect Network) P0 gets CPU
[12:45:21] [TASK] Network Fetch starting
[12:45:21] [TASK] Network Fetch completed (exec #90)
[12:45:21] 
=== TICK 154 ===
[12:45:21] [READY] Task 1 (Collect CPU) ready - interval 1s elapsed
[12:45:21] [READY] Task 2 (Collect RAM) ready - interval 1s elapsed
[12:45:21] [READY] Task 3 (Collect DISK) ready - interval 1s elapsed
[12:45:21] [READY] Task 5 (Analyzer) ready - interval 1s elapsed
[12:45:21] [DISPATCH] Executing 4 ready task(s) in priority order
[12:45:21] [DISPATCH] Task 1 (Collect CPU) P3 gets CPU
[12:45:21] [TASK] CPU Monitor starting
[12:45:21] [TASK] CPU Monitor completed (exec #153)
[12:45:21] [DISPATCH] Task 2 (Collect RAM) P3 gets CPU
[12:45:21] [TASK] RAM Monitor starting
[12:45:21] [TASK] RAM Monitor completed (exec #102)
[12:45:21] [DISPATCH] Task 5 (Analyzer) P3 gets CPU
[12:45:21] [TASK] Analyzer starting
[12:45:21] [ERROR] Analyzer failed with code 256 (may need 'make all' first)
[12:45:21] [DISPATCH] Task 3 (Collect DISK) P2 gets CPU
[12:45:21] [TASK] Disk Monitor starting
[12:45:21] [TASK] Disk Monitor completed (exec #93)
[12:45:22] 
=== TICK 155 ===
[12:45:22] [READY] Task 1 (Collect CPU) ready - interval 1s elapsed
[12:45:22] [READY] Task 2 (Collect RAM) ready - interval 1s elapsed
[12:45:22] [READY] Task 3 (Collect DISK) ready - interval 1s elapsed
[12:45:22] [READY] Task 4 (Collect Network) ready - interval 1s elapsed
[12:45:22] [READY] Task 5 (Analyzer) ready - interval 1s elapsed
[12:45:22] [DISPATCH] Executing 5 ready task(s) in priority order
[12:45:22] [DISPATCH] Task 1 (Collect CPU) P3 gets CPU
[12:45:22] [TASK] CPU Monitor starting
[12:45:22] [TASK] CPU Monitor completed (exec #154)
[12:45:22] [DISPATCH] Task 2 (Collect RAM) P3 gets CPU
[12:45:22] [TASK] RAM Monitor starting
[12:45:22] [TASK] RAM Monitor completed (exec #103)
[12:45:22] [DISPATCH] Task 5 (Analyzer) P3 gets CPU
[12:45:22] [TASK] Analyzer starting
[12:45:22] [ERROR] Analyzer failed with code 256 (may need 'make all' first)
[12:45:22] [DISPATCH] Task 3 (Collect DISK) P2 gets CPU
[12:45:22] [TASK] Disk Monitor starting
[12:45:22] [TASK] Disk Monitor completed (exec #94)
[12:45:22] [DISPATCH] Task 4 (Collect Network) P0 gets CPU
[12:45:22] [TASK] Network Fetch starting
[12:45:23] [TASK] Network Fetch completed (exec #91)
[12:45:23] 
=== TICK 156 ===
[12:45:23] [READY] Task 1 (Collect CPU) ready - interval 1s elapsed
[12:45:23] [READY] Task 2 (Collect RAM) ready - interval 1s elapsed
[12:45:23] [READY] Task 3 (Collect DISK) ready - interval 1s elapsed
[12:45:23] [READY] Task 4 (Collect Network) ready - interval 1s elapsed
[12:45:23] [READY] Task 5 (Analyzer) ready - interval 1s elapsed
[12:45:23] [DISPATCH] Executing 5 ready task(s) in priority order
[12:45:23] [DISPATCH] Task 1 (Collect CPU) P3 gets CPU
[12:45:23] [TASK] CPU Monitor starting
[12:45:23] [TASK] CPU Monitor completed (exec #155)
[12:45:23] [DISPATCH] Task 2 (Collect RAM) P3 gets CPU
[12:45:23] [TASK] RAM Monitor starting
[12:45:23] [TASK] RAM Monitor completed (exec #104)
[12:45:23] [DISPATCH] Task 5 (Analyzer) P3 gets CPU
[12:45:23] [TASK] Analyzer starting
[12:45:23] [ERROR] Analyzer failed with code 256 (may need 'make all' first)
[12:45:23] [DISPATCH] Task 3 (Collect DISK) P2 gets CPU
[12:45:23] [TASK] Disk Monitor starting
[12:45:23] [TASK] Disk Monitor completed (exec #95)
[12:45:23] [DISPATCH] Task 4 (Collect Network) P0 gets CPU
[12:45:23] [TASK] Network Fetch starting
[12:45:23] [TASK] Network Fetch completed (exec #92)
[12:45:24] 
=== TICK 157 ===
[12:45:24] [READY] Task 1 (Collect CPU) ready - interval 1s elapsed
[12:45:24] [READY] Task 2 (Collect RAM) ready - interval 1s elapsed
[12:45:24] [READY] Task 3 (Collect DISK) ready - interval 1s elapsed
[12:45:24] [READY] Task 4 (Collect Network) ready - interval 1s elapsed
[12:45:24] [READY] Task 5 (Analyzer) ready - interval 1s elapsed
[12:45:24] [DISPATCH] Executing 5 ready task(s) in priority order
[12:45:24] [DISPATCH] Task 1 (Collect CPU) P3 gets CPU
[12:45:24] [TASK] CPU Monitor starting
[12:45:24] [TASK] CPU Monitor completed (exec #156)
[12:45:24] [DISPATCH] Task 2 (Collect RAM) P3 gets CPU
[12:45:24] [TASK] RAM Monitor starting
[12:45:24] [TASK] RAM Monitor completed (exec #105)
[12:45:24] [DISPATCH] Task 5 (Analyzer) P3 gets CPU
[12:45:24] [TASK] Analyzer starting
[12:45:24] [ERROR] Analyzer failed with code 256 (may need 'make all' first)
[12:45:24] [DISPATCH] Task 3 (Collect DISK) P2 gets CPU
[12:45:24] [TASK] Disk Monitor starting
[12:45:24] [TASK] Disk Monitor completed (exec #96)
[12:45:24] [DISPATCH] Task 4 (Collect Network) P0 gets CPU
[12:45:24] [TASK] Network Fetch starting
[12:45:24] [TASK] Network Fetch completed (exec #93)
[12:45:25] 
=== TICK 158 ===
[12:45:25] [READY] Task 1 (Collect CPU) ready - interval 1s elapsed
[12:45:25] [READY] Task 2 (Collect RAM) ready - interval 1s elapsed
[12:45:25] [READY] Task 3 (Collect DISK) ready - interval 1s elapsed
[12:45:25] [READY] Task 4 (Collect Network) ready - interval 1s elapsed
[12:45:25] [READY] Task 5 (Analyzer) ready - interval 1s elapsed
[12:45:25] [DISPATCH] Executing 5 ready task(s) in priority order
[12:45:25] [DISPATCH] Task 1 (Collect CPU) P3 gets CPU
[12:45:25] [TASK] CPU Monitor starting
[12:45:25] [TASK] CPU Monitor completed (exec #157)
[12:45:25] [DISPATCH] Task 2 (Collect RAM) P3 gets CPU
[12:45:25] [TASK] RAM Monitor starting
[12:45:25] [TASK] RAM Monitor completed (exec #106)
[12:45:25] [DISPATCH] Task 5 (Analyzer) P3 gets CPU
[12:45:25] [TASK] Analyzer starting
[12:45:25] [ERROR] Analyzer failed with code 256 (may need 'make all' first)
[12:45:25] [DISPATCH] Task 3 (Collect DISK) P2 gets CPU
[12:45:25] [TASK] Disk Monitor starting
[12:45:25] [TASK] Disk Monitor completed (exec #97)
[12:45:25] [DISPATCH] Task 4 (Collect Network) P0 gets CPU
[12:45:25] [TASK] Network Fetch starting
[12:45:25] [TASK] Network Fetch completed (exec #94)
[12:45:26] 
=== TICK 159 ===
[12:45:26] [READY] Task 1 (Collect CPU) ready - interval 1s elapsed
[12:45:26] [READY] Task 2 (Collect RAM) ready - interval 1s elapsed
[12:45:26] [READY] Task 3 (Collect DISK) ready - interval 1s elapsed
[12:45:26] [READY] Task 4 (Collect Network) ready - interval 1s elapsed
[12:45:26] [READY] Task 5 (Analyzer) ready - interval 1s elapsed
[12:45:26] [DISPATCH] Executing 5 ready task(s) in priority order
[12:45:26] [DISPATCH] Task 1 (Collect CPU) P3 gets CPU
[12:45:26] [TASK] CPU Monitor starting
[12:45:26] [TASK] CPU Monitor completed (exec #158)
[12:45:26] [DISPATCH] Task 2 (Collect RAM) P3 gets CPU
[12:45:26] [TASK] RAM Monitor starting
[12:45:26] [TASK] RAM Monitor completed (exec #107)
[12:45:26] [DISPATCH] Task 5 (Analyzer) P3 gets CPU
[12:45:26] [TASK] Analyzer starting
[12:45:26] [ERROR] Analyzer failed with code 256 (may need 'make all' first)
[12:45:26] [DISPATCH] Task 3 (Collect DISK) P2 gets CPU
[12:45:26] [TASK] Disk Monitor starting
[12:45:26] [TASK] Disk Monitor completed (exec #98)
[12:45:26] [DISPATCH] Task 4 (Collect Network) P0 gets CPU
[12:45:26] [TASK] Network Fetch starting
[12:45:26] [TASK] Network Fetch completed (exec #95)
[12:45:27] 
=== TICK 160 ===
[12:45:27] [READY] Task 1 (Collect CPU) ready - interval 1s elapsed
[12:45:27] [READY] Task 2 (Collect RAM) ready - interval 1s elapsed
[12:45:27] [READY] Task 3 (Collect DISK) ready - interval 1s elapsed
[12:45:27] [READY] Task 4 (Collect Network) ready - interval 1s elapsed
[12:45:27] [READY] Task 5 (Analyzer) ready - interval 1s elapsed
[12:45:27] [DISPATCH] Executing 5 ready task(s) in priority order
[12:45:27] [DISPATCH] Task 1 (Collect CPU) P3 gets CPU
[12:45:27] [TASK] CPU Monitor starting
[12:45:27] [TASK] CPU Monitor completed (exec #159)
[12:45:27] [DISPATCH] Task 2 (Collect RAM) P3 gets CPU
[12:45:27] [TASK] RAM Monitor starting
[12:45:27] [TASK] RAM Monitor completed (exec #108)
[12:45:27] [DISPATCH] Task 5 (Analyzer) P3 gets CPU
[12:45:27] [TASK] Analyzer starting
[12:45:27] [ERROR] Analyzer failed with code 256 (may need 'make all' first)
[12:45:27] [DISPATCH] Task 3 (Collect DISK) P2 gets CPU
[12:45:27] [TASK] Disk Monitor starting
[12:45:27] [TASK] Disk Monitor completed (exec #99)
[12:45:27] [DISPATCH] Task 4 (Collect Network) P0 gets CPU
[12:45:27] [TASK] Network Fetch starting
[12:45:27] [TASK] Network Fetch completed (exec #96)
[12:45:28] 
=== TICK 161 ===
[12:45:28] [READY] Task 1 (Collect CPU) ready - interval 1s elapsed
[12:45:28] [READY] Task 2 (Collect RAM) ready - interval 1s elapsed
[12:45:28] [READY] Task 3 (Collect DISK) ready - interval 1s elapsed
[12:45:28] [READY] Task 4 (Collect Network) ready - interval 1s elapsed
[12:45:28] [READY] Task 5 (Analyzer) ready - interval 1s elapsed
[12:45:28] [DISPATCH] Executing 5 ready task(s) in priority order
[12:45:28] [DISPATCH] Task 1 (Collect CPU) P3 gets CPU
[12:45:28] [TASK] CPU Monitor starting
[12:45:28] [TASK] CPU Monitor completed (exec #160)
[12:45:28] [DISPATCH] Task 2 (Collect RAM) P3 gets CPU
[12:45:28] [TASK] RAM Monitor starting
[12:45:28] [TASK] RAM Monitor completed (exec #109)
[12:45:28] [DISPATCH] Task 5 (Analyzer) P3 gets CPU
[12:45:28] [TASK] Analyzer starting
[12:45:28] [ERROR] Analyzer failed with code 256 (may need 'make all' first)
[12:45:28] [DISPATCH] Task 3 (Collect DISK) P2 gets CPU
[12:45:28] [TASK] Disk Monitor starting
[12:45:28] [TASK] Disk Monitor completed (exec #100)
[12:45:28] [DISPATCH] Task 4 (Collect Network) P0 gets CPU
[12:45:28] [TASK] Network Fetch starting
[12:45:28] [TASK] Network Fetch completed (exec #97)
[12:45:29] 
=== TICK 162 ===
[12:45:29] [READY] Task 1 (Collect CPU) ready - interval 1s elapsed
[12:45:29] [READY] Task 2 (Collect RAM) ready - interval 1s elapsed
[12:45:29] [READY] Task 3 (Collect DISK) ready - interval 1s elapsed
[12:45:29] [READY] Task 4 (Collect Network) ready - interval 1s elapsed
[12:45:29] [READY] Task 5 (Analyzer) ready - interval 1s elapsed
[12:45:29] [READY] Task 6 (Report Generator) ready - interval 9s elapsed
[12:45:29] [DISPATCH] Executing 6 ready task(s) in priority order
[12:45:29] [DISPATCH] Task 1 (Collect CPU) P3 gets CPU
[12:45:29] [TASK] CPU Monitor starting
[12:45:29] [TASK] CPU Monitor completed (exec #161)
[12:45:29] [DISPATCH] Task 2 (Collect RAM) P3 gets CPU
[12:45:29] [TASK] RAM Monitor starting
[12:45:29] [TASK] RAM Monitor completed (exec #110)
[12:45:29] [DISPATCH] Task 5 (Analyzer) P3 gets CPU
[12:45:29] [TASK] Analyzer starting
[12:45:29] [ERROR] Analyzer failed with code 256 (may need 'make all' first)
[12:45:29] [DISPATCH] Task 6 (Report Generator) P3 gets CPU
[12:45:29] [TASK] Report Generator starting
[12:45:30] [TASK] Report Generator completed (exec #18)
[12:45:30] [DISPATCH] Task 3 (Collect DISK) P2 gets CPU
[12:45:30] [TASK] Disk Monitor starting
[12:45:30] [TASK] Disk Monitor completed (exec #101)
[12:45:30] [DISPATCH] Task 4 (Collect Network) P0 gets CPU
[12:45:30] [TASK] Network Fetch starting
[12:45:30] [TASK] Network Fetch completed (exec #98)
[12:45:30] 
=== TICK 163 ===
[12:45:30] [READY] Task 1 (Collect CPU) ready - interval 1s elapsed
[12:45:30] [READY] Task 2 (Collect RAM) ready - interval 1s elapsed
[12:45:30] [READY] Task 5 (Analyzer) ready - interval 1s elapsed
[12:45:30] [DISPATCH] Executing 3 ready task(s) in priority order
[12:45:30] [DISPATCH] Task 1 (Collect CPU) P3 gets CPU
[12:45:30] [TASK] CPU Monitor starting
[12:45:31] [TASK] CPU Monitor completed (exec #162)
[12:45:31] [DISPATCH] Task 2 (Collect RAM) P3 gets CPU
[12:45:31] [TASK] RAM Monitor starting
[12:45:31] [TASK] RAM Monitor completed (exec #111)
[12:45:31] [DISPATCH] Task 5 (Analyzer) P3 gets CPU
[12:45:31] [TASK] Analyzer starting
[12:45:31] [ERROR] Analyzer failed with code 256 (may need 'make all' first)
[12:45:31] 
=== TICK 164 ===
[12:45:31] [READY] Task 1 (Collect CPU) ready - interval 1s elapsed
[12:45:31] [READY] Task 3 (Collect DISK) ready - interval 1s elapsed
[12:45:31] [READY] Task 4 (Collect Network) ready - interval 1s elapsed
[12:45:31] [DISPATCH] Executing 3 ready task(s) in priority order
[12:45:31] [DISPATCH] Task 1 (Collect CPU) P3 gets CPU
[12:45:31] [TASK] CPU Monitor starting
[12:45:32] [TASK] CPU Monitor completed (exec #163)
[12:45:32] [DISPATCH] Task 3 (Collect DISK) P2 gets CPU
[12:45:32] [TASK] Disk Monitor starting
[12:45:32] [TASK] Disk Monitor completed (exec #102)
[12:45:32] [DISPATCH] Task 4 (Collect Network) P0 gets CPU
[12:45:32] [TASK] Network Fetch starting
[12:45:32] [TASK] Network Fetch completed (exec #99)
[12:45:32] 
=== TICK 165 ===
[12:45:32] [READY] Task 1 (Collect CPU) ready - interval 1s elapsed
[12:45:32] [READY] Task 2 (Collect RAM) ready - interval 1s elapsed
[12:45:32] [READY] Task 5 (Analyzer) ready - interval 1s elapsed
[12:45:32] [DISPATCH] Executing 3 ready task(s) in priority order
[12:45:32] [DISPATCH] Task 1 (Collect CPU) P3 gets CPU
[12:45:32] [TASK] CPU Monitor starting
[12:45:33] [TASK] CPU Monitor completed (exec #164)
[12:45:33] [DISPATCH] Task 2 (Collect RAM) P3 gets CPU
[12:45:33] [TASK] RAM Monitor starting
[12:45:33] [TASK] RAM Monitor completed (exec #112)
[12:45:33] [DISPATCH] Task 5 (Analyzer) P3 gets CPU
[12:45:33] [TASK] Analyzer starting
[12:45:33] [ERROR] Analyzer failed with code 256 (may need 'make all' first)
[12:45:33] 
=== TICK 166 ===
[12:45:33] [READY] Task 1 (Collect CPU) ready - interval 1s elapsed
[12:45:33] [READY] Task 3 (Collect DISK) ready - interval 1s elapsed
[12:45:33] [READY] Task 4 (Collect Network) ready - interval 1s elapsed
[12:45:33] [DISPATCH] Executing 3 ready task(s) in priority order
[12:45:33] [DISPATCH] Task 1 (Collect CPU) P3 gets CPU
[12:45:33] [TASK] CPU Monitor starting
[12:45:34] [TASK] CPU Monitor completed (exec #165)
[12:45:34] [DISPATCH] Task 3 (Collect DISK) P2 gets CPU
[12:45:34] [TASK] Disk Monitor starting
[12:45:34] [TASK] Disk Monitor completed (exec #103)
[12:45:34] [DISPATCH] Task 4 (Collect Network) P0 gets CPU
[12:45:34] [TASK] Network Fetch starting
[12:45:34] [TASK] Network Fetch completed (exec #100)
[12:45:34] 
=== TICK 167 ===
[12:45:34] [READY] Task 1 (Collect CPU) ready - interval 1s elapsed
[12:45:34] [READY] Task 2 (Collect RAM) ready - interval 1s elapsed
[12:45:34] [READY] Task 5 (Analyzer) ready - interval 1s elapsed
[12:45:34] [DISPATCH] Executing 3 ready task(s) in priority order
[12:45:34] [DISPATCH] Task 1 (Collect CPU) P3 gets CPU
[12:45:34] [TASK] CPU Monitor starting
[12:45:35] [TASK] CPU Monitor completed (exec #166)
[12:45:35] [DISPATCH] Task 2 (Collect RAM) P3 gets CPU
[12:45:35] [TASK] RAM Monitor starting
[12:45:35] [TASK] RAM Monitor completed (exec #113)
[12:45:35] [DISPATCH] Task 5 (Analyzer) P3 gets CPU
[12:45:35] [TASK] Analyzer starting
[12:45:35] [ERROR] Analyzer failed with code 256 (may need 'make all' first)
[12:45:35] 
=== TICK 168 ===
[12:45:35] [READY] Task 1 (Collect CPU) ready - interval 1s elapsed
[12:45:35] [READY] Task 3 (Collect DISK) ready - interval 1s elapsed
[12:45:35] [READY] Task 4 (Collect Network) ready - interval 1s elapsed
[12:45:35] [DISPATCH] Executing 3 ready task(s) in priority order
[12:45:35] [DISPATCH] Task 1 (Collect CPU) P3 gets CPU
[12:45:35] [TASK] CPU Monitor starting
[12:45:36] [TASK] CPU Monitor completed (exec #167)
[12:45:36] [DISPATCH] Task 3 (Collect DISK) P2 gets CPU
[12:45:36] [TASK] Disk Monitor starting
[12:45:36] [TASK] Disk Monitor completed (exec #104)
[12:45:36] [DISPATCH] Task 4 (Collect Network) P0 gets CPU
[12:45:36] [TASK] Network Fetch starting
[12:45:36] [TASK] Network Fetch completed (exec #101)
[12:45:36] 
=== TICK 169 ===
[12:45:36] [READY] Task 1 (Collect CPU) ready - interval 1s elapsed
[12:45:36] [READY] Task 2 (Collect RAM) ready - interval 1s elapsed
[12:45:36] [READY] Task 5 (Analyzer) ready - interval 1s elapsed
[12:45:36] [DISPATCH] Executing 3 ready task(s) in priority order
[12:45:36] [DISPATCH] Task 1 (Collect CPU) P3 gets CPU
[12:45:36] [TASK] CPU Monitor starting
[12:45:37] [TASK] CPU Monitor completed (exec #168)
[12:45:37] [DISPATCH] Task 2 (Collect RAM) P3 gets CPU
[12:45:37] [TASK] RAM Monitor starting
[12:45:37] [TASK] RAM Monitor completed (exec #114)
[12:45:37] [DISPATCH] Task 5 (Analyzer) P3 gets CPU
[12:45:37] [TASK] Analyzer starting
[12:45:37] [ERROR] Analyzer failed with code 256 (may need 'make all' first)
[12:45:37] 
=== TICK 170 ===
[12:45:37] [READY] Task 1 (Collect CPU) ready - interval 1s elapsed
[12:45:37] [READY] Task 3 (Collect DISK) ready - interval 1s elapsed
[12:45:37] [READY] Task 4 (Collect Network) ready - interval 1s elapsed
[12:45:37] [DISPATCH] Executing 3 ready task(s) in priority order
[12:45:37] [DISPATCH] Task 1 (Collect CPU) P3 gets CPU
[12:45:37] [TASK] CPU Monitor starting
[12:45:38] [TASK] CPU Monitor completed (exec #169)
[12:45:38] [DISPATCH] Task 3 (Collect DISK) P2 gets CPU
[12:45:38] [TASK] Disk Monitor starting
[12:45:38] [TASK] Disk Monitor completed (exec #105)
[12:45:38] [DISPATCH] Task 4 (Collect Network) P0 gets CPU
[12:45:38] [TASK] Network Fetch starting
[12:45:38] [TASK] Network Fetch completed (exec #102)
[12:45:38] 
=== TICK 171 ===
[12:45:38] [READY] Task 1 (Collect CPU) ready - interval 1s elapsed
[12:45:38] [READY] Task 2 (Collect RAM) ready - interval 1s elapsed
[12:45:38] [READY] Task 5 (Analyzer) ready - interval 1s elapsed
[12:45:38] [READY] Task 6 (Report Generator) ready - interval 9s elapsed
[12:45:38] [DISPATCH] Executing 4 ready task(s) in priority order
[12:45:38] [DISPATCH] Task 1 (Collect CPU) P3 gets CPU
[12:45:38] [TASK] CPU Monitor starting
[12:45:39] [TASK] CPU Monitor completed (exec #170)
[12:45:39] [DISPATCH] Task 2 (Collect RAM) P3 gets CPU
[12:45:39] [TASK] RAM Monitor starting
[12:45:39] [TASK] RAM Monitor completed (exec #115)
[12:45:39] [DISPATCH] Task 5 (Analyzer) P3 gets CPU
[12:45:39] [TASK] Analyzer starting
[12:45:39] [ERROR] Analyzer failed with code 256 (may need 'make all' first)
[12:45:39] [DISPATCH] Task 6 (Report Generator) P3 gets CPU
[12:45:39] [TASK] Report Generator starting
[12:45:40] [TASK] Report Generator completed (exec #19)
[12:45:40] 
=== TICK 172 ===
[12:45:40] [READY] Task 1 (Collect CPU) ready - interval 1s elapsed
[12:45:40] [READY] Task 2 (Collect RAM) ready - interval 1s elapsed
[12:45:40] [READY] Task 3 (Collect DISK) ready - interval 1s elapsed
[12:45:40] [READY] Task 4 (Collect Network) ready - interval 1s elapsed
[12:45:40] [READY] Task 5 (Analyzer) ready - interval 1s elapsed
[12:45:40] [DISPATCH] Executing 5 ready task(s) in priority order
[12:45:40] [DISPATCH] Task 1 (Collect CPU) P3 gets CPU
[12:45:40] [TASK] CPU Monitor starting
[12:45:41] [TASK] CPU Monitor completed (exec #171)
[12:45:41] [DISPATCH] Task 2 (Collect RAM) P3 gets CPU
[12:45:41] [TASK] RAM Monitor starting
[12:45:41] [TASK] RAM Monitor completed (exec #116)
[12:45:41] [DISPATCH] Task 5 (Analyzer) P3 gets CPU
[12:45:41] [TASK] Analyzer starting
[12:45:41] [ERROR] Analyzer failed with code 256 (may need 'make all' first)
[12:45:41] [DISPATCH] Task 3 (Collect DISK) P2 gets CPU
[12:45:41] [TASK] Disk Monitor starting
[12:45:41] [TASK] Disk Monitor completed (exec #106)
[12:45:41] [DISPATCH] Task 4 (Collect Network) P0 gets CPU
[12:45:41] [TASK] Network Fetch starting
[12:45:41] [TASK] Network Fetch completed (exec #103)
[12:45:41] 
=== TICK 173 ===
[12:45:41] [READY] Task 1 (Collect CPU) ready - interval 1s elapsed
[12:45:41] [DISPATCH] Executing 1 ready task(s) in priority order
[12:45:41] [DISPATCH] Task 1 (Collect CPU) P3 gets CPU
[12:45:41] [TASK] CPU Monitor starting
[12:45:42] [TASK] CPU Monitor completed (exec #172)
[12:45:43] 
=== TICK 174 ===
[12:45:43] [READY] Task 1 (Collect CPU) ready - interval 1s elapsed
[12:45:43] [READY] Task 2 (Collect RAM) ready - interval 1s elapsed
[12:45:43] [READY] Task 3 (Collect DISK) ready - interval 1s elapsed
[12:45:43] [READY] Task 4 (Collect Network) ready - interval 1s elapsed
[12:45:43] [READY] Task 5 (Analyzer) ready - interval 1s elapsed
[12:45:43] [DISPATCH] Executing 5 ready task(s) in priority order
[12:45:43] [DISPATCH] Task 1 (Collect CPU) P3 gets CPU
[12:45:43] [TASK] CPU Monitor starting
[12:45:44] [TASK] CPU Monitor completed (exec #173)
[12:45:44] [DISPATCH] Task 2 (Collect RAM) P3 gets CPU
[12:45:44] [TASK] RAM Monitor starting
[12:45:44] [TASK] RAM Monitor completed (exec #117)
[12:45:44] [DISPATCH] Task 5 (Analyzer) P3 gets CPU
[12:45:44] [TASK] Analyzer starting
[12:45:44] [ERROR] Analyzer failed with code 256 (may need 'make all' first)
[12:45:44] [DISPATCH] Task 3 (Collect DISK) P2 gets CPU
[12:45:44] [TASK] Disk Monitor starting
[12:45:44] [TASK] Disk Monitor completed (exec #107)
[12:45:44] [DISPATCH] Task 4 (Collect Network) P0 gets CPU
[12:45:44] [TASK] Network Fetch starting
[12:45:44] [TASK] Network Fetch completed (exec #104)
[12:45:44] 
=== TICK 175 ===
[12:45:44] [READY] Task 1 (Collect CPU) ready - interval 1s elapsed
[12:45:44] [DISPATCH] Executing 1 ready task(s) in priority order
[12:45:44] [DISPATCH] Task 1 (Collect CPU) P3 gets CPU
[12:45:44] [TASK] CPU Monitor starting
[12:45:45] [TASK] CPU Monitor completed (exec #174)
[12:45:45] 
=== TICK 176 ===
[12:45:45] [READY] Task 1 (Collect CPU) ready - interval 1s elapsed
[12:45:45] [READY] Task 2 (Collect RAM) ready - interval 1s elapsed
[12:45:45] [READY] Task 3 (Collect DISK) ready - interval 1s elapsed
[12:45:45] [READY] Task 4 (Collect Network) ready - interval 1s elapsed
[12:45:45] [READY] Task 5 (Analyzer) ready - interval 1s elapsed
[12:45:45] [DISPATCH] Executing 5 ready task(s) in priority order
[12:45:45] [DISPATCH] Task 1 (Collect CPU) P3 gets CPU
[12:45:45] [TASK] CPU Monitor starting
[12:45:46] [TASK] CPU Monitor completed (exec #175)
[12:45:46] [DISPATCH] Task 2 (Collect RAM) P3 gets CPU
[12:45:46] [TASK] RAM Monitor starting
[12:45:46] [TASK] RAM Monitor completed (exec #118)
[12:45:46] [DISPATCH] Task 5 (Analyzer) P3 gets CPU
[12:45:46] [TASK] Analyzer starting
[12:45:46] [ERROR] Analyzer failed with code 256 (may need 'make all' first)
[12:45:46] [DISPATCH] Task 3 (Collect DISK) P2 gets CPU
[12:45:46] [TASK] Disk Monitor starting
[12:45:46] [TASK] Disk Monitor completed (exec #108)
[12:45:46] [DISPATCH] Task 4 (Collect Network) P0 gets CPU
[12:45:46] [TASK] Network Fetch starting
[12:45:46] [TASK] Network Fetch completed (exec #105)
[12:45:46] 
=== TICK 177 ===
[12:45:46] [READY] Task 1 (Collect CPU) ready - interval 1s elapsed
[12:45:46] [DISPATCH] Executing 1 ready task(s) in priority order
[12:45:46] [DISPATCH] Task 1 (Collect CPU) P3 gets CPU
[12:45:46] [TASK] CPU Monitor starting
[12:45:47] [TASK] CPU Monitor completed (exec #176)
[12:45:47] 
=== TICK 178 ===
[12:45:47] [READY] Task 1 (Collect CPU) ready - interval 1s elapsed
[12:45:47] [READY] Task 2 (Collect RAM) ready - interval 1s elapsed
[12:45:47] [READY] Task 3 (Collect DISK) ready - interval 1s elapsed
[12:45:47] [READY] Task 4 (Collect Network) ready - interval 1s elapsed
[12:45:47] [READY] Task 5 (Analyzer) ready - interval 1s elapsed
[12:45:47] [DISPATCH] Executing 5 ready task(s) in priority order
[12:45:47] [DISPATCH] Task 1 (Collect CPU) P3 gets CPU
[12:45:47] [TASK] CPU Monitor starting
[12:45:48] [TASK] CPU Monitor completed (exec #177)
[12:45:48] [DISPATCH] Task 2 (Collect RAM) P3 gets CPU
[12:45:48] [TASK] RAM Monitor starting
[12:45:48] [TASK] RAM Monitor completed (exec #119)
[12:45:48] [DISPATCH] Task 5 (Analyzer) P3 gets CPU
[12:45:48] [TASK] Analyzer starting
[12:45:48] [ERROR] Analyzer failed with code 256 (may need 'make all' first)
[12:45:48] [DISPATCH] Task 3 (Collect DISK) P2 gets CPU
[12:45:48] [TASK] Disk Monitor starting
[12:45:48] [TASK] Disk Monitor completed (exec #109)
[12:45:48] [DISPATCH] Task 4 (Collect Network) P0 gets CPU
[12:45:48] [TASK] Network Fetch starting
[12:45:48] [TASK] Network Fetch completed (exec #106)
[12:45:48] 
=== TICK 179 ===
[12:45:48] [READY] Task 1 (Collect CPU) ready - interval 1s elapsed
[12:45:48] [READY] Task 6 (Report Generator) ready - interval 9s elapsed
[12:45:48] [DISPATCH] Executing 2 ready task(s) in priority order
[12:45:48] [DISPATCH] Task 1 (Collect CPU) P3 gets CPU
[12:45:48] [TASK] CPU Monitor starting
[12:45:49] [TASK] CPU Monitor completed (exec #178)
[12:45:49] [DISPATCH] Task 6 (Report Generator) P3 gets CPU
[12:45:49] [TASK] Report Generator starting
[12:45:50] [TASK] Report Generator completed (exec #20)
[12:45:50] 
=== TICK 180 ===
[12:45:50] [READY] Task 1 (Collect CPU) ready - interval 1s elapsed
[12:45:50] [READY] Task 2 (Collect RAM) ready - interval 1s elapsed
[12:45:50] [READY] Task 3 (Collect DISK) ready - interval 1s elapsed
[12:45:50] [READY] Task 4 (Collect Network) ready - interval 1s elapsed
[12:45:50] [READY] Task 5 (Analyzer) ready - interval 1s elapsed
[12:45:50] [DISPATCH] Executing 5 ready task(s) in priority order
[12:45:50] [DISPATCH] Task 1 (Collect CPU) P3 gets CPU
[12:45:50] [TASK] CPU Monitor starting
[12:45:50] [TASK] CPU Monitor completed (exec #179)
[12:45:50] [DISPATCH] Task 2 (Collect RAM) P3 gets CPU
[12:45:50] [TASK] RAM Monitor starting
[12:45:50] [TASK] RAM Monitor completed (exec #120)
[12:45:50] [DISPATCH] Task 5 (Analyzer) P3 gets CPU
[12:45:50] [TASK] Analyzer starting
[12:45:50] [ERROR] Analyzer failed with code 256 (may need 'make all' first)
[12:45:50] [DISPATCH] Task 3 (Collect DISK) P2 gets CPU
[12:45:50] [TASK] Disk Monitor starting
[12:45:50] [TASK] Disk Monitor completed (exec #110)
[12:45:50] [DISPATCH] Task 4 (Collect Network) P0 gets CPU
[12:45:50] [TASK] Network Fetch starting
[12:45:50] [TASK] Network Fetch completed (exec #107)
[12:45:51] 
=== TICK 181 ===
[12:45:51] [READY] Task 1 (Collect CPU) ready - interval 1s elapsed
[12:45:51] [READY] Task 2 (Collect RAM) ready - interval 1s elapsed
[12:45:51] [READY] Task 3 (Collect DISK) ready - interval 1s elapsed
[12:45:51] [READY] Task 4 (Collect Network) ready - interval 1s elapsed
[12:45:51] [READY] Task 5 (Analyzer) ready - interval 1s elapsed
[12:45:51] [DISPATCH] Executing 5 ready task(s) in priority order
[12:45:51] [DISPATCH] Task 1 (Collect CPU) P3 gets CPU
[12:45:51] [TASK] CPU Monitor starting
[12:45:51] [TASK] CPU Monitor completed (exec #180)
[12:45:51] [DISPATCH] Task 2 (Collect RAM) P3 gets CPU
[12:45:51] [TASK] RAM Monitor starting
[12:45:51] [TASK] RAM Monitor completed (exec #121)
[12:45:51] [DISPATCH] Task 5 (Analyzer) P3 gets CPU
[12:45:51] [TASK] Analyzer starting
[12:45:51] [ERROR] Analyzer failed with code 256 (may need 'make all' first)
[12:45:51] [DISPATCH] Task 3 (Collect DISK) P2 gets CPU
[12:45:51] [TASK] Disk Monitor starting
[12:45:52] [TASK] Disk Monitor completed (exec #111)
[12:45:52] [DISPATCH] Task 4 (Collect Network) P0 gets CPU
[12:45:52] [TASK] Network Fetch starting
[12:45:52] [TASK] Network Fetch completed (exec #108)
[12:45:52] 
=== TICK 182 ===
[12:45:52] [READY] Task 1 (Collect CPU) ready - interval 1s elapsed
[12:45:52] [READY] Task 2 (Collect RAM) ready - interval 1s elapsed
[12:45:52] [READY] Task 3 (Collect DISK) ready - interval 1s elapsed
[12:45:52] [READY] Task 5 (Analyzer) ready - interval 1s elapsed
[12:45:52] [DISPATCH] Executing 4 ready task(s) in priority order
[12:45:52] [DISPATCH] Task 1 (Collect CPU) P3 gets CPU
[12:45:52] [TASK] CPU Monitor starting
[12:45:52] [TASK] CPU Monitor completed (exec #181)
[12:45:52] [DISPATCH] Task 2 (Collect RAM) P3 gets CPU
[12:45:52] [TASK] RAM Monitor starting
[12:45:52] [TASK] RAM Monitor completed (exec #122)
[12:45:52] [DISPATCH] Task 5 (Analyzer) P3 gets CPU
[12:45:52] [TASK] Analyzer starting
[12:45:52] [ERROR] Analyzer failed with code 256 (may need 'make all' first)
[12:45:52] [DISPATCH] Task 3 (Collect DISK) P2 gets CPU
[12:45:52] [TASK] Disk Monitor starting
[12:45:52] [TASK] Disk Monitor completed (exec #112)
[12:45:53] 
=== TICK 183 ===
[12:45:53] [READY] Task 1 (Collect CPU) ready - interval 1s elapsed
[12:45:53] [READY] Task 2 (Collect RAM) ready - interval 1s elapsed
[12:45:53] [READY] Task 3 (Collect DISK) ready - interval 1s elapsed
[12:45:53] [READY] Task 4 (Collect Network) ready - interval 1s elapsed
[12:45:53] [READY] Task 5 (Analyzer) ready - interval 1s elapsed
[12:45:53] [DISPATCH] Executing 5 ready task(s) in priority order
[12:45:53] [DISPATCH] Task 1 (Collect CPU) P3 gets CPU
[12:45:53] [TASK] CPU Monitor starting
[12:45:53] [TASK] CPU Monitor completed (exec #182)
[12:45:53] [DISPATCH] Task 2 (Collect RAM) P3 gets CPU
[12:45:53] [TASK] RAM Monitor starting
[12:45:53] [TASK] RAM Monitor completed (exec #123)
[12:45:53] [DISPATCH] Task 5 (Analyzer) P3 gets CPU
[12:45:53] [TASK] Analyzer starting
[12:45:53] [ERROR] Analyzer failed with code 256 (may need 'make all' first)
[12:45:53] [DISPATCH] Task 3 (Collect DISK) P2 gets CPU
[12:45:53] [TASK] Disk Monitor starting
[12:45:53] [TASK] Disk Monitor completed (exec #113)
[12:45:53] [DISPATCH] Task 4 (Collect Network) P0 gets CPU
[12:45:53] [TASK] Network Fetch starting
[12:45:54] [TASK] Network Fetch completed (exec #109)
[12:45:54] 
=== TICK 184 ===
[12:45:54] [READY] Task 1 (Collect CPU) ready - interval 1s elapsed
[12:45:54] [READY] Task 2 (Collect RAM) ready - interval 1s elapsed
[12:45:54] [READY] Task 3 (Collect DISK) ready - interval 1s elapsed
[12:45:54] [READY] Task 4 (Collect Network) ready - interval 1s elapsed
[12:45:54] [READY] Task 5 (Analyzer) ready - interval 1s elapsed
[12:45:54] [DISPATCH] Executing 5 ready task(s) in priority order
[12:45:54] [DISPATCH] Task 1 (Collect CPU) P3 gets CPU
[12:45:54] [TASK] CPU Monitor starting
[12:45:54] [TASK] CPU Monitor completed (exec #183)
[12:45:54] [DISPATCH] Task 2 (Collect RAM) P3 gets CPU
[12:45:54] [TASK] RAM Monitor starting
[12:45:54] [TASK] RAM Monitor completed (exec #124)
[12:45:54] [DISPATCH] Task 5 (Analyzer) P3 gets CPU
[12:45:54] [TASK] Analyzer starting
[12:45:54] [ERROR] Analyzer failed with code 256 (may need 'make all' first)
[12:45:54] [DISPATCH] Task 3 (Collect DISK) P2 gets CPU
[12:45:54] [TASK] Disk Monitor starting
[12:45:54] [TASK] Disk Monitor completed (exec #114)
[12:45:54] [DISPATCH] Task 4 (Collect Network) P0 gets CPU
[12:45:54] [TASK] Network Fetch starting
[12:45:54] [TASK] Network Fetch completed (exec #110)
[12:45:55] 
=== TICK 185 ===
[12:45:55] [READY] Task 1 (Collect CPU) ready - interval 1s elapsed
[12:45:55] [READY] Task 2 (Collect RAM) ready - interval 1s elapsed
[12:45:55] [READY] Task 3 (Collect DISK) ready - interval 1s elapsed
[12:45:55] [READY] Task 4 (Collect Network) ready - interval 1s elapsed
[12:45:55] [READY] Task 5 (Analyzer) ready - interval 1s elapsed
[12:45:55] [DISPATCH] Executing 5 ready task(s) in priority order
[12:45:55] [DISPATCH] Task 1 (Collect CPU) P3 gets CPU
[12:45:55] [TASK] CPU Monitor starting
[12:45:55] [TASK] CPU Monitor completed (exec #184)
[12:45:55] [DISPATCH] Task 2 (Collect RAM) P3 gets CPU
[12:45:55] [TASK] RAM Monitor starting
[12:45:55] [TASK] RAM Monitor completed (exec #125)
[12:45:55] [DISPATCH] Task 5 (Analyzer) P3 gets CPU
[12:45:55] [TASK] Analyzer starting
[12:45:56] [ERROR] Analyzer failed with code 256 (may need 'make all' first)
[12:45:56] [DISPATCH] Task 3 (Collect DISK) P2 gets CPU
[12:45:56] [TASK] Disk Monitor starting
[12:45:56] [TASK] Disk Monitor completed (exec #115)
[12:45:56] [DISPATCH] Task 4 (Collect Network) P0 gets CPU
[12:45:56] [TASK] Network Fetch starting
[12:45:56] [TASK] Network Fetch completed (exec #111)
[12:45:56] 
=== TICK 186 ===
[12:45:56] [READY] Task 1 (Collect CPU) ready - interval 1s elapsed
[12:45:56] [READY] Task 2 (Collect RAM) ready - interval 1s elapsed
[12:45:56] [READY] Task 5 (Analyzer) ready - interval 1s elapsed
[12:45:56] [DISPATCH] Executing 3 ready task(s) in priority order
[12:45:56] [DISPATCH] Task 1 (Collect CPU) P3 gets CPU
[12:45:56] [TASK] CPU Monitor starting
[12:45:56] [TASK] CPU Monitor completed (exec #185)
[12:45:56] [DISPATCH] Task 2 (Collect RAM) P3 gets CPU
[12:45:56] [TASK] RAM Monitor starting
[12:45:56] [TASK] RAM Monitor completed (exec #126)
[12:45:56] [DISPATCH] Task 5 (Analyzer) P3 gets CPU
[12:45:56] [TASK] Analyzer starting
[12:45:56] [ERROR] Analyzer failed with code 256 (may need 'make all' first)
[12:45:57] 
=== TICK 187 ===
[12:45:57] [READY] Task 1 (Collect CPU) ready - interval 1s elapsed
[12:45:57] [READY] Task 2 (Collect RAM) ready - interval 1s elapsed
[12:45:57] [READY] Task 3 (Collect DISK) ready - interval 1s elapsed
[12:45:57] [READY] Task 4 (Collect Network) ready - interval 1s elapsed
[12:45:57] [READY] Task 5 (Analyzer) ready - interval 1s elapsed
[12:45:57] [DISPATCH] Executing 5 ready task(s) in priority order
[12:45:57] [DISPATCH] Task 1 (Collect CPU) P3 gets CPU
[12:45:57] [TASK] CPU Monitor starting
[12:45:57] [TASK] CPU Monitor completed (exec #186)
[12:45:57] [DISPATCH] Task 2 (Collect RAM) P3 gets CPU
[12:45:57] [TASK] RAM Monitor starting
[12:45:57] [TASK] RAM Monitor completed (exec #127)
[12:45:57] [DISPATCH] Task 5 (Analyzer) P3 gets CPU
[12:45:57] [TASK] Analyzer starting
[12:45:58] [ERROR] Analyzer failed with code 256 (may need 'make all' first)
[12:45:58] [DISPATCH] Task 3 (Collect DISK) P2 gets CPU
[12:45:58] [TASK] Disk Monitor starting
[12:45:58] [TASK] Disk Monitor completed (exec #116)
[12:45:58] [DISPATCH] Task 4 (Collect Network) P0 gets CPU
[12:45:58] [TASK] Network Fetch starting
[12:45:58] [TASK] Network Fetch completed (exec #112)
[12:45:58] 
=== TICK 188 ===
[12:45:58] [READY] Task 1 (Collect CPU) ready - interval 1s elapsed
[12:45:58] [READY] Task 2 (Collect RAM) ready - interval 1s elapsed
[12:45:58] [READY] Task 5 (Analyzer) ready - interval 1s elapsed
[12:45:58] [READY] Task 6 (Report Generator) ready - interval 9s elapsed
[12:45:58] [DISPATCH] Executing 4 ready task(s) in priority order
[12:45:58] [DISPATCH] Task 1 (Collect CPU) P3 gets CPU
[12:45:58] [TASK] CPU Monitor starting
[12:45:58] [TASK] CPU Monitor completed (exec #187)
[12:45:58] [DISPATCH] Task 2 (Collect RAM) P3 gets CPU
[12:45:58] [TASK] RAM Monitor starting
[12:45:58] [TASK] RAM Monitor completed (exec #128)
[12:45:58] [DISPATCH] Task 5 (Analyzer) P3 gets CPU
[12:45:58] [TASK] Analyzer starting
[12:45:58] [ERROR] Analyzer failed with code 256 (may need 'make all' first)
[12:45:58] [DISPATCH] Task 6 (Report Generator) P3 gets CPU
[12:45:58] [TASK] Report Generator starting
[12:46:00] [TASK] Report Generator completed (exec #21)
[12:46:00] 
=== TICK 189 ===
[12:46:00] [READY] Task 1 (Collect CPU) ready - interval 1s elapsed
[12:46:00] [READY] Task 2 (Collect RAM) ready - interval 1s elapsed
[12:46:00] [READY] Task 3 (Collect DISK) ready - interval 1s elapsed
[12:46:00] [READY] Task 4 (Collect Network) ready - interval 1s elapsed
[12:46:00] [READY] Task 5 (Analyzer) ready - interval 1s elapsed
[12:46:00] [DISPATCH] Executing 5 ready task(s) in priority order
[12:46:00] [DISPATCH] Task 1 (Collect CPU) P3 gets CPU
[12:46:00] [TASK] CPU Monitor starting
[12:46:00] [TASK] CPU Monitor completed (exec #188)
[12:46:00] [DISPATCH] Task 2 (Collect RAM) P3 gets CPU
[12:46:00] [TASK] RAM Monitor starting
[12:46:00] [TASK] RAM Monitor completed (exec #129)
[12:46:00] [DISPATCH] Task 5 (Analyzer) P3 gets CPU
[12:46:00] [TASK] Analyzer starting
[12:46:00] [ERROR] Analyzer failed with code 256 (may need 'make all' first)
[12:46:00] [DISPATCH] Task 3 (Collect DISK) P2 gets CPU
[12:46:00] [TASK] Disk Monitor starting
[12:46:00] [TASK] Disk Monitor completed (exec #117)
[12:46:00] [DISPATCH] Task 4 (Collect Network) P0 gets CPU
[12:46:00] [TASK] Network Fetch starting
[12:46:01] [TASK] Network Fetch completed (exec #113)
[12:46:01] 
=== TICK 190 ===
[12:46:01] [READY] Task 1 (Collect CPU) ready - interval 1s elapsed
[12:46:01] [READY] Task 2 (Collect RAM) ready - interval 1s elapsed
[12:46:01] [READY] Task 3 (Collect DISK) ready - interval 1s elapsed
[12:46:01] [READY] Task 4 (Collect Network) ready - interval 1s elapsed
[12:46:01] [READY] Task 5 (Analyzer) ready - interval 1s elapsed
[12:46:01] [DISPATCH] Executing 5 ready task(s) in priority order
[12:46:01] [DISPATCH] Task 1 (Collect CPU) P3 gets CPU
[12:46:01] [TASK] CPU Monitor starting
[12:46:01] [TASK] CPU Monitor completed (exec #189)
[12:46:01] [DISPATCH] Task 2 (Collect RAM) P3 gets CPU
[12:46:01] [TASK] RAM Monitor starting
[12:46:01] [TASK] RAM Monitor completed (exec #130)
[12:46:01] [DISPATCH] Task 5 (Analyzer) P3 gets CPU
[12:46:01] [TASK] Analyzer starting
[12:46:01] [ERROR] Analyzer failed with code 256 (may need 'make all' first)
[12:46:01] [DISPATCH] Task 3 (Collect DISK) P2 gets CPU
[12:46:01] [TASK] Disk Monitor starting
[12:46:01] [TASK] Disk Monitor completed (exec #118)
[12:46:01] [DISPATCH] Task 4 (Collect Network) P0 gets CPU
[12:46:01] [TASK] Network Fetch starting
[12:46:02] [TASK] Network Fetch completed (exec #114)
[12:46:02] 
=== TICK 191 ===
[12:46:02] [READY] Task 1 (Collect CPU) ready - interval 1s elapsed
[12:46:02] [READY] Task 2 (Collect RAM) ready - interval 1s elapsed
[12:46:02] [READY] Task 3 (Collect DISK) ready - interval 1s elapsed
[12:46:02] [READY] Task 4 (Collect Network) ready - interval 1s elapsed
[12:46:02] [READY] Task 5 (Analyzer) ready - interval 1s elapsed
[12:46:02] [DISPATCH] Executing 5 ready task(s) in priority order
[12:46:02] [DISPATCH] Task 1 (Collect CPU) P3 gets CPU
[12:46:02] [TASK] CPU Monitor starting
[12:46:02] [TASK] CPU Monitor completed (exec #190)
[12:46:02] [DISPATCH] Task 2 (Collect RAM) P3 gets CPU
[12:46:02] [TASK] RAM Monitor starting
[12:46:02] [TASK] RAM Monitor completed (exec #131)
[12:46:02] [DISPATCH] Task 5 (Analyzer) P3 gets CPU
[12:46:02] [TASK] Analyzer starting
[12:46:02] [ERROR] Analyzer failed with code 256 (may need 'make all' first)
[12:46:02] [DISPATCH] Task 3 (Collect DISK) P2 gets CPU
[12:46:02] [TASK] Disk Monitor starting
[12:46:02] [TASK] Disk Monitor completed (exec #119)
[12:46:02] [DISPATCH] Task 4 (Collect Network) P0 gets CPU
[12:46:02] [TASK] Network Fetch starting
[12:46:03] [TASK] Network Fetch completed (exec #115)
[12:46:03] 
=== TICK 192 ===
[12:46:03] [READY] Task 1 (Collect CPU) ready - interval 1s elapsed
[12:46:03] [READY] Task 2 (Collect RAM) ready - interval 1s elapsed
[12:46:03] [READY] Task 3 (Collect DISK) ready - interval 1s elapsed
[12:46:03] [READY] Task 4 (Collect Network) ready - interval 1s elapsed
[12:46:03] [READY] Task 5 (Analyzer) ready - interval 1s elapsed
[12:46:03] [DISPATCH] Executing 5 ready task(s) in priority order
[12:46:03] [DISPATCH] Task 1 (Collect CPU) P3 gets CPU
[12:46:03] [TASK] CPU Monitor starting
[12:46:03] [TASK] CPU Monitor completed (exec #191)
[12:46:03] [DISPATCH] Task 2 (Collect RAM) P3 gets CPU
[12:46:03] [TASK] RAM Monitor starting
[12:46:03] [TASK] RAM Monitor completed (exec #132)
[12:46:03] [DISPATCH] Task 5 (Analyzer) P3 gets CPU
[12:46:03] [TASK] Analyzer starting
[12:46:03] [ERROR] Analyzer failed with code 256 (may need 'make all' first)
[12:46:03] [DISPATCH] Task 3 (Collect DISK) P2 gets CPU
[12:46:03] [TASK] Disk Monitor starting
[12:46:03] [TASK] Disk Monitor completed (exec #120)
[12:46:03] [DISPATCH] Task 4 (Collect Network) P0 gets CPU
[12:46:03] [TASK] Network Fetch starting
[12:46:03] [TASK] Network Fetch completed (exec #116)
[12:46:04] 
=== TICK 193 ===
[12:46:04] [READY] Task 1 (Collect CPU) ready - interval 1s elapsed
[12:46:04] [READY] Task 2 (Collect RAM) ready - interval 1s elapsed
[12:46:04] [READY] Task 3 (Collect DISK) ready - interval 1s elapsed
[12:46:04] [READY] Task 4 (Collect Network) ready - interval 1s elapsed
[12:46:04] [READY] Task 5 (Analyzer) ready - interval 1s elapsed
[12:46:04] [DISPATCH] Executing 5 ready task(s) in priority order
[12:46:04] [DISPATCH] Task 1 (Collect CPU) P3 gets CPU
[12:46:04] [TASK] CPU Monitor starting
[12:46:04] [TASK] CPU Monitor completed (exec #192)
[12:46:04] [DISPATCH] Task 2 (Collect RAM) P3 gets CPU
[12:46:04] [TASK] RAM Monitor starting
[12:46:04] [TASK] RAM Monitor completed (exec #133)
[12:46:04] [DISPATCH] Task 5 (Analyzer) P3 gets CPU
[12:46:04] [TASK] Analyzer starting
[12:46:04] [ERROR] Analyzer failed with code 256 (may need 'make all' first)
[12:46:04] [DISPATCH] Task 3 (Collect DISK) P2 gets CPU
[12:46:04] [TASK] Disk Monitor starting
[12:46:04] [TASK] Disk Monitor completed (exec #121)
[12:46:04] [DISPATCH] Task 4 (Collect Network) P0 gets CPU
[12:46:04] [TASK] Network Fetch starting
[12:46:04] [TASK] Network Fetch completed (exec #117)
[12:46:05] 
=== TICK 194 ===
[12:46:05] [READY] Task 1 (Collect CPU) ready - interval 1s elapsed
[12:46:05] [READY] Task 2 (Collect RAM) ready - interval 1s elapsed
[12:46:05] [READY] Task 3 (Collect DISK) ready - interval 1s elapsed
[12:46:05] [READY] Task 4 (Collect Network) ready - interval 1s elapsed
[12:46:05] [READY] Task 5 (Analyzer) ready - interval 1s elapsed
[12:46:05] [DISPATCH] Executing 5 ready task(s) in priority order
[12:46:05] [DISPATCH] Task 1 (Collect CPU) P3 gets CPU
[12:46:05] [TASK] CPU Monitor starting
[12:46:05] [TASK] CPU Monitor completed (exec #193)
[12:46:05] [DISPATCH] Task 2 (Collect RAM) P3 gets CPU
[12:46:05] [TASK] RAM Monitor starting
[12:46:05] [TASK] RAM Monitor completed (exec #134)
[12:46:05] [DISPATCH] Task 5 (Analyzer) P3 gets CPU
[12:46:05] [TASK] Analyzer starting
[12:46:05] [ERROR] Analyzer failed with code 256 (may need 'make all' first)
[12:46:05] [DISPATCH] Task 3 (Collect DISK) P2 gets CPU
[12:46:05] [TASK] Disk Monitor starting
[12:46:05] [TASK] Disk Monitor completed (exec #122)
[12:46:05] [DISPATCH] Task 4 (Collect Network) P0 gets CPU
[12:46:05] [TASK] Network Fetch starting
[12:46:06] [TASK] Network Fetch completed (exec #118)
[12:46:06] 
=== TICK 195 ===
[12:46:06] [READY] Task 1 (Collect CPU) ready - interval 1s elapsed
[12:46:06] [READY] Task 2 (Collect RAM) ready - interval 1s elapsed
[12:46:06] [READY] Task 3 (Collect DISK) ready - interval 1s elapsed
[12:46:06] [READY] Task 4 (Collect Network) ready - interval 1s elapsed
[12:46:06] [READY] Task 5 (Analyzer) ready - interval 1s elapsed
[12:46:06] [DISPATCH] Executing 5 ready task(s) in priority order
[12:46:06] [DISPATCH] Task 1 (Collect CPU) P3 gets CPU
[12:46:06] [TASK] CPU Monitor starting
[12:46:06] [TASK] CPU Monitor completed (exec #194)
[12:46:06] [DISPATCH] Task 2 (Collect RAM) P3 gets CPU
[12:46:06] [TASK] RAM Monitor starting
[12:46:06] [TASK] RAM Monitor completed (exec #135)
[12:46:06] [DISPATCH] Task 5 (Analyzer) P3 gets CPU
[12:46:06] [TASK] Analyzer starting
[12:46:06] [ERROR] Analyzer failed with code 256 (may need 'make all' first)
[12:46:06] [DISPATCH] Task 3 (Collect DISK) P2 gets CPU
[12:46:06] [TASK] Disk Monitor starting
[12:46:06] [TASK] Disk Monitor completed (exec #123)
[12:46:06] [DISPATCH] Task 4 (Collect Network) P0 gets CPU
[12:46:06] [TASK] Network Fetch starting
[12:46:07] [TASK] Network Fetch completed (exec #119)
[12:46:07] 
=== TICK 196 ===
[12:46:07] [READY] Task 1 (Collect CPU) ready - interval 1s elapsed
[12:46:07] [READY] Task 2 (Collect RAM) ready - interval 1s elapsed
[12:46:07] [READY] Task 3 (Collect DISK) ready - interval 1s elapsed
[12:46:07] [READY] Task 4 (Collect Network) ready - interval 1s elapsed
[12:46:07] [READY] Task 5 (Analyzer) ready - interval 1s elapsed
[12:46:07] [READY] Task 6 (Report Generator) ready - interval 9s elapsed
[12:46:07] [DISPATCH] Executing 6 ready task(s) in priority order
[12:46:07] [DISPATCH] Task 1 (Collect CPU) P3 gets CPU
[12:46:07] [TASK] CPU Monitor starting
[12:46:07] [TASK] CPU Monitor completed (exec #195)
[12:46:07] [DISPATCH] Task 2 (Collect RAM) P3 gets CPU
[12:46:07] [TASK] RAM Monitor starting
[12:46:07] [TASK] RAM Monitor completed (exec #136)
[12:46:07] [DISPATCH] Task 5 (Analyzer) P3 gets CPU
[12:46:07] [TASK] Analyzer starting
[12:46:07] [ERROR] Analyzer failed with code 256 (may need 'make all' first)
[12:46:07] [DISPATCH] Task 6 (Report Generator) P3 gets CPU
[12:46:07] [TASK] Report Generator starting
[12:46:08] [TASK] Report Generator completed (exec #22)
[12:46:08] [DISPATCH] Task 3 (Collect DISK) P2 gets CPU
[12:46:08] [TASK] Disk Monitor starting
[12:46:08] [TASK] Disk Monitor completed (exec #124)
[12:46:08] [DISPATCH] Task 4 (Collect Network) P0 gets CPU
[12:46:08] [TASK] Network Fetch starting
[12:46:08] [TASK] Network Fetch completed (exec #120)
[12:46:08] 
=== TICK 197 ===
[12:46:08] [READY] Task 1 (Collect CPU) ready - interval 1s elapsed
[12:46:08] [READY] Task 2 (Collect RAM) ready - interval 1s elapsed
[12:46:08] [READY] Task 5 (Analyzer) ready - interval 1s elapsed
[12:46:08] [DISPATCH] Executing 3 ready task(s) in priority order
[12:46:08] [DISPATCH] Task 1 (Collect CPU) P3 gets CPU
[12:46:08] [TASK] CPU Monitor starting
[12:46:09] [TASK] CPU Monitor completed (exec #196)
[12:46:09] [DISPATCH] Task 2 (Collect RAM) P3 gets CPU
[12:46:09] [TASK] RAM Monitor starting
[12:46:09] [TASK] RAM Monitor completed (exec #137)
[12:46:09] [DISPATCH] Task 5 (Analyzer) P3 gets CPU
[12:46:09] [TASK] Analyzer starting
[12:46:09] [ERROR] Analyzer failed with code 256 (may need 'make all' first)
[12:46:09] 
=== TICK 198 ===
[12:46:09] [READY] Task 1 (Collect CPU) ready - interval 1s elapsed
[12:46:09] [READY] Task 3 (Collect DISK) ready - interval 1s elapsed
[12:46:09] [READY] Task 4 (Collect Network) ready - interval 1s elapsed
[12:46:09] [DISPATCH] Executing 3 ready task(s) in priority order
[12:46:09] [DISPATCH] Task 1 (Collect CPU) P3 gets CPU
[12:46:09] [TASK] CPU Monitor starting
[12:46:10] [TASK] CPU Monitor completed (exec #197)
[12:46:10] [DISPATCH] Task 3 (Collect DISK) P2 gets CPU
[12:46:10] [TASK] Disk Monitor starting
[12:46:10] [TASK] Disk Monitor completed (exec #125)
[12:46:10] [DISPATCH] Task 4 (Collect Network) P0 gets CPU
[12:46:10] [TASK] Network Fetch starting
[12:46:10] [TASK] Network Fetch completed (exec #121)
[12:46:10] 
=== TICK 199 ===
[12:46:10] [READY] Task 1 (Collect CPU) ready - interval 1s elapsed
[12:46:10] [READY] Task 2 (Collect RAM) ready - interval 1s elapsed
[12:46:10] [READY] Task 5 (Analyzer) ready - interval 1s elapsed
[12:46:10] [DISPATCH] Executing 3 ready task(s) in priority order
[12:46:10] [DISPATCH] Task 1 (Collect CPU) P3 gets CPU
[12:46:10] [TASK] CPU Monitor starting
[12:46:11] [TASK] CPU Monitor completed (exec #198)
[12:46:11] [DISPATCH] Task 2 (Collect RAM) P3 gets CPU
[12:46:11] [TASK] RAM Monitor starting
[12:46:11] [TASK] RAM Monitor completed (exec #138)
[12:46:11] [DISPATCH] Task 5 (Analyzer) P3 gets CPU
[12:46:11] [TASK] Analyzer starting
[12:46:11] [ERROR] Analyzer failed with code 256 (may need 'make all' first)
[12:46:11] 
=== TICK 200 ===
[12:46:11] [READY] Task 1 (Collect CPU) ready - interval 1s elapsed
[12:46:11] [READY] Task 3 (Collect DISK) ready - interval 1s elapsed
[12:46:11] [READY] Task 4 (Collect Network) ready - interval 1s elapsed
[12:46:11] [DISPATCH] Executing 3 ready task(s) in priority order
[12:46:11] [DISPATCH] Task 1 (Collect CPU) P3 gets CPU
[12:46:11] [TASK] CPU Monitor starting
[12:46:12] [TASK] CPU Monitor completed (exec #199)
[12:46:12] [DISPATCH] Task 3 (Collect DISK) P2 gets CPU
[12:46:12] [TASK] Disk Monitor starting
[12:46:12] [TASK] Disk Monitor completed (exec #126)
[12:46:12] [DISPATCH] Task 4 (Collect Network) P0 gets CPU
[12:46:12] [TASK] Network Fetch starting
[12:46:12] [TASK] Network Fetch completed (exec #122)
[12:46:12] 
=== TICK 201 ===
[12:46:12] [READY] Task 1 (Collect CPU) ready - interval 1s elapsed
[12:46:12] [READY] Task 2 (Collect RAM) ready - interval 1s elapsed
[12:46:12] [READY] Task 5 (Analyzer) ready - interval 1s elapsed
[12:46:12] [DISPATCH] Executing 3 ready task(s) in priority order
[12:46:12] [DISPATCH] Task 1 (Collect CPU) P3 gets CPU
[12:46:12] [TASK] CPU Monitor starting
[12:46:13] [TASK] CPU Monitor completed (exec #200)
[12:46:13] [DISPATCH] Task 2 (Collect RAM) P3 gets CPU
[12:46:13] [TASK] RAM Monitor starting
[12:46:13] [TASK] RAM Monitor completed (exec #139)
[12:46:13] [DISPATCH] Task 5 (Analyzer) P3 gets CPU
[12:46:13] [TASK] Analyzer starting
[12:46:13] [ERROR] Analyzer failed with code 256 (may need 'make all' first)
[12:46:13] 
=== TICK 202 ===
[12:46:13] [READY] Task 1 (Collect CPU) ready - interval 1s elapsed
[12:46:13] [READY] Task 3 (Collect DISK) ready - interval 1s elapsed
[12:46:13] [READY] Task 4 (Collect Network) ready - interval 1s elapsed
[12:46:13] [DISPATCH] Executing 3 ready task(s) in priority order
[12:46:13] [DISPATCH] Task 1 (Collect CPU) P3 gets CPU
[12:46:13] [TASK] CPU Monitor starting
[12:46:14] [TASK] CPU Monitor completed (exec #201)
[12:46:14] [DISPATCH] Task 3 (Collect DISK) P2 gets CPU
[12:46:14] [TASK] Disk Monitor starting
[12:46:14] [TASK] Disk Monitor completed (exec #127)
[12:46:14] [DISPATCH] Task 4 (Collect Network) P0 gets CPU
[12:46:14] [TASK] Network Fetch starting
[12:46:14] [TASK] Network Fetch completed (exec #123)
[12:46:14] 
=== TICK 203 ===
[12:46:14] [READY] Task 1 (Collect CPU) ready - interval 1s elapsed
[12:46:14] [READY] Task 2 (Collect RAM) ready - interval 1s elapsed
[12:46:14] [READY] Task 5 (Analyzer) ready - interval 1s elapsed
[12:46:14] [DISPATCH] Executing 3 ready task(s) in priority order
[12:46:14] [DISPATCH] Task 1 (Collect CPU) P3 gets CPU
[12:46:14] [TASK] CPU Monitor starting
[12:46:15] [TASK] CPU Monitor completed (exec #202)
[12:46:15] [DISPATCH] Task 2 (Collect RAM) P3 gets CPU
[12:46:15] [TASK] RAM Monitor starting
[12:46:16] [TASK] RAM Monitor completed (exec #140)
[12:46:16] [DISPATCH] Task 5 (Analyzer) P3 gets CPU
[12:46:16] [TASK] Analyzer starting
[12:46:16] [ERROR] Analyzer failed with code 256 (may need 'make all' first)
[12:46:16] 
=== TICK 204 ===
[12:46:16] [READY] Task 1 (Collect CPU) ready - interval 1s elapsed
[12:46:16] [READY] Task 2 (Collect RAM) ready - interval 1s elapsed
[12:46:16] [READY] Task 3 (Collect DISK) ready - interval 1s elapsed
[12:46:16] [READY] Task 4 (Collect Network) ready - interval 1s elapsed
[12:46:16] [READY] Task 6 (Report Generator) ready - interval 9s elapsed
[12:46:16] [DISPATCH] Executing 5 ready task(s) in priority order
[12:46:16] [DISPATCH] Task 1 (Collect CPU) P3 gets CPU
[12:46:16] [TASK] CPU Monitor starting
[12:46:17] [TASK] CPU Monitor completed (exec #203)
[12:46:17] [DISPATCH] Task 2 (Collect RAM) P3 gets CPU
[12:46:17] [TASK] RAM Monitor starting
[12:46:17] [TASK] RAM Monitor completed (exec #141)
[12:46:17] [DISPATCH] Task 6 (Report Generator) P3 gets CPU
[12:46:17] [TASK] Report Generator starting
[12:46:18] [TASK] Report Generator completed (exec #23)
[12:46:18] [DISPATCH] Task 3 (Collect DISK) P2 gets CPU
[12:46:18] [TASK] Disk Monitor starting
[12:46:18] [TASK] Disk Monitor completed (exec #128)
[12:46:18] [DISPATCH] Task 4 (Collect Network) P0 gets CPU
[12:46:18] [TASK] Network Fetch starting
[12:46:18] [TASK] Network Fetch completed (exec #124)
[12:46:18] 
=== TICK 205 ===
[12:46:18] [READY] Task 1 (Collect CPU) ready - interval 1s elapsed
[12:46:18] [READY] Task 2 (Collect RAM) ready - interval 1s elapsed
[12:46:18] [READY] Task 5 (Analyzer) ready - interval 1s elapsed
[12:46:18] [DISPATCH] Executing 3 ready task(s) in priority order
[12:46:18] [DISPATCH] Task 1 (Collect CPU) P3 gets CPU
[12:46:18] [TASK] CPU Monitor starting
[12:46:18] [TASK] CPU Monitor completed (exec #204)
[12:46:18] [DISPATCH] Task 2 (Collect RAM) P3 gets CPU
[12:46:18] [TASK] RAM Monitor starting
[12:46:18] [TASK] RAM Monitor completed (exec #142)
[12:46:18] [DISPATCH] Task 5 (Analyzer) P3 gets CPU
[12:46:18] [TASK] Analyzer starting
[12:46:18] [ERROR] Analyzer failed with code 256 (may need 'make all' first)
[12:46:19] 
=== TICK 206 ===
[12:46:19] [READY] Task 1 (Collect CPU) ready - interval 1s elapsed
[12:46:19] [READY] Task 2 (Collect RAM) ready - interval 1s elapsed
[12:46:19] [READY] Task 3 (Collect DISK) ready - interval 1s elapsed
[12:46:19] [READY] Task 4 (Collect Network) ready - interval 1s elapsed
[12:46:19] [READY] Task 5 (Analyzer) ready - interval 1s elapsed
[12:46:19] [DISPATCH] Executing 5 ready task(s) in priority order
[12:46:19] [DISPATCH] Task 1 (Collect CPU) P3 gets CPU
[12:46:19] [TASK] CPU Monitor starting
[12:46:19] [TASK] CPU Monitor completed (exec #205)
[12:46:19] [DISPATCH] Task 2 (Collect RAM) P3 gets CPU
[12:46:19] [TASK] RAM Monitor starting
[12:46:19] [TASK] RAM Monitor completed (exec #143)
[12:46:19] [DISPATCH] Task 5 (Analyzer) P3 gets CPU
[12:46:19] [TASK] Analyzer starting
[12:46:19] [ERROR] Analyzer failed with code 256 (may need 'make all' first)
[12:46:19] [DISPATCH] Task 3 (Collect DISK) P2 gets CPU
[12:46:19] [TASK] Disk Monitor starting
[12:46:19] [TASK] Disk Monitor completed (exec #129)
[12:46:19] [DISPATCH] Task 4 (Collect Network) P0 gets CPU
[12:46:19] [TASK] Network Fetch starting
[12:46:19] [TASK] Network Fetch completed (exec #125)
[12:46:20] 
=== TICK 207 ===
[12:46:20] [READY] Task 1 (Collect CPU) ready - interval 1s elapsed
[12:46:20] [READY] Task 2 (Collect RAM) ready - interval 1s elapsed
[12:46:20] [READY] Task 3 (Collect DISK) ready - interval 1s elapsed
[12:46:20] [READY] Task 4 (Collect Network) ready - interval 1s elapsed
[12:46:20] [READY] Task 5 (Analyzer) ready - interval 1s elapsed
[12:46:20] [DISPATCH] Executing 5 ready task(s) in priority order
[12:46:20] [DISPATCH] Task 1 (Collect CPU) P3 gets CPU
[12:46:20] [TASK] CPU Monitor starting
[12:46:20] [TASK] CPU Monitor completed (exec #206)
[12:46:20] [DISPATCH] Task 2 (Collect RAM) P3 gets CPU
[12:46:20] [TASK] RAM Monitor starting
[12:46:20] [TASK] RAM Monitor completed (exec #144)
[12:46:20] [DISPATCH] Task 5 (Analyzer) P3 gets CPU
[12:46:20] [TASK] Analyzer starting
[12:46:20] [ERROR] Analyzer failed with code 256 (may need 'make all' first)
[12:46:20] [DISPATCH] Task 3 (Collect DISK) P2 gets CPU
[12:46:20] [TASK] Disk Monitor starting
[12:46:20] [TASK] Disk Monitor completed (exec #130)
[12:46:20] [DISPATCH] Task 4 (Collect Network) P0 gets CPU
[12:46:20] [TASK] Network Fetch starting
[12:46:20] [TASK] Network Fetch completed (exec #126)
[12:46:21] 
=== TICK 208 ===
[12:46:21] [READY] Task 1 (Collect CPU) ready - interval 1s elapsed
[12:46:21] [READY] Task 2 (Collect RAM) ready - interval 1s elapsed
[12:46:21] [READY] Task 3 (Collect DISK) ready - interval 1s elapsed
[12:46:21] [READY] Task 4 (Collect Network) ready - interval 1s elapsed
[12:46:21] [READY] Task 5 (Analyzer) ready - interval 1s elapsed
[12:46:21] [DISPATCH] Executing 5 ready task(s) in priority order
[12:46:21] [DISPATCH] Task 1 (Collect CPU) P3 gets CPU
[12:46:21] [TASK] CPU Monitor starting
[12:46:21] [TASK] CPU Monitor completed (exec #207)
[12:46:21] [DISPATCH] Task 2 (Collect RAM) P3 gets CPU
[12:46:21] [TASK] RAM Monitor starting
[12:46:21] [TASK] RAM Monitor completed (exec #145)
[12:46:21] [DISPATCH] Task 5 (Analyzer) P3 gets CPU
[12:46:21] [TASK] Analyzer starting
[12:46:21] [ERROR] Analyzer failed with code 256 (may need 'make all' first)
[12:46:21] [DISPATCH] Task 3 (Collect DISK) P2 gets CPU
[12:46:21] [TASK] Disk Monitor starting
[12:46:21] [TASK] Disk Monitor completed (exec #131)
[12:46:21] [DISPATCH] Task 4 (Collect Network) P0 gets CPU
[12:46:21] [TASK] Network Fetch starting
[12:46:21] [TASK] Network Fetch completed (exec #127)
[12:46:22] 
=== TICK 209 ===
[12:46:22] [READY] Task 1 (Collect CPU) ready - interval 1s elapsed
[12:46:22] [READY] Task 2 (Collect RAM) ready - interval 1s elapsed
[12:46:22] [READY] Task 3 (Collect DISK) ready - interval 1s elapsed
[12:46:22] [READY] Task 4 (Collect Network) ready - interval 1s elapsed
[12:46:22] [READY] Task 5 (Analyzer) ready - interval 1s elapsed
[12:46:22] [DISPATCH] Executing 5 ready task(s) in priority order
[12:46:22] [DISPATCH] Task 1 (Collect CPU) P3 gets CPU
[12:46:22] [TASK] CPU Monitor starting
[12:46:22] [TASK] CPU Monitor completed (exec #208)
[12:46:22] [DISPATCH] Task 2 (Collect RAM) P3 gets CPU
[12:46:22] [TASK] RAM Monitor starting
[12:46:22] [TASK] RAM Monitor completed (exec #146)
[12:46:22] [DISPATCH] Task 5 (Analyzer) P3 gets CPU
[12:46:22] [TASK] Analyzer starting
[12:46:22] [ERROR] Analyzer failed with code 256 (may need 'make all' first)
[12:46:22] [DISPATCH] Task 3 (Collect DISK) P2 gets CPU
[12:46:22] [TASK] Disk Monitor starting
[12:46:22] [TASK] Disk Monitor completed (exec #132)
[12:46:22] [DISPATCH] Task 4 (Collect Network) P0 gets CPU
[12:46:22] [TASK] Network Fetch starting
[12:46:23] [TASK] Network Fetch completed (exec #128)
[12:46:23] 
=== TICK 210 ===
[12:46:23] [READY] Task 1 (Collect CPU) ready - interval 1s elapsed
[12:46:23] [READY] Task 2 (Collect RAM) ready - interval 1s elapsed
[12:46:23] [READY] Task 3 (Collect DISK) ready - interval 1s elapsed
[12:46:23] [READY] Task 4 (Collect Network) ready - interval 1s elapsed
[12:46:23] [READY] Task 5 (Analyzer) ready - interval 1s elapsed
[12:46:23] [DISPATCH] Executing 5 ready task(s) in priority order
[12:46:23] [DISPATCH] Task 1 (Collect CPU) P3 gets CPU
[12:46:23] [TASK] CPU Monitor starting
[12:46:23] [TASK] CPU Monitor completed (exec #209)
[12:46:23] [DISPATCH] Task 2 (Collect RAM) P3 gets CPU
[12:46:23] [TASK] RAM Monitor starting
[12:46:23] [TASK] RAM Monitor completed (exec #147)
[12:46:23] [DISPATCH] Task 5 (Analyzer) P3 gets CPU
[12:46:23] [TASK] Analyzer starting
[12:46:23] [ERROR] Analyzer failed with code 256 (may need 'make all' first)
[12:46:23] [DISPATCH] Task 3 (Collect DISK) P2 gets CPU
[12:46:23] [TASK] Disk Monitor starting
[12:46:24] [TASK] Disk Monitor completed (exec #133)
[12:46:24] [DISPATCH] Task 4 (Collect Network) P0 gets CPU
[12:46:24] [TASK] Network Fetch starting
[12:46:24] [TASK] Network Fetch completed (exec #129)
[12:46:24] 
=== TICK 211 ===
[12:46:24] [READY] Task 1 (Collect CPU) ready - interval 1s elapsed
[12:46:24] [READY] Task 2 (Collect RAM) ready - interval 1s elapsed
[12:46:24] [READY] Task 3 (Collect DISK) ready - interval 1s elapsed
[12:46:24] [READY] Task 5 (Analyzer) ready - interval 1s elapsed
[12:46:24] [DISPATCH] Executing 4 ready task(s) in priority order
[12:46:24] [DISPATCH] Task 1 (Collect CPU) P3 gets CPU
[12:46:24] [TASK] CPU Monitor starting
[12:46:24] [TASK] CPU Monitor completed (exec #210)
[12:46:24] [DISPATCH] Task 2 (Collect RAM) P3 gets CPU
[12:46:24] [TASK] RAM Monitor starting
[12:46:24] [TASK] RAM Monitor completed (exec #148)
[12:46:24] [DISPATCH] Task 5 (Analyzer) P3 gets CPU
[12:46:24] [TASK] Analyzer starting
[12:46:24] [ERROR] Analyzer failed with code 256 (may need 'make all' first)
[12:46:24] [DISPATCH] Task 3 (Collect DISK) P2 gets CPU
[12:46:24] [TASK] Disk Monitor starting
[12:46:24] [TASK] Disk Monitor completed (exec #134)
[12:46:25] 
=== TICK 212 ===
[12:46:25] [READY] Task 1 (Collect CPU) ready - interval 1s elapsed
[12:46:25] [READY] Task 2 (Collect RAM) ready - interval 1s elapsed
[12:46:25] [READY] Task 3 (Collect DISK) ready - interval 1s elapsed
[12:46:25] [READY] Task 4 (Collect Network) ready - interval 1s elapsed
[12:46:25] [READY] Task 5 (Analyzer) ready - interval 1s elapsed
[12:46:25] [DISPATCH] Executing 5 ready task(s) in priority order
[12:46:25] [DISPATCH] Task 1 (Collect CPU) P3 gets CPU
[12:46:25] [TASK] CPU Monitor starting
[12:46:25] [TASK] CPU Monitor completed (exec #211)
[12:46:25] [DISPATCH] Task 2 (Collect RAM) P3 gets CPU
[12:46:25] [TASK] RAM Monitor starting
[12:46:25] [TASK] RAM Monitor completed (exec #149)
[12:46:25] [DISPATCH] Task 5 (Analyzer) P3 gets CPU
[12:46:25] [TASK] Analyzer starting
[12:46:25] [ERROR] Analyzer failed with code 256 (may need 'make all' first)
[12:46:25] [DISPATCH] Task 3 (Collect DISK) P2 gets CPU
[12:46:25] [TASK] Disk Monitor starting
[12:46:25] [TASK] Disk Monitor completed (exec #135)
[12:46:25] [DISPATCH] Task 4 (Collect Network) P0 gets CPU
[12:46:25] [TASK] Network Fetch starting
[12:46:25] [TASK] Network Fetch completed (exec #130)
[12:46:26] 
=== TICK 213 ===
[12:46:26] [READY] Task 1 (Collect CPU) ready - interval 1s elapsed
[12:46:26] [READY] Task 2 (Collect RAM) ready - interval 1s elapsed
[12:46:26] [READY] Task 3 (Collect DISK) ready - interval 1s elapsed
[12:46:26] [READY] Task 4 (Collect Network) ready - interval 1s elapsed
[12:46:26] [READY] Task 5 (Analyzer) ready - interval 1s elapsed
[12:46:26] [READY] Task 6 (Report Generator) ready - interval 9s elapsed
[12:46:26] [DISPATCH] Executing 6 ready task(s) in priority order
[12:46:26] [DISPATCH] Task 1 (Collect CPU) P3 gets CPU
[12:46:26] [TASK] CPU Monitor starting
[12:46:26] [TASK] CPU Monitor completed (exec #212)
[12:46:26] [DISPATCH] Task 2 (Collect RAM) P3 gets CPU
[12:46:26] [TASK] RAM Monitor starting
[12:46:26] [TASK] RAM Monitor completed (exec #150)
[12:46:26] [DISPATCH] Task 5 (Analyzer) P3 gets CPU
[12:46:26] [TASK] Analyzer starting
[12:46:26] [ERROR] Analyzer failed with code 256 (may need 'make all' first)
[12:46:26] [DISPATCH] Task 6 (Report Generator) P3 gets CPU
[12:46:26] [TASK] Report Generator starting
[12:46:27] [TASK] Report Generator completed (exec #24)
[12:46:27] [DISPATCH] Task 3 (Collect DISK) P2 gets CPU
[12:46:27] [TASK] Disk Monitor starting
[12:46:27] [TASK] Disk Monitor completed (exec #136)
[12:46:27] [DISPATCH] Task 4 (Collect Network) P0 gets CPU
[12:46:27] [TASK] Network Fetch starting
[12:46:27] [TASK] Network Fetch completed (exec #131)
[12:46:27] 
=== TICK 214 ===
[12:46:27] [READY] Task 1 (Collect CPU) ready - interval 1s elapsed
[12:46:27] [READY] Task 2 (Collect RAM) ready - interval 1s elapsed
[12:46:27] [READY] Task 5 (Analyzer) ready - interval 1s elapsed
[12:46:27] [DISPATCH] Executing 3 ready task(s) in priority order
[12:46:27] [DISPATCH] Task 1 (Collect CPU) P3 gets CPU
[12:46:27] [TASK] CPU Monitor starting
[12:46:28] [TASK] CPU Monitor completed (exec #213)
[12:46:28] [DISPATCH] Task 2 (Collect RAM) P3 gets CPU
[12:46:28] [TASK] RAM Monitor starting
[12:46:28] [TASK] RAM Monitor completed (exec #151)
[12:46:28] [DISPATCH] Task 5 (Analyzer) P3 gets CPU
[12:46:28] [TASK] Analyzer starting
[12:46:28] [ERROR] Analyzer failed with code 256 (may need 'make all' first)
[12:46:28] 
=== TICK 215 ===
[12:46:28] [READY] Task 1 (Collect CPU) ready - interval 1s elapsed
[12:46:28] [READY] Task 3 (Collect DISK) ready - interval 1s elapsed
[12:46:28] [READY] Task 4 (Collect Network) ready - interval 1s elapsed
[12:46:28] [DISPATCH] Executing 3 ready task(s) in priority order
[12:46:28] [DISPATCH] Task 1 (Collect CPU) P3 gets CPU
[12:46:28] [TASK] CPU Monitor starting
[12:46:29] [TASK] CPU Monitor completed (exec #214)
[12:46:29] [DISPATCH] Task 3 (Collect DISK) P2 gets CPU
[12:46:29] [TASK] Disk Monitor starting
[12:46:29] [TASK] Disk Monitor completed (exec #137)
[12:46:29] [DISPATCH] Task 4 (Collect Network) P0 gets CPU
[12:46:29] [TASK] Network Fetch starting
[12:46:29] [TASK] Network Fetch completed (exec #132)
[12:46:29] 
=== TICK 216 ===
[12:46:29] [READY] Task 1 (Collect CPU) ready - interval 1s elapsed
[12:46:29] [READY] Task 2 (Collect RAM) ready - interval 1s elapsed
[12:46:29] [READY] Task 5 (Analyzer) ready - interval 1s elapsed
[12:46:29] [DISPATCH] Executing 3 ready task(s) in priority order
[12:46:29] [DISPATCH] Task 1 (Collect CPU) P3 gets CPU
[12:46:29] [TASK] CPU Monitor starting
[12:46:30] [TASK] CPU Monitor completed (exec #215)
[12:46:30] [DISPATCH] Task 2 (Collect RAM) P3 gets CPU
[12:46:30] [TASK] RAM Monitor starting
[12:46:30] [TASK] RAM Monitor completed (exec #152)
[12:46:30] [DISPATCH] Task 5 (Analyzer) P3 gets CPU
[12:46:30] [TASK] Analyzer starting
[12:46:30] [ERROR] Analyzer failed with code 256 (may need 'make all' first)
[12:46:30] 
=== TICK 217 ===
[12:46:30] [READY] Task 1 (Collect CPU) ready - interval 1s elapsed
[12:46:30] [READY] Task 3 (Collect DISK) ready - interval 1s elapsed
[12:46:30] [READY] Task 4 (Collect Network) ready - interval 1s elapsed
[12:46:30] [DISPATCH] Executing 3 ready task(s) in priority order
[12:46:30] [DISPATCH] Task 1 (Collect CPU) P3 gets CPU
[12:46:30] [TASK] CPU Monitor starting
[12:46:31] [TASK] CPU Monitor completed (exec #216)
[12:46:31] [DISPATCH] Task 3 (Collect DISK) P2 gets CPU
[12:46:31] [TASK] Disk Monitor starting
[12:46:31] [TASK] Disk Monitor completed (exec #138)
[12:46:31] [DISPATCH] Task 4 (Collect Network) P0 gets CPU
[12:46:31] [TASK] Network Fetch starting
[12:46:31] [TASK] Network Fetch completed (exec #133)
[12:46:31] 
=== TICK 218 ===
[12:46:31] [READY] Task 1 (Collect CPU) ready - interval 1s elapsed
[12:46:31] [READY] Task 2 (Collect RAM) ready - interval 1s elapsed
[12:46:31] [READY] Task 5 (Analyzer) ready - interval 1s elapsed
[12:46:31] [DISPATCH] Executing 3 ready task(s) in priority order
[12:46:31] [DISPATCH] Task 1 (Collect CPU) P3 gets CPU
[12:46:31] [TASK] CPU Monitor starting
[12:46:32] [TASK] CPU Monitor completed (exec #217)
[12:46:32] [DISPATCH] Task 2 (Collect RAM) P3 gets CPU
[12:46:32] [TASK] RAM Monitor starting
[12:46:32] [TASK] RAM Monitor completed (exec #153)
[12:46:32] [DISPATCH] Task 5 (Analyzer) P3 gets CPU
[12:46:32] [TASK] Analyzer starting
[12:46:32] [ERROR] Analyzer failed with code 256 (may need 'make all' first)
[12:46:32] 
=== TICK 219 ===
[12:46:32] [READY] Task 1 (Collect CPU) ready - interval 1s elapsed
[12:46:32] [READY] Task 3 (Collect DISK) ready - interval 1s elapsed
[12:46:32] [READY] Task 4 (Collect Network) ready - interval 1s elapsed
[12:46:32] [DISPATCH] Executing 3 ready task(s) in priority order
[12:46:32] [DISPATCH] Task 1 (Collect CPU) P3 gets CPU
[12:46:32] [TASK] CPU Monitor starting
[12:46:33] [TASK] CPU Monitor completed (exec #218)
[12:46:33] [DISPATCH] Task 3 (Collect DISK) P2 gets CPU
[12:46:33] [TASK] Disk Monitor starting
[12:46:33] [TASK] Disk Monitor completed (exec #139)
[12:46:33] [DISPATCH] Task 4 (Collect Network) P0 gets CPU
[12:46:33] [TASK] Network Fetch starting
[12:46:33] [TASK] Network Fetch completed (exec #134)
[12:46:33] 
=== TICK 220 ===
[12:46:33] [READY] Task 1 (Collect CPU) ready - interval 1s elapsed
[12:46:33] [READY] Task 2 (Collect RAM) ready - interval 1s elapsed
[12:46:33] [READY] Task 5 (Analyzer) ready - interval 1s elapsed
[12:46:33] [DISPATCH] Executing 3 ready task(s) in priority order
[12:46:33] [DISPATCH] Task 1 (Collect CPU) P3 gets CPU
[12:46:33] [TASK] CPU Monitor starting
[12:46:34] [TASK] CPU Monitor completed (exec #219)
[12:46:34] [DISPATCH] Task 2 (Collect RAM) P3 gets CPU
[12:46:34] [TASK] RAM Monitor starting
[12:46:34] [TASK] RAM Monitor completed (exec #154)
[12:46:34] [DISPATCH] Task 5 (Analyzer) P3 gets CPU
[12:46:34] [TASK] Analyzer starting
[12:46:34] [ERROR] Analyzer failed with code 256 (may need 'make all' first)
[12:46:34] 
=== TICK 221 ===
[12:46:34] [READY] Task 1 (Collect CPU) ready - interval 1s elapsed
[12:46:34] [READY] Task 3 (Collect DISK) ready - interval 1s elapsed
[12:46:34] [READY] Task 4 (Collect Network) ready - interval 1s elapsed
[12:46:34] [DISPATCH] Executing 3 ready task(s) in priority order
[12:46:34] [DISPATCH] Task 1 (Collect CPU) P3 gets CPU
[12:46:34] [TASK] CPU Monitor starting
[12:46:35] [TASK] CPU Monitor completed (exec #220)
[12:46:35] [DISPATCH] Task 3 (Collect DISK) P2 gets CPU
[12:46:35] [TASK] Disk Monitor starting
[12:46:35] [TASK] Disk Monitor completed (exec #140)
[12:46:35] [DISPATCH] Task 4 (Collect Network) P0 gets CPU
[12:46:35] [TASK] Network Fetch starting
[12:46:35] [TASK] Network Fetch completed (exec #135)
[12:46:35] 
=== TICK 222 ===
[12:46:35] [READY] Task 1 (Collect CPU) ready - interval 1s elapsed
[12:46:35] [READY] Task 2 (Collect RAM) ready - interval 1s elapsed
[12:46:35] [READY] Task 5 (Analyzer) ready - interval 1s elapsed
[12:46:35] [READY] Task 6 (Report Generator) ready - interval 9s elapsed
[12:46:35] [DISPATCH] Executing 4 ready task(s) in priority order
[12:46:35] [DISPATCH] Task 1 (Collect CPU) P3 gets CPU
[12:46:35] [TASK] CPU Monitor starting
[12:46:36] [TASK] CPU Monitor completed (exec #221)
[12:46:36] [DISPATCH] Task 2 (Collect RAM) P3 gets CPU
[12:46:36] [TASK] RAM Monitor starting
[12:46:36] [TASK] RAM Monitor completed (exec #155)
[12:46:36] [DISPATCH] Task 5 (Analyzer) P3 gets CPU
[12:46:36] [TASK] Analyzer starting
[12:46:36] [ERROR] Analyzer failed with code 256 (may need 'make all' first)
[12:46:36] [DISPATCH] Task 6 (Report Generator) P3 gets CPU
[12:46:36] [TASK] Report Generator starting
[12:46:37] [TASK] Report Generator completed (exec #25)
[12:46:37] 
=== TICK 223 ===
[12:46:37] [READY] Task 1 (Collect CPU) ready - interval 1s elapsed
[12:46:37] [READY] Task 2 (Collect RAM) ready - interval 1s elapsed
[12:46:37] [READY] Task 3 (Collect DISK) ready - interval 1s elapsed
[12:46:37] [READY] Task 4 (Collect Network) ready - interval 1s elapsed
[12:46:37] [READY] Task 5 (Analyzer) ready - interval 1s elapsed
[12:46:37] [DISPATCH] Executing 5 ready task(s) in priority order
[12:46:37] [DISPATCH] Task 1 (Collect CPU) P3 gets CPU
[12:46:37] [TASK] CPU Monitor starting
[12:46:38] [TASK] CPU Monitor completed (exec #222)
[12:46:38] [DISPATCH] Task 2 (Collect RAM) P3 gets CPU
[12:46:38] [TASK] RAM Monitor starting
[12:46:38] [TASK] RAM Monitor completed (exec #156)
[12:46:38] [DISPATCH] Task 5 (Analyzer) P3 gets CPU
[12:46:38] [TASK] Analyzer starting
[12:46:38] [ERROR] Analyzer failed with code 256 (may need 'make all' first)
[12:46:38] [DISPATCH] Task 3 (Collect DISK) P2 gets CPU
[12:46:38] [TASK] Disk Monitor starting
[12:46:38] [TASK] Disk Monitor completed (exec #141)
[12:46:38] [DISPATCH] Task 4 (Collect Network) P0 gets CPU
[12:46:38] [TASK] Network Fetch starting
[12:46:38] [TASK] Network Fetch completed (exec #136)
[12:46:38] 
=== TICK 224 ===
[12:46:38] [READY] Task 1 (Collect CPU) ready - interval 1s elapsed
[12:46:38] [DISPATCH] Executing 1 ready task(s) in priority order
[12:46:38] [DISPATCH] Task 1 (Collect CPU) P3 gets CPU
[12:46:38] [TASK] CPU Monitor starting
[12:46:39] [TASK] CPU Monitor completed (exec #223)
[12:46:39] 
=== TICK 225 ===
[12:46:39] [READY] Task 1 (Collect CPU) ready - interval 1s elapsed
[12:46:39] [READY] Task 2 (Collect RAM) ready - interval 1s elapsed
[12:46:39] [READY] Task 3 (Collect DISK) ready - interval 1s elapsed
[12:46:39] [READY] Task 4 (Collect Network) ready - interval 1s elapsed
[12:46:39] [READY] Task 5 (Analyzer) ready - interval 1s elapsed
[12:46:39] [DISPATCH] Executing 5 ready task(s) in priority order
[12:46:39] [DISPATCH] Task 1 (Collect CPU) P3 gets CPU
[12:46:39] [TASK] CPU Monitor starting
[12:46:40] [TASK] CPU Monitor completed (exec #224)
[12:46:40] [DISPATCH] Task 2 (Collect RAM) P3 gets CPU
[12:46:40] [TASK] RAM Monitor starting
[12:46:40] [TASK] RAM Monitor completed (exec #157)
[12:46:40] [DISPATCH] Task 5 (Analyzer) P3 gets CPU
[12:46:40] [TASK] Analyzer starting
[12:46:40] [ERROR] Analyzer failed with code 256 (may need 'make all' first)
[12:46:40] [DISPATCH] Task 3 (Collect DISK) P2 gets CPU
[12:46:40] [TASK] Disk Monitor starting
[12:46:40] [TASK] Disk Monitor completed (exec #142)
[12:46:40] [DISPATCH] Task 4 (Collect Network) P0 gets CPU
[12:46:40] [TASK] Network Fetch starting
[12:46:40] [TASK] Network Fetch completed (exec #137)
[12:46:40] 
=== TICK 226 ===
[12:46:40] [READY] Task 1 (Collect CPU) ready - interval 1s elapsed
[12:46:40] [DISPATCH] Executing 1 ready task(s) in priority order
[12:46:40] [DISPATCH] Task 1 (Collect CPU) P3 gets CPU
[12:46:40] [TASK] CPU Monitor starting
[12:46:41] [TASK] CPU Monitor completed (exec #225)
[12:46:41] 
=== TICK 227 ===
[12:46:41] [READY] Task 1 (Collect CPU) ready - interval 1s elapsed
[12:46:41] [READY] Task 2 (Collect RAM) ready - interval 1s elapsed
[12:46:41] [READY] Task 3 (Collect DISK) ready - interval 1s elapsed
[12:46:41] [READY] Task 4 (Collect Network) ready - interval 1s elapsed
[12:46:41] [READY] Task 5 (Analyzer) ready - interval 1s elapsed
[12:46:41] [DISPATCH] Executing 5 ready task(s) in priority order
[12:46:41] [DISPATCH] Task 1 (Collect CPU) P3 gets CPU
[12:46:41] [TASK] CPU Monitor starting
[12:46:42] [TASK] CPU Monitor completed (exec #226)
[12:46:42] [DISPATCH] Task 2 (Collect RAM) P3 gets CPU
[12:46:42] [TASK] RAM Monitor starting
[12:46:42] [TASK] RAM Monitor completed (exec #158)
[12:46:42] [DISPATCH] Task 5 (Analyzer) P3 gets CPU
[12:46:42] [TASK] Analyzer starting
[12:46:42] [ERROR] Analyzer failed with code 256 (may need 'make all' first)
[12:46:42] [DISPATCH] Task 3 (Collect DISK) P2 gets CPU
[12:46:42] [TASK] Disk Monitor starting
[12:46:42] [TASK] Disk Monitor completed (exec #143)
[12:46:42] [DISPATCH] Task 4 (Collect Network) P0 gets CPU
[12:46:42] [TASK] Network Fetch starting
[12:46:42] [TASK] Network Fetch completed (exec #138)
[12:46:42] 
=== TICK 228 ===
[12:46:42] [READY] Task 1 (Collect CPU) ready - interval 1s elapsed
[12:46:42] [DISPATCH] Executing 1 ready task(s) in priority order
[12:46:42] [DISPATCH] Task 1 (Collect CPU) P3 gets CPU
[12:46:42] [TASK] CPU Monitor starting
[12:46:43] [TASK] CPU Monitor completed (exec #227)
[12:46:43] 
=== TICK 229 ===
[12:46:43] [READY] Task 1 (Collect CPU) ready - interval 1s elapsed
[12:46:43] [READY] Task 2 (Collect RAM) ready - interval 1s elapsed
[12:46:43] [READY] Task 3 (Collect DISK) ready - interval 1s elapsed
[12:46:43] [READY] Task 4 (Collect Network) ready - interval 1s elapsed
[12:46:43] [READY] Task 5 (Analyzer) ready - interval 1s elapsed
[12:46:43] [DISPATCH] Executing 5 ready task(s) in priority order
[12:46:43] [DISPATCH] Task 1 (Collect CPU) P3 gets CPU
[12:46:43] [TASK] CPU Monitor starting
[12:46:44] [TASK] CPU Monitor completed (exec #228)
[12:46:44] [DISPATCH] Task 2 (Collect RAM) P3 gets CPU
[12:46:44] [TASK] RAM Monitor starting
[12:46:44] [TASK] RAM Monitor completed (exec #159)
[12:46:44] [DISPATCH] Task 5 (Analyzer) P3 gets CPU
[12:46:44] [TASK] Analyzer starting
[12:46:44] [ERROR] Analyzer failed with code 256 (may need 'make all' first)
[12:46:44] [DISPATCH] Task 3 (Collect DISK) P2 gets CPU
[12:46:44] [TASK] Disk Monitor starting
[12:46:44] [TASK] Disk Monitor completed (exec #144)
[12:46:44] [DISPATCH] Task 4 (Collect Network) P0 gets CPU
[12:46:44] [TASK] Network Fetch starting
[12:46:44] [TASK] Network Fetch completed (exec #139)
[12:46:44] 
=== TICK 230 ===
[12:46:44] [READY] Task 1 (Collect CPU) ready - interval 1s elapsed
[12:46:44] [DISPATCH] Executing 1 ready task(s) in priority order
[12:46:44] [DISPATCH] Task 1 (Collect CPU) P3 gets CPU
[12:46:44] [TASK] CPU Monitor starting
[12:46:45] [TASK] CPU Monitor completed (exec #229)
[12:46:45] 
=== TICK 231 ===
[12:46:45] [READY] Task 1 (Collect CPU) ready - interval 1s elapsed
[12:46:45] [READY] Task 2 (Collect RAM) ready - interval 1s elapsed
[12:46:45] [READY] Task 3 (Collect DISK) ready - interval 1s elapsed
[12:46:45] [READY] Task 4 (Collect Network) ready - interval 1s elapsed
[12:46:45] [READY] Task 5 (Analyzer) ready - interval 1s elapsed
[12:46:45] [READY] Task 6 (Report Generator) ready - interval 9s elapsed
[12:46:45] [DISPATCH] Executing 6 ready task(s) in priority order
[12:46:45] [DISPATCH] Task 1 (Collect CPU) P3 gets CPU
[12:46:45] [TASK] CPU Monitor starting
[12:46:46] [TASK] CPU Monitor completed (exec #230)
[12:46:46] [DISPATCH] Task 2 (Collect RAM) P3 gets CPU
[12:46:46] [TASK] RAM Monitor starting
[12:46:46] [TASK] RAM Monitor completed (exec #160)
[12:46:46] [DISPATCH] Task 5 (Analyzer) P3 gets CPU
[12:46:46] [TASK] Analyzer starting
[12:46:46] [ERROR] Analyzer failed with code 256 (may need 'make all' first)
[12:46:46] [DISPATCH] Task 6 (Report Generator) P3 gets CPU
[12:46:46] [TASK] Report Generator starting
[12:46:47] [TASK] Report Generator completed (exec #26)
[12:46:47] [DISPATCH] Task 3 (Collect DISK) P2 gets CPU
[12:46:47] [TASK] Disk Monitor starting
[12:46:47] [TASK] Disk Monitor completed (exec #145)
[12:46:47] [DISPATCH] Task 4 (Collect Network) P0 gets CPU
[12:46:47] [TASK] Network Fetch starting
[12:46:47] [TASK] Network Fetch completed (exec #140)
[12:46:47] 
=== TICK 232 ===
[12:46:47] [READY] Task 1 (Collect CPU) ready - interval 1s elapsed
[12:46:47] [READY] Task 2 (Collect RAM) ready - interval 1s elapsed
[12:46:47] [READY] Task 5 (Analyzer) ready - interval 1s elapsed
[12:46:47] [DISPATCH] Executing 3 ready task(s) in priority order
[12:46:47] [DISPATCH] Task 1 (Collect CPU) P3 gets CPU
[12:46:47] [TASK] CPU Monitor starting
[12:46:48] [TASK] CPU Monitor completed (exec #231)
[12:46:48] [DISPATCH] Task 2 (Collect RAM) P3 gets CPU
[12:46:48] [TASK] RAM Monitor starting
[12:46:48] [TASK] RAM Monitor completed (exec #161)
[12:46:48] [DISPATCH] Task 5 (Analyzer) P3 gets CPU
[12:46:48] [TASK] Analyzer starting
[12:46:48] [ERROR] Analyzer failed with code 256 (may need 'make all' first)
[12:46:49] 
=== TICK 233 ===
[12:46:49] [READY] Task 1 (Collect CPU) ready - interval 1s elapsed
[12:46:49] [READY] Task 2 (Collect RAM) ready - interval 1s elapsed
[12:46:49] [READY] Task 3 (Collect DISK) ready - interval 1s elapsed
[12:46:49] [READY] Task 4 (Collect Network) ready - interval 1s elapsed
[12:46:49] [READY] Task 5 (Analyzer) ready - interval 1s elapsed
[12:46:49] [DISPATCH] Executing 5 ready task(s) in priority order
[12:46:49] [DISPATCH] Task 1 (Collect CPU) P3 gets CPU
[12:46:49] [TASK] CPU Monitor starting
[12:46:50] [TASK] CPU Monitor completed (exec #232)
[12:46:50] [DISPATCH] Task 2 (Collect RAM) P3 gets CPU
[12:46:50] [TASK] RAM Monitor starting
[12:46:50] [TASK] RAM Monitor completed (exec #162)
[12:46:50] [DISPATCH] Task 5 (Analyzer) P3 gets CPU
[12:46:50] [TASK] Analyzer starting
[12:46:50] [ERROR] Analyzer failed with code 256 (may need 'make all' first)
[12:46:50] [DISPATCH] Task 3 (Collect DISK) P2 gets CPU
[12:46:50] [TASK] Disk Monitor starting
[12:46:50] [TASK] Disk Monitor completed (exec #146)
[12:46:50] [DISPATCH] Task 4 (Collect Network) P0 gets CPU
[12:46:50] [TASK] Network Fetch starting
[12:46:50] [TASK] Network Fetch completed (exec #141)
[12:46:50] 
=== TICK 234 ===
[12:46:50] [READY] Task 1 (Collect CPU) ready - interval 1s elapsed
[12:46:50] [DISPATCH] Executing 1 ready task(s) in priority order
[12:46:50] [DISPATCH] Task 1 (Collect CPU) P3 gets CPU
[12:46:50] [TASK] CPU Monitor starting
[12:46:51] [TASK] CPU Monitor completed (exec #233)
[12:46:51] 
=== TICK 235 ===
[12:46:51] [READY] Task 1 (Collect CPU) ready - interval 1s elapsed
[12:46:51] [READY] Task 2 (Collect RAM) ready - interval 1s elapsed
[12:46:51] [READY] Task 3 (Collect DISK) ready - interval 1s elapsed
[12:46:51] [READY] Task 4 (Collect Network) ready - interval 1s elapsed
[12:46:51] [READY] Task 5 (Analyzer) ready - interval 1s elapsed
[12:46:51] [DISPATCH] Executing 5 ready task(s) in priority order
[12:46:51] [DISPATCH] Task 1 (Collect CPU) P3 gets CPU
[12:46:51] [TASK] CPU Monitor starting
[12:46:52] [TASK] CPU Monitor completed (exec #234)
[12:46:52] [DISPATCH] Task 2 (Collect RAM) P3 gets CPU
[12:46:52] [TASK] RAM Monitor starting
[12:46:52] [TASK] RAM Monitor completed (exec #163)
[12:46:52] [DISPATCH] Task 5 (Analyzer) P3 gets CPU
[12:46:52] [TASK] Analyzer starting
[12:46:52] [ERROR] Analyzer failed with code 256 (may need 'make all' first)
[12:46:52] [DISPATCH] Task 3 (Collect DISK) P2 gets CPU
[12:46:52] [TASK] Disk Monitor starting
[12:46:52] [TASK] Disk Monitor completed (exec #147)
[12:46:52] [DISPATCH] Task 4 (Collect Network) P0 gets CPU
[12:46:52] [TASK] Network Fetch starting
[12:46:52] [TASK] Network Fetch completed (exec #142)
[12:46:52] 
=== TICK 236 ===
[12:46:52] [READY] Task 1 (Collect CPU) ready - interval 1s elapsed
[12:46:52] [DISPATCH] Executing 1 ready task(s) in priority order
[12:46:52] [DISPATCH] Task 1 (Collect CPU) P3 gets CPU
[12:46:52] [TASK] CPU Monitor starting
[12:46:53] [TASK] CPU Monitor completed (exec #235)
[12:46:53] 
=== TICK 237 ===
[12:46:53] [READY] Task 1 (Collect CPU) ready - interval 1s elapsed
[12:46:53] [READY] Task 2 (Collect RAM) ready - interval 1s elapsed
[12:46:53] [READY] Task 3 (Collect DISK) ready - interval 1s elapsed
[12:46:53] [READY] Task 4 (Collect Network) ready - interval 1s elapsed
[12:46:53] [READY] Task 5 (Analyzer) ready - interval 1s elapsed
[12:46:53] [DISPATCH] Executing 5 ready task(s) in priority order
[12:46:53] [DISPATCH] Task 1 (Collect CPU) P3 gets CPU
[12:46:53] [TASK] CPU Monitor starting
[12:46:54] [TASK] CPU Monitor completed (exec #236)
[12:46:54] [DISPATCH] Task 2 (Collect RAM) P3 gets CPU
[12:46:54] [TASK] RAM Monitor starting
[12:46:54] [TASK] RAM Monitor completed (exec #164)
[12:46:54] [DISPATCH] Task 5 (Analyzer) P3 gets CPU
[12:46:54] [TASK] Analyzer starting
[12:46:54] [ERROR] Analyzer failed with code 256 (may need 'make all' first)
[12:46:54] [DISPATCH] Task 3 (Collect DISK) P2 gets CPU
[12:46:54] [TASK] Disk Monitor starting
[12:46:54] [TASK] Disk Monitor completed (exec #148)
[12:46:54] [DISPATCH] Task 4 (Collect Network) P0 gets CPU
[12:46:54] [TASK] Network Fetch starting
[12:46:54] [TASK] Network Fetch completed (exec #143)
[12:46:54] 
=== TICK 238 ===
[12:46:54] [READY] Task 1 (Collect CPU) ready - interval 1s elapsed
[12:46:54] [DISPATCH] Executing 1 ready task(s) in priority order
[12:46:54] [DISPATCH] Task 1 (Collect CPU) P3 gets CPU
[12:46:54] [TASK] CPU Monitor starting
[12:46:55] [TASK] CPU Monitor completed (exec #237)
[12:46:55] 
=== TICK 239 ===
[12:46:55] [READY] Task 1 (Collect CPU) ready - interval 1s elapsed
[12:46:55] [READY] Task 2 (Collect RAM) ready - interval 1s elapsed
[12:46:55] [READY] Task 3 (Collect DISK) ready - interval 1s elapsed
[12:46:55] [READY] Task 4 (Collect Network) ready - interval 1s elapsed
[12:46:55] [READY] Task 5 (Analyzer) ready - interval 1s elapsed
[12:46:55] [READY] Task 6 (Report Generator) ready - interval 9s elapsed
[12:46:55] [DISPATCH] Executing 6 ready task(s) in priority order
[12:46:55] [DISPATCH] Task 1 (Collect CPU) P3 gets CPU
[12:46:55] [TASK] CPU Monitor starting
[12:46:56] [TASK] CPU Monitor completed (exec #238)
[12:46:56] [DISPATCH] Task 2 (Collect RAM) P3 gets CPU
[12:46:56] [TASK] RAM Monitor starting
[12:46:56] [TASK] RAM Monitor completed (exec #165)
[12:46:56] [DISPATCH] Task 5 (Analyzer) P3 gets CPU
[12:46:56] [TASK] Analyzer starting
[12:46:56] [ERROR] Analyzer failed with code 256 (may need 'make all' first)
[12:46:56] [DISPATCH] Task 6 (Report Generator) P3 gets CPU
[12:46:56] [TASK] Report Generator starting
[12:46:56] [TASK] Report Generator completed (exec #27)
[12:46:56] [DISPATCH] Task 3 (Collect DISK) P2 gets CPU
[12:46:56] [TASK] Disk Monitor starting
[12:46:56] [TASK] Disk Monitor completed (exec #149)
[12:46:56] [DISPATCH] Task 4 (Collect Network) P0 gets CPU
[12:46:56] [TASK] Network Fetch starting
[12:46:56] [TASK] Network Fetch completed (exec #144)
[12:46:56] 
=== TICK 240 ===
[12:46:56] [READY] Task 1 (Collect CPU) ready - interval 1s elapsed
[12:46:56] [DISPATCH] Executing 1 ready task(s) in priority order
[12:46:56] [DISPATCH] Task 1 (Collect CPU) P3 gets CPU
[12:46:56] [TASK] CPU Monitor starting
[12:46:57] [TASK] CPU Monitor completed (exec #239)
[12:46:57] 
=== TICK 241 ===
[12:46:57] [READY] Task 1 (Collect CPU) ready - interval 1s elapsed
[12:46:57] [READY] Task 2 (Collect RAM) ready - interval 1s elapsed
[12:46:57] [READY] Task 3 (Collect DISK) ready - interval 1s elapsed
[12:46:57] [READY] Task 4 (Collect Network) ready - interval 1s elapsed
[12:46:57] [READY] Task 5 (Analyzer) ready - interval 1s elapsed
[12:46:57] [DISPATCH] Executing 5 ready task(s) in priority order
[12:46:57] [DISPATCH] Task 1 (Collect CPU) P3 gets CPU
[12:46:57] [TASK] CPU Monitor starting
[12:46:58] [TASK] CPU Monitor completed (exec #240)
[12:46:58] [DISPATCH] Task 2 (Collect RAM) P3 gets CPU
[12:46:58] [TASK] RAM Monitor starting
[12:46:58] [TASK] RAM Monitor completed (exec #166)
[12:46:58] [DISPATCH] Task 5 (Analyzer) P3 gets CPU
[12:46:58] [TASK] Analyzer starting
[12:46:58] [ERROR] Analyzer failed with code 256 (may need 'make all' first)
[12:46:58] [DISPATCH] Task 3 (Collect DISK) P2 gets CPU
[12:46:58] [TASK] Disk Monitor starting
[12:46:58] [TASK] Disk Monitor completed (exec #150)
[12:46:58] [DISPATCH] Task 4 (Collect Network) P0 gets CPU
[12:46:58] [TASK] Network Fetch starting
[12:46:58] [TASK] Network Fetch completed (exec #145)
[12:46:58] 
=== TICK 242 ===
[12:46:58] [READY] Task 1 (Collect CPU) ready - interval 1s elapsed
[12:46:58] [DISPATCH] Executing 1 ready task(s) in priority order
[12:46:58] [DISPATCH] Task 1 (Collect CPU) P3 gets CPU
[12:46:58] [TASK] CPU Monitor starting
[12:46:59] [TASK] CPU Monitor completed (exec #241)
[12:46:59] 
=== TICK 243 ===
[12:46:59] [READY] Task 1 (Collect CPU) ready - interval 1s elapsed
[12:46:59] [READY] Task 2 (Collect RAM) ready - interval 1s elapsed
[12:46:59] [READY] Task 3 (Collect DISK) ready - interval 1s elapsed
[12:46:59] [READY] Task 4 (Collect Network) ready - interval 1s elapsed
[12:46:59] [READY] Task 5 (Analyzer) ready - interval 1s elapsed
[12:46:59] [DISPATCH] Executing 5 ready task(s) in priority order
[12:46:59] [DISPATCH] Task 1 (Collect CPU) P3 gets CPU
[12:46:59] [TASK] CPU Monitor starting
[12:47:00] [TASK] CPU Monitor completed (exec #242)
[12:47:00] [DISPATCH] Task 2 (Collect RAM) P3 gets CPU
[12:47:00] [TASK] RAM Monitor starting
[12:47:00] [TASK] RAM Monitor completed (exec #167)
[12:47:00] [DISPATCH] Task 5 (Analyzer) P3 gets CPU
[12:47:00] [TASK] Analyzer starting
[12:47:00] [ERROR] Analyzer failed with code 256 (may need 'make all' first)
[12:47:00] [DISPATCH] Task 3 (Collect DISK) P2 gets CPU
[12:47:00] [TASK] Disk Monitor starting
[12:47:00] [TASK] Disk Monitor completed (exec #151)
[12:47:00] [DISPATCH] Task 4 (Collect Network) P0 gets CPU
[12:47:00] [TASK] Network Fetch starting
[12:47:00] [TASK] Network Fetch completed (exec #146)
[12:47:00] 
=== TICK 244 ===
[12:47:00] [READY] Task 1 (Collect CPU) ready - interval 1s elapsed
[12:47:00] [DISPATCH] Executing 1 ready task(s) in priority order
[12:47:00] [DISPATCH] Task 1 (Collect CPU) P3 gets CPU
[12:47:00] [TASK] CPU Monitor starting
[12:47:01] [TASK] CPU Monitor completed (exec #243)
[12:47:01] 
=== TICK 245 ===
[12:47:01] [READY] Task 1 (Collect CPU) ready - interval 1s elapsed
[12:47:01] [READY] Task 2 (Collect RAM) ready - interval 1s elapsed
[12:47:01] [READY] Task 3 (Collect DISK) ready - interval 1s elapsed
[12:47:01] [READY] Task 4 (Collect Network) ready - interval 1s elapsed
[12:47:01] [READY] Task 5 (Analyzer) ready - interval 1s elapsed
[12:47:01] [DISPATCH] Executing 5 ready task(s) in priority order
[12:47:01] [DISPATCH] Task 1 (Collect CPU) P3 gets CPU
[12:47:01] [TASK] CPU Monitor starting
[12:47:02] [TASK] CPU Monitor completed (exec #244)
[12:47:02] [DISPATCH] Task 2 (Collect RAM) P3 gets CPU
[12:47:02] [TASK] RAM Monitor starting
[12:47:02] [TASK] RAM Monitor completed (exec #168)
[12:47:02] [DISPATCH] Task 5 (Analyzer) P3 gets CPU
[12:47:02] [TASK] Analyzer starting
[12:47:02] [ERROR] Analyzer failed with code 256 (may need 'make all' first)
[12:47:02] [DISPATCH] Task 3 (Collect DISK) P2 gets CPU
[12:47:02] [TASK] Disk Monitor starting
[12:47:02] [TASK] Disk Monitor completed (exec #152)
[12:47:02] [DISPATCH] Task 4 (Collect Network) P0 gets CPU
[12:47:02] [TASK] Network Fetch starting
[12:47:02] [TASK] Network Fetch completed (exec #147)
[12:47:02] 
=== TICK 246 ===
[12:47:02] [READY] Task 1 (Collect CPU) ready - interval 1s elapsed
[12:47:02] [DISPATCH] Executing 1 ready task(s) in priority order
[12:47:02] [DISPATCH] Task 1 (Collect CPU) P3 gets CPU
[12:47:02] [TASK] CPU Monitor starting
[12:47:03] [TASK] CPU Monitor completed (exec #245)
[12:47:03] 
=== TICK 247 ===
[12:47:03] [READY] Task 1 (Collect CPU) ready - interval 1s elapsed
[12:47:03] [READY] Task 2 (Collect RAM) ready - interval 1s elapsed
[12:47:03] [READY] Task 3 (Collect DISK) ready - interval 1s elapsed
[12:47:03] [READY] Task 4 (Collect Network) ready - interval 1s elapsed
[12:47:03] [READY] Task 5 (Analyzer) ready - interval 1s elapsed
[12:47:03] [DISPATCH] Executing 5 ready task(s) in priority order
[12:47:03] [DISPATCH] Task 1 (Collect CPU) P3 gets CPU
[12:47:03] [TASK] CPU Monitor starting
[12:47:04] [TASK] CPU Monitor completed (exec #246)
[12:47:04] [DISPATCH] Task 2 (Collect RAM) P3 gets CPU
[12:47:04] [TASK] RAM Monitor starting
[12:47:04] [TASK] RAM Monitor completed (exec #169)
[12:47:04] [DISPATCH] Task 5 (Analyzer) P3 gets CPU
[12:47:04] [TASK] Analyzer starting
[12:47:04] [ERROR] Analyzer failed with code 256 (may need 'make all' first)
[12:47:04] [DISPATCH] Task 3 (Collect DISK) P2 gets CPU
[12:47:04] [TASK] Disk Monitor starting
[12:47:04] [TASK] Disk Monitor completed (exec #153)
[12:47:04] [DISPATCH] Task 4 (Collect Network) P0 gets CPU
[12:47:04] [TASK] Network Fetch starting
[12:47:04] [TASK] Network Fetch completed (exec #148)
[12:47:04] 
=== TICK 248 ===
[12:47:04] [READY] Task 1 (Collect CPU) ready - interval 1s elapsed
[12:47:04] [DISPATCH] Executing 1 ready task(s) in priority order
[12:47:04] [DISPATCH] Task 1 (Collect CPU) P3 gets CPU
[12:47:04] [TASK] CPU Monitor starting
[12:47:05] [TASK] CPU Monitor completed (exec #247)
[12:47:05] 
=== TICK 249 ===
[12:47:05] [READY] Task 1 (Collect CPU) ready - interval 1s elapsed
[12:47:05] [READY] Task 2 (Collect RAM) ready - interval 1s elapsed
[12:47:05] [READY] Task 3 (Collect DISK) ready - interval 1s elapsed
[12:47:05] [READY] Task 4 (Collect Network) ready - interval 1s elapsed
[12:47:05] [READY] Task 5 (Analyzer) ready - interval 1s elapsed
[12:47:05] [READY] Task 6 (Report Generator) ready - interval 9s elapsed
[12:47:05] [DISPATCH] Executing 6 ready task(s) in priority order
[12:47:05] [DISPATCH] Task 1 (Collect CPU) P3 gets CPU
[12:47:05] [TASK] CPU Monitor starting
[12:47:06] [TASK] CPU Monitor completed (exec #248)
[12:47:06] [DISPATCH] Task 2 (Collect RAM) P3 gets CPU
[12:47:06] [TASK] RAM Monitor starting
[12:47:06] [TASK] RAM Monitor completed (exec #170)
[12:47:06] [DISPATCH] Task 5 (Analyzer) P3 gets CPU
[12:47:06] [TASK] Analyzer starting
[12:47:06] [ERROR] Analyzer failed with code 256 (may need 'make all' first)
[12:47:06] [DISPATCH] Task 6 (Report Generator) P3 gets CPU
[12:47:06] [TASK] Report Generator starting
[12:47:07] [TASK] Report Generator completed (exec #28)
[12:47:07] [DISPATCH] Task 3 (Collect DISK) P2 gets CPU
[12:47:07] [TASK] Disk Monitor starting
[12:47:07] [TASK] Disk Monitor completed (exec #154)
[12:47:07] [DISPATCH] Task 4 (Collect Network) P0 gets CPU
[12:47:07] [TASK] Network Fetch starting
[12:47:07] [TASK] Network Fetch completed (exec #149)
[12:47:07] 
=== TICK 250 ===
[12:47:07] [READY] Task 1 (Collect CPU) ready - interval 1s elapsed
[12:47:07] [READY] Task 2 (Collect RAM) ready - interval 1s elapsed
[12:47:07] [READY] Task 5 (Analyzer) ready - interval 1s elapsed
[12:47:07] [DISPATCH] Executing 3 ready task(s) in priority order
[12:47:07] [DISPATCH] Task 1 (Collect CPU) P3 gets CPU
[12:47:07] [TASK] CPU Monitor starting
[12:47:08] [TASK] CPU Monitor completed (exec #249)
[12:47:08] [DISPATCH] Task 2 (Collect RAM) P3 gets CPU
[12:47:08] [TASK] RAM Monitor starting
[12:47:08] [TASK] RAM Monitor completed (exec #171)
[12:47:08] [DISPATCH] Task 5 (Analyzer) P3 gets CPU
[12:47:08] [TASK] Analyzer starting
[12:47:08] [ERROR] Analyzer failed with code 256 (may need 'make all' first)
[12:47:08] 
=== TICK 251 ===
[12:47:08] [READY] Task 1 (Collect CPU) ready - interval 1s elapsed
[12:47:08] [READY] Task 3 (Collect DISK) ready - interval 1s elapsed
[12:47:08] [READY] Task 4 (Collect Network) ready - interval 1s elapsed
[12:47:08] [DISPATCH] Executing 3 ready task(s) in priority order
[12:47:08] [DISPATCH] Task 1 (Collect CPU) P3 gets CPU
[12:47:08] [TASK] CPU Monitor starting
[12:47:09] [TASK] CPU Monitor completed (exec #250)
[12:47:09] [DISPATCH] Task 3 (Collect DISK) P2 gets CPU
[12:47:09] [TASK] Disk Monitor starting
[12:47:09] [TASK] Disk Monitor completed (exec #155)
[12:47:09] [DISPATCH] Task 4 (Collect Network) P0 gets CPU
[12:47:09] [TASK] Network Fetch starting
[12:47:09] [TASK] Network Fetch completed (exec #150)
[12:47:09] 
=== TICK 252 ===
[12:47:09] [READY] Task 1 (Collect CPU) ready - interval 1s elapsed
[12:47:09] [READY] Task 2 (Collect RAM) ready - interval 1s elapsed
[12:47:09] [READY] Task 5 (Analyzer) ready - interval 1s elapsed
[12:47:09] [DISPATCH] Executing 3 ready task(s) in priority order
[12:47:09] [DISPATCH] Task 1 (Collect CPU) P3 gets CPU
[12:47:09] [TASK] CPU Monitor starting
[12:47:10] [TASK] CPU Monitor completed (exec #251)
[12:47:10] [DISPATCH] Task 2 (Collect RAM) P3 gets CPU
[12:47:10] [TASK] RAM Monitor starting
[12:47:10] [TASK] RAM Monitor completed (exec #172)
[12:47:10] [DISPATCH] Task 5 (Analyzer) P3 gets CPU
[12:47:10] [TASK] Analyzer starting
[12:47:10] [ERROR] Analyzer failed with code 256 (may need 'make all' first)
[12:47:10] 
=== TICK 253 ===
[12:47:10] [READY] Task 1 (Collect CPU) ready - interval 1s elapsed
[12:47:10] [READY] Task 3 (Collect DISK) ready - interval 1s elapsed
[12:47:10] [READY] Task 4 (Collect Network) ready - interval 1s elapsed
[12:47:10] [DISPATCH] Executing 3 ready task(s) in priority order
[12:47:10] [DISPATCH] Task 1 (Collect CPU) P3 gets CPU
[12:47:10] [TASK] CPU Monitor starting
[12:47:11] [TASK] CPU Monitor completed (exec #252)
[12:47:11] [DISPATCH] Task 3 (Collect DISK) P2 gets CPU
[12:47:11] [TASK] Disk Monitor starting
[12:47:11] [TASK] Disk Monitor completed (exec #156)
[12:47:11] [DISPATCH] Task 4 (Collect Network) P0 gets CPU
[12:47:11] [TASK] Network Fetch starting
[12:47:11] [TASK] Network Fetch completed (exec #151)
[12:47:11] 
=== TICK 254 ===
[12:47:11] [READY] Task 1 (Collect CPU) ready - interval 1s elapsed
[12:47:11] [READY] Task 2 (Collect RAM) ready - interval 1s elapsed
[12:47:11] [READY] Task 5 (Analyzer) ready - interval 1s elapsed
[12:47:11] [DISPATCH] Executing 3 ready task(s) in priority order
[12:47:11] [DISPATCH] Task 1 (Collect CPU) P3 gets CPU
[12:47:11] [TASK] CPU Monitor starting
[12:47:12] [TASK] CPU Monitor completed (exec #253)
[12:47:12] [DISPATCH] Task 2 (Collect RAM) P3 gets CPU
[12:47:12] [TASK] RAM Monitor starting
[12:47:12] [TASK] RAM Monitor completed (exec #173)
[12:47:12] [DISPATCH] Task 5 (Analyzer) P3 gets CPU
[12:47:12] [TASK] Analyzer starting
[12:47:12] [ERROR] Analyzer failed with code 256 (may need 'make all' first)
[12:47:12] 
=== TICK 255 ===
[12:47:12] [READY] Task 1 (Collect CPU) ready - interval 1s elapsed
[12:47:12] [READY] Task 3 (Collect DISK) ready - interval 1s elapsed
[12:47:12] [READY] Task 4 (Collect Network) ready - interval 1s elapsed
[12:47:12] [DISPATCH] Executing 3 ready task(s) in priority order
[12:47:12] [DISPATCH] Task 1 (Collect CPU) P3 gets CPU
[12:47:12] [TASK] CPU Monitor starting
[12:47:13] [TASK] CPU Monitor completed (exec #254)
[12:47:13] [DISPATCH] Task 3 (Collect DISK) P2 gets CPU
[12:47:13] [TASK] Disk Monitor starting
[12:47:13] [TASK] Disk Monitor completed (exec #157)
[12:47:13] [DISPATCH] Task 4 (Collect Network) P0 gets CPU
[12:47:13] [TASK] Network Fetch starting
[12:47:13] [TASK] Network Fetch completed (exec #152)
[12:47:13] 
=== TICK 256 ===
[12:47:13] [READY] Task 1 (Collect CPU) ready - interval 1s elapsed
[12:47:13] [READY] Task 2 (Collect RAM) ready - interval 1s elapsed
[12:47:13] [READY] Task 5 (Analyzer) ready - interval 1s elapsed
[12:47:13] [DISPATCH] Executing 3 ready task(s) in priority order
[12:47:13] [DISPATCH] Task 1 (Collect CPU) P3 gets CPU
[12:47:13] [TASK] CPU Monitor starting
[12:47:14] [TASK] CPU Monitor completed (exec #255)
[12:47:14] [DISPATCH] Task 2 (Collect RAM) P3 gets CPU
[12:47:14] [TASK] RAM Monitor starting
[12:47:14] [TASK] RAM Monitor completed (exec #174)
[12:47:14] [DISPATCH] Task 5 (Analyzer) P3 gets CPU
[12:47:14] [TASK] Analyzer starting
[12:47:14] [ERROR] Analyzer failed with code 256 (may need 'make all' first)
[12:47:14] 
=== TICK 257 ===
[12:47:14] [READY] Task 1 (Collect CPU) ready - interval 1s elapsed
[12:47:14] [READY] Task 3 (Collect DISK) ready - interval 1s elapsed
[12:47:14] [READY] Task 4 (Collect Network) ready - interval 1s elapsed
[12:47:14] [DISPATCH] Executing 3 ready task(s) in priority order
[12:47:14] [DISPATCH] Task 1 (Collect CPU) P3 gets CPU
[12:47:14] [TASK] CPU Monitor starting
[12:47:15] [TASK] CPU Monitor completed (exec #256)
[12:47:15] [DISPATCH] Task 3 (Collect DISK) P2 gets CPU
[12:47:15] [TASK] Disk Monitor starting
[12:47:15] [TASK] Disk Monitor completed (exec #158)
[12:47:15] [DISPATCH] Task 4 (Collect Network) P0 gets CPU
[12:47:15] [TASK] Network Fetch starting
[12:47:15] [TASK] Network Fetch completed (exec #153)
[12:47:15] 
=== TICK 258 ===
[12:47:15] [READY] Task 1 (Collect CPU) ready - interval 1s elapsed
[12:47:15] [READY] Task 2 (Collect RAM) ready - interval 1s elapsed
[12:47:15] [READY] Task 5 (Analyzer) ready - interval 1s elapsed
[12:47:15] [READY] Task 6 (Report Generator) ready - interval 9s elapsed
[12:47:15] [DISPATCH] Executing 4 ready task(s) in priority order
[12:47:15] [DISPATCH] Task 1 (Collect CPU) P3 gets CPU
[12:47:15] [TASK] CPU Monitor starting
[12:47:16] [TASK] CPU Monitor completed (exec #257)
[12:47:16] [DISPATCH] Task 2 (Collect RAM) P3 gets CPU
[12:47:16] [TASK] RAM Monitor starting
[12:47:16] [TASK] RAM Monitor completed (exec #175)
[12:47:16] [DISPATCH] Task 5 (Analyzer) P3 gets CPU
[12:47:16] [TASK] Analyzer starting
[12:47:16] [ERROR] Analyzer failed with code 256 (may need 'make all' first)
[12:47:16] [DISPATCH] Task 6 (Report Generator) P3 gets CPU
[12:47:16] [TASK] Report Generator starting
[12:47:16] [TASK] Report Generator completed (exec #29)
[12:47:16] 
=== TICK 259 ===
[12:47:16] [READY] Task 1 (Collect CPU) ready - interval 1s elapsed
[12:47:16] [READY] Task 3 (Collect DISK) ready - interval 1s elapsed
[12:47:16] [READY] Task 4 (Collect Network) ready - interval 1s elapsed
[12:47:16] [DISPATCH] Executing 3 ready task(s) in priority order
[12:47:16] [DISPATCH] Task 1 (Collect CPU) P3 gets CPU
[12:47:16] [TASK] CPU Monitor starting
[12:47:17] [TASK] CPU Monitor completed (exec #258)
[12:47:17] [DISPATCH] Task 3 (Collect DISK) P2 gets CPU
[12:47:17] [TASK] Disk Monitor starting
[12:47:17] [TASK] Disk Monitor completed (exec #159)
[12:47:17] [DISPATCH] Task 4 (Collect Network) P0 gets CPU
[12:47:17] [TASK] Network Fetch starting
[12:47:17] [TASK] Network Fetch completed (exec #154)
[12:47:17] 
=== TICK 260 ===
[12:47:17] [READY] Task 1 (Collect CPU) ready - interval 1s elapsed
[12:47:17] [READY] Task 2 (Collect RAM) ready - interval 1s elapsed
[12:47:17] [READY] Task 5 (Analyzer) ready - interval 1s elapsed
[12:47:17] [DISPATCH] Executing 3 ready task(s) in priority order
[12:47:17] [DISPATCH] Task 1 (Collect CPU) P3 gets CPU
[12:47:17] [TASK] CPU Monitor starting
[12:47:18] [TASK] CPU Monitor completed (exec #259)
[12:47:18] [DISPATCH] Task 2 (Collect RAM) P3 gets CPU
[12:47:18] [TASK] RAM Monitor starting
[12:47:18] [TASK] RAM Monitor completed (exec #176)
[12:47:18] [DISPATCH] Task 5 (Analyzer) P3 gets CPU
[12:47:18] [TASK] Analyzer starting
[12:47:18] [ERROR] Analyzer failed with code 256 (may need 'make all' first)
[12:47:18] 
=== TICK 261 ===
[12:47:18] [READY] Task 1 (Collect CPU) ready - interval 1s elapsed
[12:47:18] [READY] Task 3 (Collect DISK) ready - interval 1s elapsed
[12:47:18] [READY] Task 4 (Collect Network) ready - interval 1s elapsed
[12:47:18] [DISPATCH] Executing 3 ready task(s) in priority order
[12:47:18] [DISPATCH] Task 1 (Collect CPU) P3 gets CPU
[12:47:18] [TASK] CPU Monitor starting
[12:47:19] [TASK] CPU Monitor completed (exec #260)
[12:47:19] [DISPATCH] Task 3 (Collect DISK) P2 gets CPU
[12:47:19] [TASK] Disk Monitor starting
[12:47:19] [TASK] Disk Monitor completed (exec #160)
[12:47:19] [DISPATCH] Task 4 (Collect Network) P0 gets CPU
[12:47:19] [TASK] Network Fetch starting
[12:47:19] [TASK] Network Fetch completed (exec #155)
[12:47:19] 
=== TICK 262 ===
[12:47:19] [READY] Task 1 (Collect CPU) ready - interval 1s elapsed
[12:47:19] [READY] Task 2 (Collect RAM) ready - interval 1s elapsed
[12:47:19] [READY] Task 5 (Analyzer) ready - interval 1s elapsed
[12:47:19] [DISPATCH] Executing 3 ready task(s) in priority order
[12:47:19] [DISPATCH] Task 1 (Collect CPU) P3 gets CPU
[12:47:19] [TASK] CPU Monitor starting
[12:47:20] [TASK] CPU Monitor completed (exec #261)
[12:47:20] [DISPATCH] Task 2 (Collect RAM) P3 gets CPU
[12:47:20] [TASK] RAM Monitor starting
[12:47:20] [TASK] RAM Monitor completed (exec #177)
[12:47:20] [DISPATCH] Task 5 (Analyzer) P3 gets CPU
[12:47:20] [TASK] Analyzer starting
[12:47:20] [ERROR] Analyzer failed with code 256 (may need 'make all' first)
[12:47:20] 
=== TICK 263 ===
[12:47:20] [READY] Task 1 (Collect CPU) ready - interval 1s elapsed
[12:47:20] [READY] Task 3 (Collect DISK) ready - interval 1s elapsed
[12:47:20] [READY] Task 4 (Collect Network) ready - interval 1s elapsed
[12:47:20] [DISPATCH] Executing 3 ready task(s) in priority order
[12:47:20] [DISPATCH] Task 1 (Collect CPU) P3 gets CPU
[12:47:20] [TASK] CPU Monitor starting
[12:47:22] [TASK] CPU Monitor completed (exec #262)
[12:47:22] [DISPATCH] Task 3 (Collect DISK) P2 gets CPU
[12:47:22] [TASK] Disk Monitor starting
[12:47:22] [TASK] Disk Monitor completed (exec #161)
[12:47:22] [DISPATCH] Task 4 (Collect Network) P0 gets CPU
[12:47:22] [TASK] Network Fetch starting
[12:47:22] [TASK] Network Fetch completed (exec #156)
[12:47:22] 
=== TICK 264 ===
[12:47:22] [READY] Task 1 (Collect CPU) ready - interval 1s elapsed
[12:47:22] [READY] Task 2 (Collect RAM) ready - interval 1s elapsed
[12:47:22] [READY] Task 5 (Analyzer) ready - interval 1s elapsed
[12:47:22] [DISPATCH] Executing 3 ready task(s) in priority order
[12:47:22] [DISPATCH] Task 1 (Collect CPU) P3 gets CPU
[12:47:22] [TASK] CPU Monitor starting
[12:47:23] [TASK] CPU Monitor completed (exec #263)
[12:47:23] [DISPATCH] Task 2 (Collect RAM) P3 gets CPU
[12:47:23] [TASK] RAM Monitor starting
[12:47:23] [TASK] RAM Monitor completed (exec #178)
[12:47:23] [DISPATCH] Task 5 (Analyzer) P3 gets CPU
[12:47:23] [TASK] Analyzer starting
[12:47:23] [ERROR] Analyzer failed with code 256 (may need 'make all' first)
[12:47:23] 
=== TICK 265 ===
[12:47:23] [READY] Task 1 (Collect CPU) ready - interval 1s elapsed
[12:47:23] [READY] Task 3 (Collect DISK) ready - interval 1s elapsed
[12:47:23] [READY] Task 4 (Collect Network) ready - interval 1s elapsed
[12:47:23] [DISPATCH] Executing 3 ready task(s) in priority order
[12:47:23] [DISPATCH] Task 1 (Collect CPU) P3 gets CPU
[12:47:23] [TASK] CPU Monitor starting
[12:47:24] [TASK] CPU Monitor completed (exec #264)
[12:47:24] [DISPATCH] Task 3 (Collect DISK) P2 gets CPU
[12:47:24] [TASK] Disk Monitor starting
[12:47:24] [TASK] Disk Monitor completed (exec #162)
[12:47:24] [DISPATCH] Task 4 (Collect Network) P0 gets CPU
[12:47:24] [TASK] Network Fetch starting
[12:47:24] [TASK] Network Fetch completed (exec #157)
[12:47:24] 
=== TICK 266 ===
[12:47:24] [READY] Task 1 (Collect CPU) ready - interval 1s elapsed
[12:47:24] [READY] Task 2 (Collect RAM) ready - interval 1s elapsed
[12:47:24] [READY] Task 5 (Analyzer) ready - interval 1s elapsed
[12:47:24] [DISPATCH] Executing 3 ready task(s) in priority order
[12:47:24] [DISPATCH] Task 1 (Collect CPU) P3 gets CPU
[12:47:24] [TASK] CPU Monitor starting
[12:47:25] [TASK] CPU Monitor completed (exec #265)
[12:47:25] [DISPATCH] Task 2 (Collect RAM) P3 gets CPU
[12:47:25] [TASK] RAM Monitor starting
[12:47:25] [TASK] RAM Monitor completed (exec #179)
[12:47:25] [DISPATCH] Task 5 (Analyzer) P3 gets CPU
[12:47:25] [TASK] Analyzer starting
[12:47:25] [ERROR] Analyzer failed with code 256 (may need 'make all' first)
[12:47:25] 
=== TICK 267 ===
[12:47:25] [READY] Task 1 (Collect CPU) ready - interval 1s elapsed
[12:47:25] [READY] Task 3 (Collect DISK) ready - interval 1s elapsed
[12:47:25] [READY] Task 4 (Collect Network) ready - interval 1s elapsed
[12:47:25] [READY] Task 6 (Report Generator) ready - interval 9s elapsed
[12:47:25] [DISPATCH] Executing 4 ready task(s) in priority order
[12:47:25] [DISPATCH] Task 1 (Collect CPU) P3 gets CPU
[12:47:25] [TASK] CPU Monitor starting
[12:47:26] [TASK] CPU Monitor completed (exec #266)
[12:47:26] [DISPATCH] Task 6 (Report Generator) P3 gets CPU
[12:47:26] [TASK] Report Generator starting
[12:47:27] [TASK] Report Generator completed (exec #30)
[12:47:27] [DISPATCH] Task 3 (Collect DISK) P2 gets CPU
[12:47:27] [TASK] Disk Monitor starting
[12:47:27] [TASK] Disk Monitor completed (exec #163)
[12:47:27] [DISPATCH] Task 4 (Collect Network) P0 gets CPU
[12:47:27] [TASK] Network Fetch starting
[12:47:27] [TASK] Network Fetch completed (exec #158)
[12:47:27] 
=== TICK 268 ===
[12:47:27] [READY] Task 1 (Collect CPU) ready - interval 1s elapsed
[12:47:27] [READY] Task 2 (Collect RAM) ready - interval 1s elapsed
[12:47:27] [READY] Task 5 (Analyzer) ready - interval 1s elapsed
[12:47:27] [DISPATCH] Executing 3 ready task(s) in priority order
[12:47:27] [DISPATCH] Task 1 (Collect CPU) P3 gets CPU
[12:47:27] [TASK] CPU Monitor starting
[12:47:28] [TASK] CPU Monitor completed (exec #267)
[12:47:28] [DISPATCH] Task 2 (Collect RAM) P3 gets CPU
[12:47:28] [TASK] RAM Monitor starting
[12:47:28] [TASK] RAM Monitor completed (exec #180)
[12:47:28] [DISPATCH] Task 5 (Analyzer) P3 gets CPU
[12:47:28] [TASK] Analyzer starting
[12:47:28] [ERROR] Analyzer failed with code 256 (may need 'make all' first)
[12:47:28] 
=== TICK 269 ===
[12:47:28] [READY] Task 1 (Collect CPU) ready - interval 1s elapsed
[12:47:28] [READY] Task 3 (Collect DISK) ready - interval 1s elapsed
[12:47:28] [READY] Task 4 (Collect Network) ready - interval 1s elapsed
[12:47:28] [DISPATCH] Executing 3 ready task(s) in priority order
[12:47:28] [DISPATCH] Task 1 (Collect CPU) P3 gets CPU
[12:47:28] [TASK] CPU Monitor starting
[12:47:29] [TASK] CPU Monitor completed (exec #268)
[12:47:29] [DISPATCH] Task 3 (Collect DISK) P2 gets CPU
[12:47:29] [TASK] Disk Monitor starting
[12:47:29] [TASK] Disk Monitor completed (exec #164)
[12:47:29] [DISPATCH] Task 4 (Collect Network) P0 gets CPU
[12:47:29] [TASK] Network Fetch starting
[12:47:29] [TASK] Network Fetch completed (exec #159)
[12:47:29] 
=== TICK 270 ===
[12:47:29] [READY] Task 1 (Collect CPU) ready - interval 1s elapsed
[12:47:29] [READY] Task 2 (Collect RAM) ready - interval 1s elapsed
[12:47:29] [READY] Task 5 (Analyzer) ready - interval 1s elapsed
[12:47:29] [DISPATCH] Executing 3 ready task(s) in priority order
[12:47:29] [DISPATCH] Task 1 (Collect CPU) P3 gets CPU
[12:47:29] [TASK] CPU Monitor starting
[12:47:30] [TASK] CPU Monitor completed (exec #269)
[12:47:30] [DISPATCH] Task 2 (Collect RAM) P3 gets CPU
[12:47:30] [TASK] RAM Monitor starting
[12:47:30] [TASK] RAM Monitor completed (exec #181)
[12:47:30] [DISPATCH] Task 5 (Analyzer) P3 gets CPU
[12:47:30] [TASK] Analyzer starting
[12:47:30] [ERROR] Analyzer failed with code 256 (may need 'make all' first)
[12:47:30] 
=== TICK 271 ===
[12:47:30] [READY] Task 1 (Collect CPU) ready - interval 1s elapsed
[12:47:30] [READY] Task 3 (Collect DISK) ready - interval 1s elapsed
[12:47:30] [READY] Task 4 (Collect Network) ready - interval 1s elapsed
[12:47:30] [DISPATCH] Executing 3 ready task(s) in priority order
[12:47:30] [DISPATCH] Task 1 (Collect CPU) P3 gets CPU
[12:47:30] [TASK] CPU Monitor starting
[12:47:31] [TASK] CPU Monitor completed (exec #270)
[12:47:31] [DISPATCH] Task 3 (Collect DISK) P2 gets CPU
[12:47:31] [TASK] Disk Monitor starting
[12:47:31] [TASK] Disk Monitor completed (exec #165)
[12:47:31] [DISPATCH] Task 4 (Collect Network) P0 gets CPU
[12:47:31] [TASK] Network Fetch starting
[12:47:31] [TASK] Network Fetch completed (exec #160)
[12:47:31] 
=== TICK 272 ===
[12:47:31] [READY] Task 1 (Collect CPU) ready - interval 1s elapsed
[12:47:31] [READY] Task 2 (Collect RAM) ready - interval 1s elapsed
[12:47:31] [READY] Task 5 (Analyzer) ready - interval 1s elapsed
[12:47:31] [DISPATCH] Executing 3 ready task(s) in priority order
[12:47:31] [DISPATCH] Task 1 (Collect CPU) P3 gets CPU
[12:47:31] [TASK] CPU Monitor starting
[12:47:32] [TASK] CPU Monitor completed (exec #271)
[12:47:32] [DISPATCH] Task 2 (Collect RAM) P3 gets CPU
[12:47:32] [TASK] RAM Monitor starting
[12:47:32] [TASK] RAM Monitor completed (exec #182)
[12:47:32] [DISPATCH] Task 5 (Analyzer) P3 gets CPU
[12:47:32] [TASK] Analyzer starting
[12:47:32] [ERROR] Analyzer failed with code 256 (may need 'make all' first)
[12:47:32] 
=== TICK 273 ===
[12:47:32] [READY] Task 1 (Collect CPU) ready - interval 1s elapsed
[12:47:32] [READY] Task 3 (Collect DISK) ready - interval 1s elapsed
[12:47:32] [READY] Task 4 (Collect Network) ready - interval 1s elapsed
[12:47:32] [DISPATCH] Executing 3 ready task(s) in priority order
[12:47:32] [DISPATCH] Task 1 (Collect CPU) P3 gets CPU
[12:47:32] [TASK] CPU Monitor starting
[12:47:33] [TASK] CPU Monitor completed (exec #272)
[12:47:33] [DISPATCH] Task 3 (Collect DISK) P2 gets CPU
[12:47:33] [TASK] Disk Monitor starting
[12:47:33] [TASK] Disk Monitor completed (exec #166)
[12:47:33] [DISPATCH] Task 4 (Collect Network) P0 gets CPU
[12:47:33] [TASK] Network Fetch starting
[12:47:33] [TASK] Network Fetch completed (exec #161)
[12:47:33] 
=== TICK 274 ===
[12:47:33] [READY] Task 1 (Collect CPU) ready - interval 1s elapsed
[12:47:33] [READY] Task 2 (Collect RAM) ready - interval 1s elapsed
[12:47:33] [READY] Task 5 (Analyzer) ready - interval 1s elapsed
[12:47:33] [DISPATCH] Executing 3 ready task(s) in priority order
[12:47:33] [DISPATCH] Task 1 (Collect CPU) P3 gets CPU
[12:47:33] [TASK] CPU Monitor starting
[12:47:34] [TASK] CPU Monitor completed (exec #273)
[12:47:34] [DISPATCH] Task 2 (Collect RAM) P3 gets CPU
[12:47:34] [TASK] RAM Monitor starting
[12:47:34] [TASK] RAM Monitor completed (exec #183)
[12:47:34] [DISPATCH] Task 5 (Analyzer) P3 gets CPU
[12:47:34] [TASK] Analyzer starting
[12:47:34] [ERROR] Analyzer failed with code 256 (may need 'make all' first)
[12:47:34] 
=== TICK 275 ===
[12:47:34] [READY] Task 1 (Collect CPU) ready - interval 1s elapsed
[12:47:34] [READY] Task 3 (Collect DISK) ready - interval 1s elapsed
[12:47:34] [READY] Task 4 (Collect Network) ready - interval 1s elapsed
[12:47:34] [DISPATCH] Executing 3 ready task(s) in priority order
[12:47:34] [DISPATCH] Task 1 (Collect CPU) P3 gets CPU
[12:47:34] [TASK] CPU Monitor starting
[12:47:35] [TASK] CPU Monitor completed (exec #274)
[12:47:35] [DISPATCH] Task 3 (Collect DISK) P2 gets CPU
[12:47:35] [TASK] Disk Monitor starting
[12:47:35] [TASK] Disk Monitor completed (exec #167)
[12:47:35] [DISPATCH] Task 4 (Collect Network) P0 gets CPU
[12:47:35] [TASK] Network Fetch starting
[12:47:35] [TASK] Network Fetch completed (exec #162)
[12:47:35] 
=== TICK 276 ===
[12:47:35] [READY] Task 1 (Collect CPU) ready - interval 1s elapsed
[12:47:35] [READY] Task 2 (Collect RAM) ready - interval 1s elapsed
[12:47:35] [READY] Task 5 (Analyzer) ready - interval 1s elapsed
[12:47:35] [READY] Task 6 (Report Generator) ready - interval 9s elapsed
[12:47:35] [DISPATCH] Executing 4 ready task(s) in priority order
[12:47:35] [DISPATCH] Task 1 (Collect CPU) P3 gets CPU
[12:47:35] [TASK] CPU Monitor starting
[12:47:36] [TASK] CPU Monitor completed (exec #275)
[12:47:36] [DISPATCH] Task 2 (Collect RAM) P3 gets CPU
[12:47:36] [TASK] RAM Monitor starting
[12:47:36] [TASK] RAM Monitor completed (exec #184)
[12:47:36] [DISPATCH] Task 5 (Analyzer) P3 gets CPU
[12:47:36] [TASK] Analyzer starting
[12:47:36] [ERROR] Analyzer failed with code 256 (may need 'make all' first)
[12:47:36] [DISPATCH] Task 6 (Report Generator) P3 gets CPU
[12:47:36] [TASK] Report Generator starting
[12:47:36] [TASK] Report Generator completed (exec #31)
[12:47:36] 
=== TICK 277 ===
[12:47:36] [READY] Task 1 (Collect CPU) ready - interval 1s elapsed
[12:47:36] [READY] Task 3 (Collect DISK) ready - interval 1s elapsed
[12:47:36] [READY] Task 4 (Collect Network) ready - interval 1s elapsed
[12:47:36] [DISPATCH] Executing 3 ready task(s) in priority order
[12:47:36] [DISPATCH] Task 1 (Collect CPU) P3 gets CPU
[12:47:36] [TASK] CPU Monitor starting
[12:47:37] [TASK] CPU Monitor completed (exec #276)
[12:47:37] [DISPATCH] Task 3 (Collect DISK) P2 gets CPU
[12:47:37] [TASK] Disk Monitor starting
[12:47:37] [TASK] Disk Monitor completed (exec #168)
[12:47:37] [DISPATCH] Task 4 (Collect Network) P0 gets CPU
[12:47:37] [TASK] Network Fetch starting
[12:47:37] [TASK] Network Fetch completed (exec #163)
[12:47:37] 
=== TICK 278 ===
[12:47:37] [READY] Task 1 (Collect CPU) ready - interval 1s elapsed
[12:47:37] [READY] Task 2 (Collect RAM) ready - interval 1s elapsed
[12:47:37] [READY] Task 5 (Analyzer) ready - interval 1s elapsed
[12:47:37] [DISPATCH] Executing 3 ready task(s) in priority order
[12:47:37] [DISPATCH] Task 1 (Collect CPU) P3 gets CPU
[12:47:37] [TASK] CPU Monitor starting
[12:47:38] [TASK] CPU Monitor completed (exec #277)
[12:47:38] [DISPATCH] Task 2 (Collect RAM) P3 gets CPU
[12:47:38] [TASK] RAM Monitor starting
[12:47:38] [TASK] RAM Monitor completed (exec #185)
[12:47:38] [DISPATCH] Task 5 (Analyzer) P3 gets CPU
[12:47:38] [TASK] Analyzer starting
[12:47:38] [ERROR] Analyzer failed with code 256 (may need 'make all' first)
[12:47:38] 
=== TICK 279 ===
[12:47:38] [READY] Task 1 (Collect CPU) ready - interval 1s elapsed
[12:47:38] [READY] Task 3 (Collect DISK) ready - interval 1s elapsed
[12:47:38] [READY] Task 4 (Collect Network) ready - interval 1s elapsed
[12:47:38] [DISPATCH] Executing 3 ready task(s) in priority order
[12:47:38] [DISPATCH] Task 1 (Collect CPU) P3 gets CPU
[12:47:38] [TASK] CPU Monitor starting
[12:47:39] [TASK] CPU Monitor completed (exec #278)
[12:47:39] [DISPATCH] Task 3 (Collect DISK) P2 gets CPU
[12:47:39] [TASK] Disk Monitor starting
[12:47:39] [TASK] Disk Monitor completed (exec #169)
[12:47:39] [DISPATCH] Task 4 (Collect Network) P0 gets CPU
[12:47:39] [TASK] Network Fetch starting
[12:47:39] [TASK] Network Fetch completed (exec #164)
[12:47:39] 
=== TICK 280 ===
[12:47:39] [READY] Task 1 (Collect CPU) ready - interval 1s elapsed
[12:47:39] [READY] Task 2 (Collect RAM) ready - interval 1s elapsed
[12:47:39] [READY] Task 5 (Analyzer) ready - interval 1s elapsed
[12:47:39] [DISPATCH] Executing 3 ready task(s) in priority order
[12:47:39] [DISPATCH] Task 1 (Collect CPU) P3 gets CPU
[12:47:39] [TASK] CPU Monitor starting
[12:47:40] [TASK] CPU Monitor completed (exec #279)
[12:47:40] [DISPATCH] Task 2 (Collect RAM) P3 gets CPU
[12:47:40] [TASK] RAM Monitor starting
[12:47:40] [TASK] RAM Monitor completed (exec #186)
[12:47:40] [DISPATCH] Task 5 (Analyzer) P3 gets CPU
[12:47:40] [TASK] Analyzer starting
[12:47:40] [ERROR] Analyzer failed with code 256 (may need 'make all' first)
[12:47:40] 
=== TICK 281 ===
[12:47:40] [READY] Task 1 (Collect CPU) ready - interval 1s elapsed
[12:47:40] [READY] Task 3 (Collect DISK) ready - interval 1s elapsed
[12:47:40] [READY] Task 4 (Collect Network) ready - interval 1s elapsed
[12:47:40] [DISPATCH] Executing 3 ready task(s) in priority order
[12:47:40] [DISPATCH] Task 1 (Collect CPU) P3 gets CPU
[12:47:40] [TASK] CPU Monitor starting
[12:47:41] [TASK] CPU Monitor completed (exec #280)
[12:47:41] [DISPATCH] Task 3 (Collect DISK) P2 gets CPU
[12:47:41] [TASK] Disk Monitor starting
[12:47:41] [TASK] Disk Monitor completed (exec #170)
[12:47:41] [DISPATCH] Task 4 (Collect Network) P0 gets CPU
[12:47:41] [TASK] Network Fetch starting
[12:47:41] [TASK] Network Fetch completed (exec #165)
[12:47:41] 
=== TICK 282 ===
[12:47:41] [READY] Task 1 (Collect CPU) ready - interval 1s elapsed
[12:47:41] [READY] Task 2 (Collect RAM) ready - interval 1s elapsed
[12:47:41] [READY] Task 5 (Analyzer) ready - interval 1s elapsed
[12:47:41] [DISPATCH] Executing 3 ready task(s) in priority order
[12:47:41] [DISPATCH] Task 1 (Collect CPU) P3 gets CPU
[12:47:41] [TASK] CPU Monitor starting
[12:47:42] [TASK] CPU Monitor completed (exec #281)
[12:47:42] [DISPATCH] Task 2 (Collect RAM) P3 gets CPU
[12:47:42] [TASK] RAM Monitor starting
[12:47:42] [TASK] RAM Monitor completed (exec #187)
[12:47:42] [DISPATCH] Task 5 (Analyzer) P3 gets CPU
[12:47:42] [TASK] Analyzer starting
[12:47:42] [ERROR] Analyzer failed with code 256 (may need 'make all' first)
[12:47:42] 
=== TICK 283 ===
[12:47:42] [READY] Task 1 (Collect CPU) ready - interval 1s elapsed
[12:47:42] [READY] Task 3 (Collect DISK) ready - interval 1s elapsed
[12:47:42] [READY] Task 4 (Collect Network) ready - interval 1s elapsed
[12:47:42] [DISPATCH] Executing 3 ready task(s) in priority order
[12:47:42] [DISPATCH] Task 1 (Collect CPU) P3 gets CPU
[12:47:42] [TASK] CPU Monitor starting
[12:47:43] [TASK] CPU Monitor completed (exec #282)
[12:47:43] [DISPATCH] Task 3 (Collect DISK) P2 gets CPU
[12:47:43] [TASK] Disk Monitor starting
[12:47:43] [TASK] Disk Monitor completed (exec #171)
[12:47:43] [DISPATCH] Task 4 (Collect Network) P0 gets CPU
[12:47:43] [TASK] Network Fetch starting
[12:47:43] [TASK] Network Fetch completed (exec #166)
[12:47:43] 
=== TICK 284 ===
[12:47:43] [READY] Task 1 (Collect CPU) ready - interval 1s elapsed
[12:47:43] [READY] Task 2 (Collect RAM) ready - interval 1s elapsed
[12:47:43] [READY] Task 5 (Analyzer) ready - interval 1s elapsed
[12:47:43] [DISPATCH] Executing 3 ready task(s) in priority order
[12:47:43] [DISPATCH] Task 1 (Collect CPU) P3 gets CPU
[12:47:43] [TASK] CPU Monitor starting
[12:47:44] [TASK] CPU Monitor completed (exec #283)
[12:47:44] [DISPATCH] Task 2 (Collect RAM) P3 gets CPU
[12:47:44] [TASK] RAM Monitor starting
[12:47:44] [TASK] RAM Monitor completed (exec #188)
[12:47:44] [DISPATCH] Task 5 (Analyzer) P3 gets CPU
[12:47:44] [TASK] Analyzer starting
[12:47:44] [ERROR] Analyzer failed with code 256 (may need 'make all' first)
[12:47:44] 
=== TICK 285 ===
[12:47:44] [READY] Task 1 (Collect CPU) ready - interval 1s elapsed
[12:47:44] [READY] Task 3 (Collect DISK) ready - interval 1s elapsed
[12:47:44] [READY] Task 4 (Collect Network) ready - interval 1s elapsed
[12:47:44] [DISPATCH] Executing 3 ready task(s) in priority order
[12:47:44] [DISPATCH] Task 1 (Collect CPU) P3 gets CPU
[12:47:44] [TASK] CPU Monitor starting
[12:47:45] [TASK] CPU Monitor completed (exec #284)
[12:47:45] [DISPATCH] Task 3 (Collect DISK) P2 gets CPU
[12:47:45] [TASK] Disk Monitor starting
[12:47:45] [TASK] Disk Monitor completed (exec #172)
[12:47:45] [DISPATCH] Task 4 (Collect Network) P0 gets CPU
[12:47:45] [TASK] Network Fetch starting
[12:47:45] [TASK] Network Fetch completed (exec #167)
[12:47:45] 
=== TICK 286 ===
[12:47:45] [READY] Task 1 (Collect CPU) ready - interval 1s elapsed
[12:47:45] [READY] Task 2 (Collect RAM) ready - interval 1s elapsed
[12:47:45] [READY] Task 5 (Analyzer) ready - interval 1s elapsed
[12:47:45] [READY] Task 6 (Report Generator) ready - interval 9s elapsed
[12:47:45] [DISPATCH] Executing 4 ready task(s) in priority order
[12:47:45] [DISPATCH] Task 1 (Collect CPU) P3 gets CPU
[12:47:45] [TASK] CPU Monitor starting
[12:47:46] [TASK] CPU Monitor completed (exec #285)
[12:47:46] [DISPATCH] Task 2 (Collect RAM) P3 gets CPU
[12:47:46] [TASK] RAM Monitor starting
[12:47:46] [TASK] RAM Monitor completed (exec #189)
[12:47:46] [DISPATCH] Task 5 (Analyzer) P3 gets CPU
[12:47:46] [TASK] Analyzer starting
[12:47:46] [ERROR] Analyzer failed with code 256 (may need 'make all' first)
[12:47:46] [DISPATCH] Task 6 (Report Generator) P3 gets CPU
[12:47:46] [TASK] Report Generator starting
[12:47:47] [TASK] Report Generator completed (exec #32)
[12:47:47] 
=== TICK 287 ===
[12:47:47] [READY] Task 1 (Collect CPU) ready - interval 1s elapsed
[12:47:47] [READY] Task 2 (Collect RAM) ready - interval 1s elapsed
[12:47:47] [READY] Task 3 (Collect DISK) ready - interval 1s elapsed
[12:47:47] [READY] Task 4 (Collect Network) ready - interval 1s elapsed
[12:47:47] [READY] Task 5 (Analyzer) ready - interval 1s elapsed
[12:47:47] [DISPATCH] Executing 5 ready task(s) in priority order
[12:47:47] [DISPATCH] Task 1 (Collect CPU) P3 gets CPU
[12:47:47] [TASK] CPU Monitor starting
[12:47:48] [TASK] CPU Monitor completed (exec #286)
[12:47:48] [DISPATCH] Task 2 (Collect RAM) P3 gets CPU
[12:47:48] [TASK] RAM Monitor starting
[12:47:48] [TASK] RAM Monitor completed (exec #190)
[12:47:48] [DISPATCH] Task 5 (Analyzer) P3 gets CPU
[12:47:48] [TASK] Analyzer starting
[12:47:48] [ERROR] Analyzer failed with code 256 (may need 'make all' first)
[12:47:48] [DISPATCH] Task 3 (Collect DISK) P2 gets CPU
[12:47:48] [TASK] Disk Monitor starting
[12:47:48] [TASK] Disk Monitor completed (exec #173)
[12:47:48] [DISPATCH] Task 4 (Collect Network) P0 gets CPU
[12:47:48] [TASK] Network Fetch starting
[12:47:48] [TASK] Network Fetch completed (exec #168)
[12:47:48] 
=== TICK 288 ===
[12:47:48] [READY] Task 1 (Collect CPU) ready - interval 1s elapsed
[12:47:48] [DISPATCH] Executing 1 ready task(s) in priority order
[12:47:48] [DISPATCH] Task 1 (Collect CPU) P3 gets CPU
[12:47:48] [TASK] CPU Monitor starting
[12:47:49] [TASK] CPU Monitor completed (exec #287)
[12:47:49] 
=== TICK 289 ===
[12:47:49] [READY] Task 1 (Collect CPU) ready - interval 1s elapsed
[12:47:49] [READY] Task 2 (Collect RAM) ready - interval 1s elapsed
[12:47:49] [READY] Task 3 (Collect DISK) ready - interval 1s elapsed
[12:47:49] [READY] Task 4 (Collect Network) ready - interval 1s elapsed
[12:47:49] [READY] Task 5 (Analyzer) ready - interval 1s elapsed
[12:47:49] [DISPATCH] Executing 5 ready task(s) in priority order
[12:47:49] [DISPATCH] Task 1 (Collect CPU) P3 gets CPU
[12:47:49] [TASK] CPU Monitor starting
[12:47:50] [TASK] CPU Monitor completed (exec #288)
[12:47:50] [DISPATCH] Task 2 (Collect RAM) P3 gets CPU
[12:47:50] [TASK] RAM Monitor starting
[12:47:50] [TASK] RAM Monitor completed (exec #191)
[12:47:50] [DISPATCH] Task 5 (Analyzer) P3 gets CPU
[12:47:50] [TASK] Analyzer starting
[12:47:50] [ERROR] Analyzer failed with code 256 (may need 'make all' first)
[12:47:50] [DISPATCH] Task 3 (Collect DISK) P2 gets CPU
[12:47:50] [TASK] Disk Monitor starting
[12:47:50] [TASK] Disk Monitor completed (exec #174)
[12:47:50] [DISPATCH] Task 4 (Collect Network) P0 gets CPU
[12:47:50] [TASK] Network Fetch starting
[12:47:50] [TASK] Network Fetch completed (exec #169)
[12:47:50] 
=== TICK 290 ===
[12:47:50] [READY] Task 1 (Collect CPU) ready - interval 1s elapsed
[12:47:50] [DISPATCH] Executing 1 ready task(s) in priority order
[12:47:50] [DISPATCH] Task 1 (Collect CPU) P3 gets CPU
[12:47:50] [TASK] CPU Monitor starting
[12:47:51] [TASK] CPU Monitor completed (exec #289)
[12:47:51] 
=== TICK 291 ===
[12:47:51] [READY] Task 1 (Collect CPU) ready - interval 1s elapsed
[12:47:51] [READY] Task 2 (Collect RAM) ready - interval 1s elapsed
[12:47:51] [READY] Task 3 (Collect DISK) ready - interval 1s elapsed
[12:47:51] [READY] Task 4 (Collect Network) ready - interval 1s elapsed
[12:47:51] [READY] Task 5 (Analyzer) ready - interval 1s elapsed
[12:47:51] [DISPATCH] Executing 5 ready task(s) in priority order
[12:47:51] [DISPATCH] Task 1 (Collect CPU) P3 gets CPU
[12:47:51] [TASK] CPU Monitor starting
[12:47:52] [TASK] CPU Monitor completed (exec #290)
[12:47:52] [DISPATCH] Task 2 (Collect RAM) P3 gets CPU
[12:47:52] [TASK] RAM Monitor starting
[12:47:52] [TASK] RAM Monitor completed (exec #192)
[12:47:52] [DISPATCH] Task 5 (Analyzer) P3 gets CPU
[12:47:52] [TASK] Analyzer starting
[12:47:52] [ERROR] Analyzer failed with code 256 (may need 'make all' first)
[12:47:52] [DISPATCH] Task 3 (Collect DISK) P2 gets CPU
[12:47:52] [TASK] Disk Monitor starting
[12:47:52] [TASK] Disk Monitor completed (exec #175)
[12:47:52] [DISPATCH] Task 4 (Collect Network) P0 gets CPU
[12:47:52] [TASK] Network Fetch starting
[12:47:52] [TASK] Network Fetch completed (exec #170)
[12:47:52] 
=== TICK 292 ===
[12:47:52] [READY] Task 1 (Collect CPU) ready - interval 1s elapsed
[12:47:52] [DISPATCH] Executing 1 ready task(s) in priority order
[12:47:52] [DISPATCH] Task 1 (Collect CPU) P3 gets CPU
[12:47:52] [TASK] CPU Monitor starting
[12:47:53] [TASK] CPU Monitor completed (exec #291)
[12:47:53] 
=== TICK 293 ===
[12:47:53] [READY] Task 1 (Collect CPU) ready - interval 1s elapsed
[12:47:53] [READY] Task 2 (Collect RAM) ready - interval 1s elapsed
[12:47:53] [READY] Task 3 (Collect DISK) ready - interval 1s elapsed
[12:47:53] [READY] Task 4 (Collect Network) ready - interval 1s elapsed
[12:47:53] [READY] Task 5 (Analyzer) ready - interval 1s elapsed
[12:47:53] [DISPATCH] Executing 5 ready task(s) in priority order
[12:47:53] [DISPATCH] Task 1 (Collect CPU) P3 gets CPU
[12:47:53] [TASK] CPU Monitor starting
[12:47:54] [TASK] CPU Monitor completed (exec #292)
[12:47:54] [DISPATCH] Task 2 (Collect RAM) P3 gets CPU
[12:47:54] [TASK] RAM Monitor starting
[12:47:54] [TASK] RAM Monitor completed (exec #193)
[12:47:54] [DISPATCH] Task 5 (Analyzer) P3 gets CPU
[12:47:54] [TASK] Analyzer starting
[12:47:54] [ERROR] Analyzer failed with code 256 (may need 'make all' first)
[12:47:54] [DISPATCH] Task 3 (Collect DISK) P2 gets CPU
[12:47:54] [TASK] Disk Monitor starting
[12:47:54] [TASK] Disk Monitor completed (exec #176)
[12:47:54] [DISPATCH] Task 4 (Collect Network) P0 gets CPU
[12:47:54] [TASK] Network Fetch starting
[12:47:54] [TASK] Network Fetch completed (exec #171)
[12:47:55] 
=== TICK 294 ===
[12:47:55] [READY] Task 1 (Collect CPU) ready - interval 1s elapsed
[12:47:55] [READY] Task 2 (Collect RAM) ready - interval 1s elapsed
[12:47:55] [READY] Task 3 (Collect DISK) ready - interval 1s elapsed
[12:47:55] [READY] Task 4 (Collect Network) ready - interval 1s elapsed
[12:47:55] [READY] Task 5 (Analyzer) ready - interval 1s elapsed
[12:47:55] [READY] Task 6 (Report Generator) ready - interval 9s elapsed
[12:47:55] [DISPATCH] Executing 6 ready task(s) in priority order
[12:47:55] [DISPATCH] Task 1 (Collect CPU) P3 gets CPU
[12:47:55] [TASK] CPU Monitor starting
[12:47:56] [TASK] CPU Monitor completed (exec #293)
[12:47:56] [DISPATCH] Task 2 (Collect RAM) P3 gets CPU
[12:47:56] [TASK] RAM Monitor starting
[12:47:56] [TASK] RAM Monitor completed (exec #194)
[12:47:56] [DISPATCH] Task 5 (Analyzer) P3 gets CPU
[12:47:56] [TASK] Analyzer starting
[12:47:56] [ERROR] Analyzer failed with code 256 (may need 'make all' first)
[12:47:56] [DISPATCH] Task 6 (Report Generator) P3 gets CPU
[12:47:56] [TASK] Report Generator starting
[12:47:56] [TASK] Report Generator completed (exec #33)
[12:47:56] [DISPATCH] Task 3 (Collect DISK) P2 gets CPU
[12:47:56] [TASK] Disk Monitor starting
[12:47:57] [TASK] Disk Monitor completed (exec #177)
[12:47:57] [DISPATCH] Task 4 (Collect Network) P0 gets CPU
[12:47:57] [TASK] Network Fetch starting
[12:47:57] [TASK] Network Fetch completed (exec #172)
[12:47:57] 
=== TICK 295 ===
[12:47:57] [READY] Task 1 (Collect CPU) ready - interval 1s elapsed
[12:47:57] [READY] Task 2 (Collect RAM) ready - interval 1s elapsed
[12:47:57] [READY] Task 3 (Collect DISK) ready - interval 1s elapsed
[12:47:57] [READY] Task 5 (Analyzer) ready - interval 1s elapsed
[12:47:57] [DISPATCH] Executing 4 ready task(s) in priority order
[12:47:57] [DISPATCH] Task 1 (Collect CPU) P3 gets CPU
[12:47:57] [TASK] CPU Monitor starting
[12:47:57] [TASK] CPU Monitor completed (exec #294)
[12:47:57] [DISPATCH] Task 2 (Collect RAM) P3 gets CPU
[12:47:57] [TASK] RAM Monitor starting
[12:47:57] [TASK] RAM Monitor completed (exec #195)
[12:47:57] [DISPATCH] Task 5 (Analyzer) P3 gets CPU
[12:47:57] [TASK] Analyzer starting
[12:47:57] [ERROR] Analyzer failed with code 256 (may need 'make all' first)
[12:47:57] [DISPATCH] Task 3 (Collect DISK) P2 gets CPU
[12:47:57] [TASK] Disk Monitor starting
[12:47:57] [TASK] Disk Monitor completed (exec #178)
[12:47:58] 
=== TICK 296 ===
[12:47:58] [READY] Task 1 (Collect CPU) ready - interval 1s elapsed
[12:47:58] [READY] Task 2 (Collect RAM) ready - interval 1s elapsed
[12:47:58] [READY] Task 3 (Collect DISK) ready - interval 1s elapsed
[12:47:58] [READY] Task 4 (Collect Network) ready - interval 1s elapsed
[12:47:58] [READY] Task 5 (Analyzer) ready - interval 1s elapsed
[12:47:58] [DISPATCH] Executing 5 ready task(s) in priority order
[12:47:58] [DISPATCH] Task 1 (Collect CPU) P3 gets CPU
[12:47:58] [TASK] CPU Monitor starting
[12:47:58] [TASK] CPU Monitor completed (exec #295)
[12:47:58] [DISPATCH] Task 2 (Collect RAM) P3 gets CPU
[12:47:58] [TASK] RAM Monitor starting
[12:47:58] [TASK] RAM Monitor completed (exec #196)
[12:47:58] [DISPATCH] Task 5 (Analyzer) P3 gets CPU
[12:47:58] [TASK] Analyzer starting
[12:47:58] [ERROR] Analyzer failed with code 256 (may need 'make all' first)
[12:47:58] [DISPATCH] Task 3 (Collect DISK) P2 gets CPU
[12:47:58] [TASK] Disk Monitor starting
[12:47:58] [TASK] Disk Monitor completed (exec #179)
[12:47:58] [DISPATCH] Task 4 (Collect Network) P0 gets CPU
[12:47:58] [TASK] Network Fetch starting
[12:47:58] [TASK] Network Fetch completed (exec #173)
[12:47:59] 
=== TICK 297 ===
[12:47:59] [READY] Task 1 (Collect CPU) ready - interval 1s elapsed
[12:47:59] [READY] Task 2 (Collect RAM) ready - interval 1s elapsed
[12:47:59] [READY] Task 3 (Collect DISK) ready - interval 1s elapsed
[12:47:59] [READY] Task 4 (Collect Network) ready - interval 1s elapsed
[12:47:59] [READY] Task 5 (Analyzer) ready - interval 1s elapsed
[12:47:59] [DISPATCH] Executing 5 ready task(s) in priority order
[12:47:59] [DISPATCH] Task 1 (Collect CPU) P3 gets CPU
[12:47:59] [TASK] CPU Monitor starting
[12:47:59] [TASK] CPU Monitor completed (exec #296)
[12:47:59] [DISPATCH] Task 2 (Collect RAM) P3 gets CPU
[12:47:59] [TASK] RAM Monitor starting
[12:47:59] [TASK] RAM Monitor completed (exec #197)
[12:47:59] [DISPATCH] Task 5 (Analyzer) P3 gets CPU
[12:47:59] [TASK] Analyzer starting
[12:47:59] [ERROR] Analyzer failed with code 256 (may need 'make all' first)
[12:47:59] [DISPATCH] Task 3 (Collect DISK) P2 gets CPU
[12:47:59] [TASK] Disk Monitor starting
[12:47:59] [TASK] Disk Monitor completed (exec #180)
[12:47:59] [DISPATCH] Task 4 (Collect Network) P0 gets CPU
[12:47:59] [TASK] Network Fetch starting
[12:47:59] [TASK] Network Fetch completed (exec #174)
[12:48:00] 
=== TICK 298 ===
[12:48:00] [READY] Task 1 (Collect CPU) ready - interval 1s elapsed
[12:48:00] [READY] Task 2 (Collect RAM) ready - interval 1s elapsed
[12:48:00] [READY] Task 3 (Collect DISK) ready - interval 1s elapsed
[12:48:00] [READY] Task 4 (Collect Network) ready - interval 1s elapsed
[12:48:00] [READY] Task 5 (Analyzer) ready - interval 1s elapsed
[12:48:00] [DISPATCH] Executing 5 ready task(s) in priority order
[12:48:00] [DISPATCH] Task 1 (Collect CPU) P3 gets CPU
[12:48:00] [TASK] CPU Monitor starting
[12:48:00] [TASK] CPU Monitor completed (exec #297)
[12:48:00] [DISPATCH] Task 2 (Collect RAM) P3 gets CPU
[12:48:00] [TASK] RAM Monitor starting
[12:48:00] [TASK] RAM Monitor completed (exec #198)
[12:48:00] [DISPATCH] Task 5 (Analyzer) P3 gets CPU
[12:48:00] [TASK] Analyzer starting
[12:48:00] [ERROR] Analyzer failed with code 256 (may need 'make all' first)
[12:48:00] [DISPATCH] Task 3 (Collect DISK) P2 gets CPU
[12:48:00] [TASK] Disk Monitor starting
[12:48:00] [TASK] Disk Monitor completed (exec #181)
[12:48:00] [DISPATCH] Task 4 (Collect Network) P0 gets CPU
[12:48:00] [TASK] Network Fetch starting
[12:48:00] [TASK] Network Fetch completed (exec #175)
[12:48:01] 
=== TICK 299 ===
[12:48:01] [READY] Task 1 (Collect CPU) ready - interval 1s elapsed
[12:48:01] [READY] Task 2 (Collect RAM) ready - interval 1s elapsed
[12:48:01] [READY] Task 3 (Collect DISK) ready - interval 1s elapsed
[12:48:01] [READY] Task 4 (Collect Network) ready - interval 1s elapsed
[12:48:01] [READY] Task 5 (Analyzer) ready - interval 1s elapsed
[12:48:01] [DISPATCH] Executing 5 ready task(s) in priority order
[12:48:01] [DISPATCH] Task 1 (Collect CPU) P3 gets CPU
[12:48:01] [TASK] CPU Monitor starting
[12:48:01] [TASK] CPU Monitor completed (exec #298)
[12:48:01] [DISPATCH] Task 2 (Collect RAM) P3 gets CPU
[12:48:01] [TASK] RAM Monitor starting
[12:48:01] [TASK] RAM Monitor completed (exec #199)
[12:48:01] [DISPATCH] Task 5 (Analyzer) P3 gets CPU
[12:48:01] [TASK] Analyzer starting
[12:48:01] [ERROR] Analyzer failed with code 256 (may need 'make all' first)
[12:48:01] [DISPATCH] Task 3 (Collect DISK) P2 gets CPU
[12:48:01] [TASK] Disk Monitor starting
[12:48:01] [TASK] Disk Monitor completed (exec #182)
[12:48:01] [DISPATCH] Task 4 (Collect Network) P0 gets CPU
[12:48:01] [TASK] Network Fetch starting
[12:48:01] [TASK] Network Fetch completed (exec #176)
[12:48:02] 
=== TICK 300 ===
[12:48:02] [READY] Task 1 (Collect CPU) ready - interval 1s elapsed
[12:48:02] [READY] Task 2 (Collect RAM) ready - interval 1s elapsed
[12:48:02] [READY] Task 3 (Collect DISK) ready - interval 1s elapsed
[12:48:02] [READY] Task 4 (Collect Network) ready - interval 1s elapsed
[12:48:02] [READY] Task 5 (Analyzer) ready - interval 1s elapsed
[12:48:02] [DISPATCH] Executing 5 ready task(s) in priority order
[12:48:02] [DISPATCH] Task 1 (Collect CPU) P3 gets CPU
[12:48:02] [TASK] CPU Monitor starting
[12:48:02] [TASK] CPU Monitor completed (exec #299)
[12:48:02] [DISPATCH] Task 2 (Collect RAM) P3 gets CPU
[12:48:02] [TASK] RAM Monitor starting
[12:48:02] [TASK] RAM Monitor completed (exec #200)
[12:48:02] [DISPATCH] Task 5 (Analyzer) P3 gets CPU
[12:48:02] [TASK] Analyzer starting
[12:48:02] [ERROR] Analyzer failed with code 256 (may need 'make all' first)
[12:48:02] [DISPATCH] Task 3 (Collect DISK) P2 gets CPU
[12:48:02] [TASK] Disk Monitor starting
[12:48:02] [TASK] Disk Monitor completed (exec #183)
[12:48:02] [DISPATCH] Task 4 (Collect Network) P0 gets CPU
[12:48:02] [TASK] Network Fetch starting
[12:48:02] [TASK] Network Fetch completed (exec #177)
[12:48:03] 
=== TICK 301 ===
[12:48:03] [READY] Task 1 (Collect CPU) ready - interval 1s elapsed
[12:48:03] [READY] Task 2 (Collect RAM) ready - interval 1s elapsed
[12:48:03] [READY] Task 3 (Collect DISK) ready - interval 1s elapsed
[12:48:03] [READY] Task 4 (Collect Network) ready - interval 1s elapsed
[12:48:03] [READY] Task 5 (Analyzer) ready - interval 1s elapsed
[12:48:03] [DISPATCH] Executing 5 ready task(s) in priority order
[12:48:03] [DISPATCH] Task 1 (Collect CPU) P3 gets CPU
[12:48:03] [TASK] CPU Monitor starting
[12:48:03] [TASK] CPU Monitor completed (exec #300)
[12:48:03] [DISPATCH] Task 2 (Collect RAM) P3 gets CPU
[12:48:03] [TASK] RAM Monitor starting
[12:48:03] [TASK] RAM Monitor completed (exec #201)
[12:48:03] [DISPATCH] Task 5 (Analyzer) P3 gets CPU
[12:48:03] [TASK] Analyzer starting
[12:48:03] [ERROR] Analyzer failed with code 256 (may need 'make all' first)
[12:48:03] [DISPATCH] Task 3 (Collect DISK) P2 gets CPU
[12:48:03] [TASK] Disk Monitor starting
[12:48:03] [TASK] Disk Monitor completed (exec #184)
[12:48:03] [DISPATCH] Task 4 (Collect Network) P0 gets CPU
[12:48:03] [TASK] Network Fetch starting
[12:48:03] [TASK] Network Fetch completed (exec #178)
[12:48:04] 
=== TICK 302 ===
[12:48:04] [READY] Task 1 (Collect CPU) ready - interval 1s elapsed
[12:48:04] [READY] Task 2 (Collect RAM) ready - interval 1s elapsed
[12:48:04] [READY] Task 3 (Collect DISK) ready - interval 1s elapsed
[12:48:04] [READY] Task 4 (Collect Network) ready - interval 1s elapsed
[12:48:04] [READY] Task 5 (Analyzer) ready - interval 1s elapsed
[12:48:04] [DISPATCH] Executing 5 ready task(s) in priority order
[12:48:04] [DISPATCH] Task 1 (Collect CPU) P3 gets CPU
[12:48:04] [TASK] CPU Monitor starting
[12:48:04] [TASK] CPU Monitor completed (exec #301)
[12:48:04] [DISPATCH] Task 2 (Collect RAM) P3 gets CPU
[12:48:04] [TASK] RAM Monitor starting
[12:48:04] [TASK] RAM Monitor completed (exec #202)
[12:48:04] [DISPATCH] Task 5 (Analyzer) P3 gets CPU
[12:48:04] [TASK] Analyzer starting
[12:48:04] [ERROR] Analyzer failed with code 256 (may need 'make all' first)
[12:48:04] [DISPATCH] Task 3 (Collect DISK) P2 gets CPU
[12:48:04] [TASK] Disk Monitor starting
[12:48:04] [TASK] Disk Monitor completed (exec #185)
[12:48:04] [DISPATCH] Task 4 (Collect Network) P0 gets CPU
[12:48:04] [TASK] Network Fetch starting
[12:48:04] [TASK] Network Fetch completed (exec #179)
[12:48:05] 
=== TICK 303 ===
[12:48:05] [READY] Task 1 (Collect CPU) ready - interval 1s elapsed
[12:48:05] [READY] Task 2 (Collect RAM) ready - interval 1s elapsed
[12:48:05] [READY] Task 3 (Collect DISK) ready - interval 1s elapsed
[12:48:05] [READY] Task 4 (Collect Network) ready - interval 1s elapsed
[12:48:05] [READY] Task 5 (Analyzer) ready - interval 1s elapsed
[12:48:05] [READY] Task 6 (Report Generator) ready - interval 9s elapsed
[12:48:05] [DISPATCH] Executing 6 ready task(s) in priority order
[12:48:05] [DISPATCH] Task 1 (Collect CPU) P3 gets CPU
[12:48:05] [TASK] CPU Monitor starting
[12:48:05] [TASK] CPU Monitor completed (exec #302)
[12:48:05] [DISPATCH] Task 2 (Collect RAM) P3 gets CPU
[12:48:05] [TASK] RAM Monitor starting
[12:48:05] [TASK] RAM Monitor completed (exec #203)
[12:48:05] [DISPATCH] Task 5 (Analyzer) P3 gets CPU
[12:48:05] [TASK] Analyzer starting
[12:48:05] [ERROR] Analyzer failed with code 256 (may need 'make all' first)
[12:48:05] [DISPATCH] Task 6 (Report Generator) P3 gets CPU
[12:48:05] [TASK] Report Generator starting
[12:48:06] [TASK] Report Generator completed (exec #34)
[12:48:06] [DISPATCH] Task 3 (Collect DISK) P2 gets CPU
[12:48:06] [TASK] Disk Monitor starting
[12:48:06] [TASK] Disk Monitor completed (exec #186)
[12:48:06] [DISPATCH] Task 4 (Collect Network) P0 gets CPU
[12:48:06] [TASK] Network Fetch starting
[12:48:06] [TASK] Network Fetch completed (exec #180)
[12:48:06] 
=== TICK 304 ===
[12:48:06] [READY] Task 1 (Collect CPU) ready - interval 1s elapsed
[12:48:06] [READY] Task 2 (Collect RAM) ready - interval 1s elapsed
[12:48:06] [READY] Task 5 (Analyzer) ready - interval 1s elapsed
[12:48:06] [DISPATCH] Executing 3 ready task(s) in priority order
[12:48:06] [DISPATCH] Task 1 (Collect CPU) P3 gets CPU
[12:48:06] [TASK] CPU Monitor starting
[12:48:07] [TASK] CPU Monitor completed (exec #303)
[12:48:07] [DISPATCH] Task 2 (Collect RAM) P3 gets CPU
[12:48:07] [TASK] RAM Monitor starting
[12:48:07] [TASK] RAM Monitor completed (exec #204)
[12:48:07] [DISPATCH] Task 5 (Analyzer) P3 gets CPU
[12:48:07] [TASK] Analyzer starting
[12:48:07] [ERROR] Analyzer failed with code 256 (may need 'make all' first)
[12:48:07] 
=== TICK 305 ===
[12:48:07] [READY] Task 1 (Collect CPU) ready - interval 1s elapsed
[12:48:07] [READY] Task 3 (Collect DISK) ready - interval 1s elapsed
[12:48:07] [READY] Task 4 (Collect Network) ready - interval 1s elapsed
[12:48:07] [DISPATCH] Executing 3 ready task(s) in priority order
[12:48:07] [DISPATCH] Task 1 (Collect CPU) P3 gets CPU
[12:48:07] [TASK] CPU Monitor starting
[12:48:08] [TASK] CPU Monitor completed (exec #304)
[12:48:08] [DISPATCH] Task 3 (Collect DISK) P2 gets CPU
[12:48:08] [TASK] Disk Monitor starting
[12:48:08] [TASK] Disk Monitor completed (exec #187)
[12:48:08] [DISPATCH] Task 4 (Collect Network) P0 gets CPU
[12:48:08] [TASK] Network Fetch starting
[12:48:08] [TASK] Network Fetch completed (exec #181)
[12:48:08] 
=== TICK 306 ===
[12:48:08] [READY] Task 1 (Collect CPU) ready - interval 1s elapsed
[12:48:08] [READY] Task 2 (Collect RAM) ready - interval 1s elapsed
[12:48:08] [READY] Task 5 (Analyzer) ready - interval 1s elapsed
[12:48:08] [DISPATCH] Executing 3 ready task(s) in priority order
[12:48:08] [DISPATCH] Task 1 (Collect CPU) P3 gets CPU
[12:48:08] [TASK] CPU Monitor starting
[12:48:09] [TASK] CPU Monitor completed (exec #305)
[12:48:09] [DISPATCH] Task 2 (Collect RAM) P3 gets CPU
[12:48:09] [TASK] RAM Monitor starting
[12:48:09] [TASK] RAM Monitor completed (exec #205)
[12:48:09] [DISPATCH] Task 5 (Analyzer) P3 gets CPU
[12:48:09] [TASK] Analyzer starting
[12:48:09] [ERROR] Analyzer failed with code 256 (may need 'make all' first)
[12:48:09] 
=== TICK 307 ===
[12:48:09] [READY] Task 1 (Collect CPU) ready - interval 1s elapsed
[12:48:09] [READY] Task 3 (Collect DISK) ready - interval 1s elapsed
[12:48:09] [READY] Task 4 (Collect Network) ready - interval 1s elapsed
[12:48:09] [DISPATCH] Executing 3 ready task(s) in priority order
[12:48:09] [DISPATCH] Task 1 (Collect CPU) P3 gets CPU
[12:48:09] [TASK] CPU Monitor starting
[12:48:10] [TASK] CPU Monitor completed (exec #306)
[12:48:10] [DISPATCH] Task 3 (Collect DISK) P2 gets CPU
[12:48:10] [TASK] Disk Monitor starting
[12:48:10] [TASK] Disk Monitor completed (exec #188)
[12:48:10] [DISPATCH] Task 4 (Collect Network) P0 gets CPU
[12:48:10] [TASK] Network Fetch starting
[12:48:10] [TASK] Network Fetch completed (exec #182)
[12:48:10] 
=== TICK 308 ===
[12:48:10] [READY] Task 1 (Collect CPU) ready - interval 1s elapsed
[12:48:10] [READY] Task 2 (Collect RAM) ready - interval 1s elapsed
[12:48:10] [READY] Task 5 (Analyzer) ready - interval 1s elapsed
[12:48:10] [DISPATCH] Executing 3 ready task(s) in priority order
[12:48:10] [DISPATCH] Task 1 (Collect CPU) P3 gets CPU
[12:48:10] [TASK] CPU Monitor starting
[12:48:11] [TASK] CPU Monitor completed (exec #307)
[12:48:11] [DISPATCH] Task 2 (Collect RAM) P3 gets CPU
[12:48:11] [TASK] RAM Monitor starting
[12:48:11] [TASK] RAM Monitor completed (exec #206)
[12:48:11] [DISPATCH] Task 5 (Analyzer) P3 gets CPU
[12:48:11] [TASK] Analyzer starting
[12:48:11] [ERROR] Analyzer failed with code 256 (may need 'make all' first)
[12:48:11] 
=== TICK 309 ===
[12:48:11] [READY] Task 1 (Collect CPU) ready - interval 1s elapsed
[12:48:11] [READY] Task 3 (Collect DISK) ready - interval 1s elapsed
[12:48:11] [READY] Task 4 (Collect Network) ready - interval 1s elapsed
[12:48:11] [DISPATCH] Executing 3 ready task(s) in priority order
[12:48:11] [DISPATCH] Task 1 (Collect CPU) P3 gets CPU
[12:48:11] [TASK] CPU Monitor starting
[12:48:12] [TASK] CPU Monitor completed (exec #308)
[12:48:12] [DISPATCH] Task 3 (Collect DISK) P2 gets CPU
[12:48:12] [TASK] Disk Monitor starting
[12:48:12] [TASK] Disk Monitor completed (exec #189)
[12:48:12] [DISPATCH] Task 4 (Collect Network) P0 gets CPU
[12:48:12] [TASK] Network Fetch starting
[12:48:12] [TASK] Network Fetch completed (exec #183)
[12:48:12] 
=== TICK 310 ===
[12:48:12] [READY] Task 1 (Collect CPU) ready - interval 1s elapsed
[12:48:12] [READY] Task 2 (Collect RAM) ready - interval 1s elapsed
[12:48:12] [READY] Task 5 (Analyzer) ready - interval 1s elapsed
[12:48:12] [DISPATCH] Executing 3 ready task(s) in priority order
[12:48:12] [DISPATCH] Task 1 (Collect CPU) P3 gets CPU
[12:48:12] [TASK] CPU Monitor starting
[12:48:13] [TASK] CPU Monitor completed (exec #309)
[12:48:13] [DISPATCH] Task 2 (Collect RAM) P3 gets CPU
[12:48:13] [TASK] RAM Monitor starting
[12:48:13] [TASK] RAM Monitor completed (exec #207)
[12:48:13] [DISPATCH] Task 5 (Analyzer) P3 gets CPU
[12:48:13] [TASK] Analyzer starting
[12:48:13] [ERROR] Analyzer failed with code 256 (may need 'make all' first)
[12:48:13] 
=== TICK 311 ===
[12:48:13] [READY] Task 1 (Collect CPU) ready - interval 1s elapsed
[12:48:13] [READY] Task 3 (Collect DISK) ready - interval 1s elapsed
[12:48:13] [READY] Task 4 (Collect Network) ready - interval 1s elapsed
[12:48:13] [DISPATCH] Executing 3 ready task(s) in priority order
[12:48:13] [DISPATCH] Task 1 (Collect CPU) P3 gets CPU
[12:48:13] [TASK] CPU Monitor starting
[12:48:14] [TASK] CPU Monitor completed (exec #310)
[12:48:14] [DISPATCH] Task 3 (Collect DISK) P2 gets CPU
[12:48:14] [TASK] Disk Monitor starting
[12:48:14] [TASK] Disk Monitor completed (exec #190)
[12:48:14] [DISPATCH] Task 4 (Collect Network) P0 gets CPU
[12:48:14] [TASK] Network Fetch starting
[12:48:14] [TASK] Network Fetch completed (exec #184)
[12:48:14] 
=== TICK 312 ===
[12:48:14] [READY] Task 1 (Collect CPU) ready - interval 1s elapsed
[12:48:14] [READY] Task 2 (Collect RAM) ready - interval 1s elapsed
[12:48:14] [READY] Task 5 (Analyzer) ready - interval 1s elapsed
[12:48:14] [READY] Task 6 (Report Generator) ready - interval 9s elapsed
[12:48:14] [DISPATCH] Executing 4 ready task(s) in priority order
[12:48:14] [DISPATCH] Task 1 (Collect CPU) P3 gets CPU
[12:48:14] [TASK] CPU Monitor starting
[12:48:15] [TASK] CPU Monitor completed (exec #311)
[12:48:15] [DISPATCH] Task 2 (Collect RAM) P3 gets CPU
[12:48:15] [TASK] RAM Monitor starting
[12:48:15] [TASK] RAM Monitor completed (exec #208)
[12:48:15] [DISPATCH] Task 5 (Analyzer) P3 gets CPU
[12:48:15] [TASK] Analyzer starting
[12:48:15] [ERROR] Analyzer failed with code 256 (may need 'make all' first)
[12:48:15] [DISPATCH] Task 6 (Report Generator) P3 gets CPU
[12:48:15] [TASK] Report Generator starting
[12:48:16] [TASK] Report Generator completed (exec #35)
[12:48:16] 
=== TICK 313 ===
[12:48:16] [READY] Task 1 (Collect CPU) ready - interval 1s elapsed
[12:48:16] [READY] Task 2 (Collect RAM) ready - interval 1s elapsed
[12:48:16] [READY] Task 3 (Collect DISK) ready - interval 1s elapsed
[12:48:16] [READY] Task 4 (Collect Network) ready - interval 1s elapsed
[12:48:16] [READY] Task 5 (Analyzer) ready - interval 1s elapsed
[12:48:16] [DISPATCH] Executing 5 ready task(s) in priority order
[12:48:16] [DISPATCH] Task 1 (Collect CPU) P3 gets CPU
[12:48:16] [TASK] CPU Monitor starting
[12:48:17] [TASK] CPU Monitor completed (exec #312)
[12:48:17] [DISPATCH] Task 2 (Collect RAM) P3 gets CPU
[12:48:17] [TASK] RAM Monitor starting
[12:48:17] [TASK] RAM Monitor completed (exec #209)
[12:48:17] [DISPATCH] Task 5 (Analyzer) P3 gets CPU
[12:48:17] [TASK] Analyzer starting
[12:48:17] [ERROR] Analyzer failed with code 256 (may need 'make all' first)
[12:48:17] [DISPATCH] Task 3 (Collect DISK) P2 gets CPU
[12:48:17] [TASK] Disk Monitor starting
[12:48:17] [TASK] Disk Monitor completed (exec #191)
[12:48:17] [DISPATCH] Task 4 (Collect Network) P0 gets CPU
[12:48:17] [TASK] Network Fetch starting
[12:48:17] [TASK] Network Fetch completed (exec #185)
[12:48:17] 
=== TICK 314 ===
[12:48:17] [READY] Task 1 (Collect CPU) ready - interval 1s elapsed
[12:48:17] [DISPATCH] Executing 1 ready task(s) in priority order
[12:48:17] [DISPATCH] Task 1 (Collect CPU) P3 gets CPU
[12:48:17] [TASK] CPU Monitor starting
[12:48:18] [TASK] CPU Monitor completed (exec #313)
[12:48:18] 
=== TICK 315 ===
[12:48:18] [READY] Task 1 (Collect CPU) ready - interval 1s elapsed
[12:48:18] [READY] Task 2 (Collect RAM) ready - interval 1s elapsed
[12:48:18] [READY] Task 3 (Collect DISK) ready - interval 1s elapsed
[12:48:18] [READY] Task 4 (Collect Network) ready - interval 1s elapsed
[12:48:18] [READY] Task 5 (Analyzer) ready - interval 1s elapsed
[12:48:18] [DISPATCH] Executing 5 ready task(s) in priority order
[12:48:18] [DISPATCH] Task 1 (Collect CPU) P3 gets CPU
[12:48:18] [TASK] CPU Monitor starting
[12:48:19] [TASK] CPU Monitor completed (exec #314)
[12:48:19] [DISPATCH] Task 2 (Collect RAM) P3 gets CPU
[12:48:19] [TASK] RAM Monitor starting
[12:48:19] [TASK] RAM Monitor completed (exec #210)
[12:48:19] [DISPATCH] Task 5 (Analyzer) P3 gets CPU
[12:48:19] [TASK] Analyzer starting
[12:48:19] [ERROR] Analyzer failed with code 256 (may need 'make all' first)
[12:48:19] [DISPATCH] Task 3 (Collect DISK) P2 gets CPU
[12:48:19] [TASK] Disk Monitor starting
[12:48:19] [TASK] Disk Monitor completed (exec #192)
[12:48:19] [DISPATCH] Task 4 (Collect Network) P0 gets CPU
[12:48:19] [TASK] Network Fetch starting
[12:48:19] [TASK] Network Fetch completed (exec #186)
[12:48:19] 
=== TICK 316 ===
[12:48:19] [READY] Task 1 (Collect CPU) ready - interval 1s elapsed
[12:48:19] [DISPATCH] Executing 1 ready task(s) in priority order
[12:48:19] [DISPATCH] Task 1 (Collect CPU) P3 gets CPU
[12:48:19] [TASK] CPU Monitor starting
[12:48:20] [TASK] CPU Monitor completed (exec #315)
[12:48:20] 
=== TICK 317 ===
[12:48:20] [READY] Task 1 (Collect CPU) ready - interval 1s elapsed
[12:48:20] [READY] Task 2 (Collect RAM) ready - interval 1s elapsed
[12:48:20] [READY] Task 3 (Collect DISK) ready - interval 1s elapsed
[12:48:20] [READY] Task 4 (Collect Network) ready - interval 1s elapsed
[12:48:20] [READY] Task 5 (Analyzer) ready - interval 1s elapsed
[12:48:20] [DISPATCH] Executing 5 ready task(s) in priority order
[12:48:20] [DISPATCH] Task 1 (Collect CPU) P3 gets CPU
[12:48:20] [TASK] CPU Monitor starting
[12:48:21] [TASK] CPU Monitor completed (exec #316)
[12:48:21] [DISPATCH] Task 2 (Collect RAM) P3 gets CPU
[12:48:21] [TASK] RAM Monitor starting
[12:48:21] [TASK] RAM Monitor completed (exec #211)
[12:48:21] [DISPATCH] Task 5 (Analyzer) P3 gets CPU
[12:48:21] [TASK] Analyzer starting
[12:48:21] [ERROR] Analyzer failed with code 256 (may need 'make all' first)
[12:48:21] [DISPATCH] Task 3 (Collect DISK) P2 gets CPU
[12:48:21] [TASK] Disk Monitor starting
[12:48:21] [TASK] Disk Monitor completed (exec #193)
[12:48:21] [DISPATCH] Task 4 (Collect Network) P0 gets CPU
[12:48:21] [TASK] Network Fetch starting
[12:48:21] [TASK] Network Fetch completed (exec #187)
[12:48:21] 
=== TICK 318 ===
[12:48:21] [READY] Task 1 (Collect CPU) ready - interval 1s elapsed
[12:48:21] [DISPATCH] Executing 1 ready task(s) in priority order
[12:48:21] [DISPATCH] Task 1 (Collect CPU) P3 gets CPU
[12:48:21] [TASK] CPU Monitor starting
[12:48:22] [TASK] CPU Monitor completed (exec #317)
[12:48:22] 
=== TICK 319 ===
[12:48:22] [READY] Task 1 (Collect CPU) ready - interval 1s elapsed
[12:48:22] [READY] Task 2 (Collect RAM) ready - interval 1s elapsed
[12:48:22] [READY] Task 3 (Collect DISK) ready - interval 1s elapsed
[12:48:22] [READY] Task 4 (Collect Network) ready - interval 1s elapsed
[12:48:22] [READY] Task 5 (Analyzer) ready - interval 1s elapsed
[12:48:22] [DISPATCH] Executing 5 ready task(s) in priority order
[12:48:22] [DISPATCH] Task 1 (Collect CPU) P3 gets CPU
[12:48:22] [TASK] CPU Monitor starting
[12:48:23] [TASK] CPU Monitor completed (exec #318)
[12:48:23] [DISPATCH] Task 2 (Collect RAM) P3 gets CPU
[12:48:23] [TASK] RAM Monitor starting
[12:48:23] [TASK] RAM Monitor completed (exec #212)
[12:48:23] [DISPATCH] Task 5 (Analyzer) P3 gets CPU
[12:48:23] [TASK] Analyzer starting
[12:48:23] [ERROR] Analyzer failed with code 256 (may need 'make all' first)
[12:48:23] [DISPATCH] Task 3 (Collect DISK) P2 gets CPU
[12:48:23] [TASK] Disk Monitor starting
[12:48:23] [TASK] Disk Monitor completed (exec #194)
[12:48:23] [DISPATCH] Task 4 (Collect Network) P0 gets CPU
[12:48:23] [TASK] Network Fetch starting
[12:48:23] [TASK] Network Fetch completed (exec #188)
[12:48:23] 
=== TICK 320 ===
[12:48:23] [READY] Task 1 (Collect CPU) ready - interval 1s elapsed
[12:48:23] [DISPATCH] Executing 1 ready task(s) in priority order
[12:48:23] [DISPATCH] Task 1 (Collect CPU) P3 gets CPU
[12:48:23] [TASK] CPU Monitor starting
[12:48:24] [TASK] CPU Monitor completed (exec #319)
[12:48:24] 
=== TICK 321 ===
[12:48:24] [READY] Task 1 (Collect CPU) ready - interval 1s elapsed
[12:48:24] [READY] Task 2 (Collect RAM) ready - interval 1s elapsed
[12:48:24] [READY] Task 3 (Collect DISK) ready - interval 1s elapsed
[12:48:24] [READY] Task 4 (Collect Network) ready - interval 1s elapsed
[12:48:24] [READY] Task 5 (Analyzer) ready - interval 1s elapsed
[12:48:24] [READY] Task 6 (Report Generator) ready - interval 9s elapsed
[12:48:24] [DISPATCH] Executing 6 ready task(s) in priority order
[12:48:24] [DISPATCH] Task 1 (Collect CPU) P3 gets CPU
[12:48:24] [TASK] CPU Monitor starting
[12:48:25] [TASK] CPU Monitor completed (exec #320)
[12:48:25] [DISPATCH] Task 2 (Collect RAM) P3 gets CPU
[12:48:25] [TASK] RAM Monitor starting
[12:48:25] [TASK] RAM Monitor completed (exec #213)
[12:48:25] [DISPATCH] Task 5 (Analyzer) P3 gets CPU
[12:48:25] [TASK] Analyzer starting
[12:48:25] [ERROR] Analyzer failed with code 256 (may need 'make all' first)
[12:48:25] [DISPATCH] Task 6 (Report Generator) P3 gets CPU
[12:48:25] [TASK] Report Generator starting
[12:48:26] [TASK] Report Generator completed (exec #36)
[12:48:26] [DISPATCH] Task 3 (Collect DISK) P2 gets CPU
[12:48:26] [TASK] Disk Monitor starting
[12:48:26] [TASK] Disk Monitor completed (exec #195)
[12:48:26] [DISPATCH] Task 4 (Collect Network) P0 gets CPU
[12:48:26] [TASK] Network Fetch starting
[12:48:26] [TASK] Network Fetch completed (exec #189)
[12:48:26] 
=== TICK 322 ===
[12:48:26] [READY] Task 1 (Collect CPU) ready - interval 1s elapsed
[12:48:26] [READY] Task 2 (Collect RAM) ready - interval 1s elapsed
[12:48:26] [READY] Task 5 (Analyzer) ready - interval 1s elapsed
[12:48:26] [DISPATCH] Executing 3 ready task(s) in priority order
[12:48:26] [DISPATCH] Task 1 (Collect CPU) P3 gets CPU
[12:48:26] [TASK] CPU Monitor starting
[12:48:27] [TASK] CPU Monitor completed (exec #321)
[12:48:27] [DISPATCH] Task 2 (Collect RAM) P3 gets CPU
[12:48:27] [TASK] RAM Monitor starting
[12:48:27] [TASK] RAM Monitor completed (exec #214)
[12:48:27] [DISPATCH] Task 5 (Analyzer) P3 gets CPU
[12:48:27] [TASK] Analyzer starting
[12:48:27] [ERROR] Analyzer failed with code 256 (may need 'make all' first)
[12:48:27] 
=== TICK 323 ===
[12:48:27] [READY] Task 1 (Collect CPU) ready - interval 1s elapsed
[12:48:27] [READY] Task 3 (Collect DISK) ready - interval 1s elapsed
[12:48:27] [READY] Task 4 (Collect Network) ready - interval 1s elapsed
[12:48:27] [DISPATCH] Executing 3 ready task(s) in priority order
[12:48:27] [DISPATCH] Task 1 (Collect CPU) P3 gets CPU
[12:48:27] [TASK] CPU Monitor starting
[12:48:28] [TASK] CPU Monitor completed (exec #322)
[12:48:28] [DISPATCH] Task 3 (Collect DISK) P2 gets CPU
[12:48:28] [TASK] Disk Monitor starting
[12:48:28] [TASK] Disk Monitor completed (exec #196)
[12:48:28] [DISPATCH] Task 4 (Collect Network) P0 gets CPU
[12:48:28] [TASK] Network Fetch starting
[12:48:28] [TASK] Network Fetch completed (exec #190)
[12:48:29] 
=== TICK 324 ===
[12:48:29] [READY] Task 1 (Collect CPU) ready - interval 1s elapsed
[12:48:29] [READY] Task 2 (Collect RAM) ready - interval 1s elapsed
[12:48:29] [READY] Task 3 (Collect DISK) ready - interval 1s elapsed
[12:48:29] [READY] Task 4 (Collect Network) ready - interval 1s elapsed
[12:48:29] [READY] Task 5 (Analyzer) ready - interval 1s elapsed
[12:48:29] [DISPATCH] Executing 5 ready task(s) in priority order
[12:48:29] [DISPATCH] Task 1 (Collect CPU) P3 gets CPU
[12:48:29] [TASK] CPU Monitor starting
[12:48:29] [TASK] CPU Monitor completed (exec #323)
[12:48:29] [DISPATCH] Task 2 (Collect RAM) P3 gets CPU
[12:48:29] [TASK] RAM Monitor starting
[12:48:29] [TASK] RAM Monitor completed (exec #215)
[12:48:29] [DISPATCH] Task 5 (Analyzer) P3 gets CPU
[12:48:29] [TASK] Analyzer starting
[12:48:29] [ERROR] Analyzer failed with code 256 (may need 'make all' first)
[12:48:29] [DISPATCH] Task 3 (Collect DISK) P2 gets CPU
[12:48:29] [TASK] Disk Monitor starting
[12:48:29] [TASK] Disk Monitor completed (exec #197)
[12:48:29] [DISPATCH] Task 4 (Collect Network) P0 gets CPU
[12:48:29] [TASK] Network Fetch starting
[12:48:29] [TASK] Network Fetch completed (exec #191)
[12:48:30] 
=== TICK 325 ===
[12:48:30] [READY] Task 1 (Collect CPU) ready - interval 1s elapsed
[12:48:30] [READY] Task 2 (Collect RAM) ready - interval 1s elapsed
[12:48:30] [READY] Task 3 (Collect DISK) ready - interval 1s elapsed
[12:48:30] [READY] Task 4 (Collect Network) ready - interval 1s elapsed
[12:48:30] [READY] Task 5 (Analyzer) ready - interval 1s elapsed
[12:48:30] [DISPATCH] Executing 5 ready task(s) in priority order
[12:48:30] [DISPATCH] Task 1 (Collect CPU) P3 gets CPU
[12:48:30] [TASK] CPU Monitor starting
[12:48:30] [TASK] CPU Monitor completed (exec #324)
[12:48:30] [DISPATCH] Task 2 (Collect RAM) P3 gets CPU
[12:48:30] [TASK] RAM Monitor starting
[12:48:30] [TASK] RAM Monitor completed (exec #216)
[12:48:30] [DISPATCH] Task 5 (Analyzer) P3 gets CPU
[12:48:30] [TASK] Analyzer starting
[12:48:30] [ERROR] Analyzer failed with code 256 (may need 'make all' first)
[12:48:30] [DISPATCH] Task 3 (Collect DISK) P2 gets CPU
[12:48:30] [TASK] Disk Monitor starting
[12:48:30] [TASK] Disk Monitor completed (exec #198)
[12:48:30] [DISPATCH] Task 4 (Collect Network) P0 gets CPU
[12:48:30] [TASK] Network Fetch starting
[12:48:30] [TASK] Network Fetch completed (exec #192)
[12:48:31] 
=== TICK 326 ===
[12:48:31] [READY] Task 1 (Collect CPU) ready - interval 1s elapsed
[12:48:31] [READY] Task 2 (Collect RAM) ready - interval 1s elapsed
[12:48:31] [READY] Task 3 (Collect DISK) ready - interval 1s elapsed
[12:48:31] [READY] Task 4 (Collect Network) ready - interval 1s elapsed
[12:48:31] [READY] Task 5 (Analyzer) ready - interval 1s elapsed
[12:48:31] [DISPATCH] Executing 5 ready task(s) in priority order
[12:48:31] [DISPATCH] Task 1 (Collect CPU) P3 gets CPU
[12:48:31] [TASK] CPU Monitor starting
[12:48:31] [TASK] CPU Monitor completed (exec #325)
[12:48:31] [DISPATCH] Task 2 (Collect RAM) P3 gets CPU
[12:48:31] [TASK] RAM Monitor starting
[12:48:31] [TASK] RAM Monitor completed (exec #217)
[12:48:31] [DISPATCH] Task 5 (Analyzer) P3 gets CPU
[12:48:31] [TASK] Analyzer starting
[12:48:31] [ERROR] Analyzer failed with code 256 (may need 'make all' first)
[12:48:31] [DISPATCH] Task 3 (Collect DISK) P2 gets CPU
[12:48:31] [TASK] Disk Monitor starting
[12:48:31] [TASK] Disk Monitor completed (exec #199)
[12:48:31] [DISPATCH] Task 4 (Collect Network) P0 gets CPU
[12:48:31] [TASK] Network Fetch starting
[12:48:31] [TASK] Network Fetch completed (exec #193)
[12:48:32] 
=== TICK 327 ===
[12:48:32] [READY] Task 1 (Collect CPU) ready - interval 1s elapsed
[12:48:32] [READY] Task 2 (Collect RAM) ready - interval 1s elapsed
[12:48:32] [READY] Task 3 (Collect DISK) ready - interval 1s elapsed
[12:48:32] [READY] Task 4 (Collect Network) ready - interval 1s elapsed
[12:48:32] [READY] Task 5 (Analyzer) ready - interval 1s elapsed
[12:48:32] [DISPATCH] Executing 5 ready task(s) in priority order
[12:48:32] [DISPATCH] Task 1 (Collect CPU) P3 gets CPU
[12:48:32] [TASK] CPU Monitor starting
[12:48:32] [TASK] CPU Monitor completed (exec #326)
[12:48:32] [DISPATCH] Task 2 (Collect RAM) P3 gets CPU
[12:48:32] [TASK] RAM Monitor starting
[12:48:32] [TASK] RAM Monitor completed (exec #218)
[12:48:32] [DISPATCH] Task 5 (Analyzer) P3 gets CPU
[12:48:32] [TASK] Analyzer starting
[12:48:32] [ERROR] Analyzer failed with code 256 (may need 'make all' first)
[12:48:32] [DISPATCH] Task 3 (Collect DISK) P2 gets CPU
[12:48:32] [TASK] Disk Monitor starting
[12:48:32] [TASK] Disk Monitor completed (exec #200)
[12:48:32] [DISPATCH] Task 4 (Collect Network) P0 gets CPU
[12:48:32] [TASK] Network Fetch starting
[12:48:32] [TASK] Network Fetch completed (exec #194)
[12:48:33] 
=== TICK 328 ===
[12:48:33] [READY] Task 1 (Collect CPU) ready - interval 1s elapsed
[12:48:33] [READY] Task 2 (Collect RAM) ready - interval 1s elapsed
[12:48:33] [READY] Task 3 (Collect DISK) ready - interval 1s elapsed
[12:48:33] [READY] Task 4 (Collect Network) ready - interval 1s elapsed
[12:48:33] [READY] Task 5 (Analyzer) ready - interval 1s elapsed
[12:48:33] [DISPATCH] Executing 5 ready task(s) in priority order
[12:48:33] [DISPATCH] Task 1 (Collect CPU) P3 gets CPU
[12:48:33] [TASK] CPU Monitor starting
[12:48:33] [TASK] CPU Monitor completed (exec #327)
[12:48:33] [DISPATCH] Task 2 (Collect RAM) P3 gets CPU
[12:48:33] [TASK] RAM Monitor starting
[12:48:33] [TASK] RAM Monitor completed (exec #219)
[12:48:33] [DISPATCH] Task 5 (Analyzer) P3 gets CPU
[12:48:33] [TASK] Analyzer starting
[12:48:33] [ERROR] Analyzer failed with code 256 (may need 'make all' first)
[12:48:33] [DISPATCH] Task 3 (Collect DISK) P2 gets CPU
[12:48:33] [TASK] Disk Monitor starting
[12:48:33] [TASK] Disk Monitor completed (exec #201)
[12:48:33] [DISPATCH] Task 4 (Collect Network) P0 gets CPU
[12:48:33] [TASK] Network Fetch starting
[12:48:33] [TASK] Network Fetch completed (exec #195)
[12:48:34] 
=== TICK 329 ===
[12:48:34] [READY] Task 1 (Collect CPU) ready - interval 1s elapsed
[12:48:34] [READY] Task 2 (Collect RAM) ready - interval 1s elapsed
[12:48:34] [READY] Task 3 (Collect DISK) ready - interval 1s elapsed
[12:48:34] [READY] Task 4 (Collect Network) ready - interval 1s elapsed
[12:48:34] [READY] Task 5 (Analyzer) ready - interval 1s elapsed
[12:48:34] [READY] Task 6 (Report Generator) ready - interval 9s elapsed
[12:48:34] [DISPATCH] Executing 6 ready task(s) in priority order
[12:48:34] [DISPATCH] Task 1 (Collect CPU) P3 gets CPU
[12:48:34] [TASK] CPU Monitor starting
[12:48:34] [TASK] CPU Monitor completed (exec #328)
[12:48:34] [DISPATCH] Task 2 (Collect RAM) P3 gets CPU
[12:48:34] [TASK] RAM Monitor starting
[12:48:34] [TASK] RAM Monitor completed (exec #220)
[12:48:34] [DISPATCH] Task 5 (Analyzer) P3 gets CPU
[12:48:34] [TASK] Analyzer starting
[12:48:34] [ERROR] Analyzer failed with code 256 (may need 'make all' first)
[12:48:34] [DISPATCH] Task 6 (Report Generator) P3 gets CPU
[12:48:34] [TASK] Report Generator starting
[12:48:35] [TASK] Report Generator completed (exec #37)
[12:48:35] [DISPATCH] Task 3 (Collect DISK) P2 gets CPU
[12:48:35] [TASK] Disk Monitor starting
[12:48:35] [TASK] Disk Monitor completed (exec #202)
[12:48:35] [DISPATCH] Task 4 (Collect Network) P0 gets CPU
[12:48:35] [TASK] Network Fetch starting
[12:48:35] [TASK] Network Fetch completed (exec #196)
[12:48:35] 
=== TICK 330 ===
[12:48:35] [READY] Task 1 (Collect CPU) ready - interval 1s elapsed
[12:48:35] [READY] Task 2 (Collect RAM) ready - interval 1s elapsed
[12:48:35] [READY] Task 5 (Analyzer) ready - interval 1s elapsed
[12:48:35] [DISPATCH] Executing 3 ready task(s) in priority order
[12:48:35] [DISPATCH] Task 1 (Collect CPU) P3 gets CPU
[12:48:35] [TASK] CPU Monitor starting
[12:48:36] [TASK] CPU Monitor completed (exec #329)
[12:48:36] [DISPATCH] Task 2 (Collect RAM) P3 gets CPU
[12:48:36] [TASK] RAM Monitor starting
[12:48:36] [TASK] RAM Monitor completed (exec #221)
[12:48:36] [DISPATCH] Task 5 (Analyzer) P3 gets CPU
[12:48:36] [TASK] Analyzer starting
[12:48:36] [ERROR] Analyzer failed with code 256 (may need 'make all' first)
[12:48:36] 
=== TICK 331 ===
[12:48:36] [READY] Task 1 (Collect CPU) ready - interval 1s elapsed
[12:48:36] [READY] Task 3 (Collect DISK) ready - interval 1s elapsed
[12:48:36] [READY] Task 4 (Collect Network) ready - interval 1s elapsed
[12:48:36] [DISPATCH] Executing 3 ready task(s) in priority order
[12:48:36] [DISPATCH] Task 1 (Collect CPU) P3 gets CPU
[12:48:36] [TASK] CPU Monitor starting
[12:48:37] [TASK] CPU Monitor completed (exec #330)
[12:48:37] [DISPATCH] Task 3 (Collect DISK) P2 gets CPU
[12:48:37] [TASK] Disk Monitor starting
[12:48:37] [TASK] Disk Monitor completed (exec #203)
[12:48:37] [DISPATCH] Task 4 (Collect Network) P0 gets CPU
[12:48:37] [TASK] Network Fetch starting
[12:48:37] [TASK] Network Fetch completed (exec #197)
[12:48:37] 
=== TICK 332 ===
[12:48:37] [READY] Task 1 (Collect CPU) ready - interval 1s elapsed
[12:48:37] [READY] Task 2 (Collect RAM) ready - interval 1s elapsed
[12:48:37] [READY] Task 5 (Analyzer) ready - interval 1s elapsed
[12:48:37] [DISPATCH] Executing 3 ready task(s) in priority order
[12:48:37] [DISPATCH] Task 1 (Collect CPU) P3 gets CPU
[12:48:37] [TASK] CPU Monitor starting
[12:48:38] [TASK] CPU Monitor completed (exec #331)
[12:48:38] [DISPATCH] Task 2 (Collect RAM) P3 gets CPU
[12:48:38] [TASK] RAM Monitor starting
[12:48:38] [TASK] RAM Monitor completed (exec #222)
[12:48:38] [DISPATCH] Task 5 (Analyzer) P3 gets CPU
[12:48:38] [TASK] Analyzer starting
[12:48:38] [ERROR] Analyzer failed with code 256 (may need 'make all' first)
[12:48:38] 
=== TICK 333 ===
[12:48:38] [READY] Task 1 (Collect CPU) ready - interval 1s elapsed
[12:48:38] [READY] Task 3 (Collect DISK) ready - interval 1s elapsed
[12:48:38] [READY] Task 4 (Collect Network) ready - interval 1s elapsed
[12:48:38] [DISPATCH] Executing 3 ready task(s) in priority order
[12:48:38] [DISPATCH] Task 1 (Collect CPU) P3 gets CPU
[12:48:38] [TASK] CPU Monitor starting
[12:48:39] [TASK] CPU Monitor completed (exec #332)
[12:48:39] [DISPATCH] Task 3 (Collect DISK) P2 gets CPU
[12:48:39] [TASK] Disk Monitor starting
[12:48:39] [TASK] Disk Monitor completed (exec #204)
[12:48:39] [DISPATCH] Task 4 (Collect Network) P0 gets CPU
[12:48:39] [TASK] Network Fetch starting
[12:48:39] [TASK] Network Fetch completed (exec #198)
[12:48:39] 
=== TICK 334 ===
[12:48:39] [READY] Task 1 (Collect CPU) ready - interval 1s elapsed
[12:48:39] [READY] Task 2 (Collect RAM) ready - interval 1s elapsed
[12:48:39] [READY] Task 5 (Analyzer) ready - interval 1s elapsed
[12:48:39] [DISPATCH] Executing 3 ready task(s) in priority order
[12:48:39] [DISPATCH] Task 1 (Collect CPU) P3 gets CPU
[12:48:39] [TASK] CPU Monitor starting
[12:48:40] [TASK] CPU Monitor completed (exec #333)
[12:48:40] [DISPATCH] Task 2 (Collect RAM) P3 gets CPU
[12:48:40] [TASK] RAM Monitor starting
[12:48:40] [TASK] RAM Monitor completed (exec #223)
[12:48:40] [DISPATCH] Task 5 (Analyzer) P3 gets CPU
[12:48:40] [TASK] Analyzer starting
[12:48:40] [ERROR] Analyzer failed with code 256 (may need 'make all' first)
[12:48:40] 
=== TICK 335 ===
[12:48:40] [READY] Task 1 (Collect CPU) ready - interval 1s elapsed
[12:48:40] [READY] Task 3 (Collect DISK) ready - interval 1s elapsed
[12:48:40] [READY] Task 4 (Collect Network) ready - interval 1s elapsed
[12:48:40] [DISPATCH] Executing 3 ready task(s) in priority order
[12:48:40] [DISPATCH] Task 1 (Collect CPU) P3 gets CPU
[12:48:40] [TASK] CPU Monitor starting
[12:48:41] [TASK] CPU Monitor completed (exec #334)
[12:48:41] [DISPATCH] Task 3 (Collect DISK) P2 gets CPU
[12:48:41] [TASK] Disk Monitor starting
[12:48:41] [TASK] Disk Monitor completed (exec #205)
[12:48:41] [DISPATCH] Task 4 (Collect Network) P0 gets CPU
[12:48:41] [TASK] Network Fetch starting
[12:48:41] [TASK] Network Fetch completed (exec #199)
[12:48:41] 
=== TICK 336 ===
[12:48:41] [READY] Task 1 (Collect CPU) ready - interval 1s elapsed
[12:48:41] [READY] Task 2 (Collect RAM) ready - interval 1s elapsed
[12:48:41] [READY] Task 5 (Analyzer) ready - interval 1s elapsed
[12:48:41] [DISPATCH] Executing 3 ready task(s) in priority order
[12:48:41] [DISPATCH] Task 1 (Collect CPU) P3 gets CPU
[12:48:41] [TASK] CPU Monitor starting
[12:48:42] [TASK] CPU Monitor completed (exec #335)
[12:48:42] [DISPATCH] Task 2 (Collect RAM) P3 gets CPU
[12:48:42] [TASK] RAM Monitor starting
[12:48:42] [TASK] RAM Monitor completed (exec #224)
[12:48:42] [DISPATCH] Task 5 (Analyzer) P3 gets CPU
[12:48:42] [TASK] Analyzer starting
[12:48:42] [ERROR] Analyzer failed with code 256 (may need 'make all' first)
[12:48:42] 
=== TICK 337 ===
[12:48:42] [READY] Task 1 (Collect CPU) ready - interval 1s elapsed
[12:48:42] [READY] Task 3 (Collect DISK) ready - interval 1s elapsed
[12:48:42] [READY] Task 4 (Collect Network) ready - interval 1s elapsed
[12:48:42] [DISPATCH] Executing 3 ready task(s) in priority order
[12:48:42] [DISPATCH] Task 1 (Collect CPU) P3 gets CPU
[12:48:42] [TASK] CPU Monitor starting
[12:48:43] [TASK] CPU Monitor completed (exec #336)
[12:48:43] [DISPATCH] Task 3 (Collect DISK) P2 gets CPU
[12:48:43] [TASK] Disk Monitor starting
[12:48:43] [TASK] Disk Monitor completed (exec #206)
[12:48:43] [DISPATCH] Task 4 (Collect Network) P0 gets CPU
[12:48:43] [TASK] Network Fetch starting
[12:48:43] [TASK] Network Fetch completed (exec #200)
[12:48:43] 
=== TICK 338 ===
[12:48:43] [READY] Task 1 (Collect CPU) ready - interval 1s elapsed
[12:48:43] [READY] Task 2 (Collect RAM) ready - interval 1s elapsed
[12:48:43] [READY] Task 5 (Analyzer) ready - interval 1s elapsed
[12:48:43] [READY] Task 6 (Report Generator) ready - interval 9s elapsed
[12:48:43] [DISPATCH] Executing 4 ready task(s) in priority order
[12:48:43] [DISPATCH] Task 1 (Collect CPU) P3 gets CPU
[12:48:43] [TASK] CPU Monitor starting
[12:48:44] [TASK] CPU Monitor completed (exec #337)
[12:48:44] [DISPATCH] Task 2 (Collect RAM) P3 gets CPU
[12:48:44] [TASK] RAM Monitor starting
[12:48:44] [TASK] RAM Monitor completed (exec #225)
[12:48:44] [DISPATCH] Task 5 (Analyzer) P3 gets CPU
[12:48:44] [TASK] Analyzer starting
[12:48:44] [ERROR] Analyzer failed with code 256 (may need 'make all' first)
[12:48:44] [DISPATCH] Task 6 (Report Generator) P3 gets CPU
[12:48:44] [TASK] Report Generator starting
[12:48:45] [TASK] Report Generator completed (exec #38)
[12:48:45] 
=== TICK 339 ===
[12:48:45] [READY] Task 1 (Collect CPU) ready - interval 1s elapsed
[12:48:45] [READY] Task 2 (Collect RAM) ready - interval 1s elapsed
[12:48:45] [READY] Task 3 (Collect DISK) ready - interval 1s elapsed
[12:48:45] [READY] Task 4 (Collect Network) ready - interval 1s elapsed
[12:48:45] [READY] Task 5 (Analyzer) ready - interval 1s elapsed
[12:48:45] [DISPATCH] Executing 5 ready task(s) in priority order
[12:48:45] [DISPATCH] Task 1 (Collect CPU) P3 gets CPU
[12:48:45] [TASK] CPU Monitor starting
[12:48:46] [TASK] CPU Monitor completed (exec #338)
[12:48:46] [DISPATCH] Task 2 (Collect RAM) P3 gets CPU
[12:48:46] [TASK] RAM Monitor starting
[12:48:46] [TASK] RAM Monitor completed (exec #226)
[12:48:46] [DISPATCH] Task 5 (Analyzer) P3 gets CPU
[12:48:46] [TASK] Analyzer starting
[12:48:46] [ERROR] Analyzer failed with code 256 (may need 'make all' first)
[12:48:46] [DISPATCH] Task 3 (Collect DISK) P2 gets CPU
[12:48:46] [TASK] Disk Monitor starting
[12:48:46] [TASK] Disk Monitor completed (exec #207)
[12:48:46] [DISPATCH] Task 4 (Collect Network) P0 gets CPU
[12:48:46] [TASK] Network Fetch starting
[12:48:46] [TASK] Network Fetch completed (exec #201)
[12:48:46] 
=== TICK 340 ===
[12:48:46] [READY] Task 1 (Collect CPU) ready - interval 1s elapsed
[12:48:46] [DISPATCH] Executing 1 ready task(s) in priority order
[12:48:46] [DISPATCH] Task 1 (Collect CPU) P3 gets CPU
[12:48:46] [TASK] CPU Monitor starting
[12:48:47] [TASK] CPU Monitor completed (exec #339)
[12:48:47] 
=== TICK 341 ===
[12:48:47] [READY] Task 1 (Collect CPU) ready - interval 1s elapsed
[12:48:47] [READY] Task 2 (Collect RAM) ready - interval 1s elapsed
[12:48:47] [READY] Task 3 (Collect DISK) ready - interval 1s elapsed
[12:48:47] [READY] Task 4 (Collect Network) ready - interval 1s elapsed
[12:48:47] [READY] Task 5 (Analyzer) ready - interval 1s elapsed
[12:48:47] [DISPATCH] Executing 5 ready task(s) in priority order
[12:48:47] [DISPATCH] Task 1 (Collect CPU) P3 gets CPU
[12:48:47] [TASK] CPU Monitor starting
[12:48:48] [TASK] CPU Monitor completed (exec #340)
[12:48:48] [DISPATCH] Task 2 (Collect RAM) P3 gets CPU
[12:48:48] [TASK] RAM Monitor starting
[12:48:48] [TASK] RAM Monitor completed (exec #227)
[12:48:48] [DISPATCH] Task 5 (Analyzer) P3 gets CPU
[12:48:48] [TASK] Analyzer starting
[12:48:48] [ERROR] Analyzer failed with code 256 (may need 'make all' first)
[12:48:48] [DISPATCH] Task 3 (Collect DISK) P2 gets CPU
[12:48:48] [TASK] Disk Monitor starting
[12:48:48] [TASK] Disk Monitor completed (exec #208)
[12:48:48] [DISPATCH] Task 4 (Collect Network) P0 gets CPU
[12:48:48] [TASK] Network Fetch starting
[12:48:48] [TASK] Network Fetch completed (exec #202)
[12:48:48] 
=== TICK 342 ===
[12:48:48] [READY] Task 1 (Collect CPU) ready - interval 1s elapsed
[12:48:48] [DISPATCH] Executing 1 ready task(s) in priority order
[12:48:48] [DISPATCH] Task 1 (Collect CPU) P3 gets CPU
[12:48:48] [TASK] CPU Monitor starting
[12:48:49] [TASK] CPU Monitor completed (exec #341)
[12:48:49] 
=== TICK 343 ===
[12:48:49] [READY] Task 1 (Collect CPU) ready - interval 1s elapsed
[12:48:49] [READY] Task 2 (Collect RAM) ready - interval 1s elapsed
[12:48:49] [READY] Task 3 (Collect DISK) ready - interval 1s elapsed
[12:48:49] [READY] Task 4 (Collect Network) ready - interval 1s elapsed
[12:48:49] [READY] Task 5 (Analyzer) ready - interval 1s elapsed
[12:48:49] [DISPATCH] Executing 5 ready task(s) in priority order
[12:48:49] [DISPATCH] Task 1 (Collect CPU) P3 gets CPU
[12:48:49] [TASK] CPU Monitor starting
[12:48:50] [TASK] CPU Monitor completed (exec #342)
[12:48:50] [DISPATCH] Task 2 (Collect RAM) P3 gets CPU
[12:48:50] [TASK] RAM Monitor starting
[12:48:50] [TASK] RAM Monitor completed (exec #228)
[12:48:50] [DISPATCH] Task 5 (Analyzer) P3 gets CPU
[12:48:50] [TASK] Analyzer starting
[12:48:50] [ERROR] Analyzer failed with code 256 (may need 'make all' first)
[12:48:50] [DISPATCH] Task 3 (Collect DISK) P2 gets CPU
[12:48:50] [TASK] Disk Monitor starting
[12:48:50] [TASK] Disk Monitor completed (exec #209)
[12:48:50] [DISPATCH] Task 4 (Collect Network) P0 gets CPU
[12:48:50] [TASK] Network Fetch starting
[12:48:50] [TASK] Network Fetch completed (exec #203)
[12:48:50] 
=== TICK 344 ===
[12:48:50] [READY] Task 1 (Collect CPU) ready - interval 1s elapsed
[12:48:50] [DISPATCH] Executing 1 ready task(s) in priority order
[12:48:50] [DISPATCH] Task 1 (Collect CPU) P3 gets CPU
[12:48:50] [TASK] CPU Monitor starting
[12:48:51] [TASK] CPU Monitor completed (exec #343)
[12:48:51] 
=== TICK 345 ===
[12:48:51] [READY] Task 1 (Collect CPU) ready - interval 1s elapsed
[12:48:51] [READY] Task 2 (Collect RAM) ready - interval 1s elapsed
[12:48:51] [READY] Task 3 (Collect DISK) ready - interval 1s elapsed
[12:48:51] [READY] Task 4 (Collect Network) ready - interval 1s elapsed
[12:48:51] [READY] Task 5 (Analyzer) ready - interval 1s elapsed
[12:48:51] [DISPATCH] Executing 5 ready task(s) in priority order
[12:48:51] [DISPATCH] Task 1 (Collect CPU) P3 gets CPU
[12:48:51] [TASK] CPU Monitor starting
[12:48:52] [TASK] CPU Monitor completed (exec #344)
[12:48:52] [DISPATCH] Task 2 (Collect RAM) P3 gets CPU
[12:48:52] [TASK] RAM Monitor starting
[12:48:52] [TASK] RAM Monitor completed (exec #229)
[12:48:52] [DISPATCH] Task 5 (Analyzer) P3 gets CPU
[12:48:52] [TASK] Analyzer starting
[12:48:52] [ERROR] Analyzer failed with code 256 (may need 'make all' first)
[12:48:52] [DISPATCH] Task 3 (Collect DISK) P2 gets CPU
[12:48:52] [TASK] Disk Monitor starting
[12:48:52] [TASK] Disk Monitor completed (exec #210)
[12:48:52] [DISPATCH] Task 4 (Collect Network) P0 gets CPU
[12:48:52] [TASK] Network Fetch starting
[12:48:52] [TASK] Network Fetch completed (exec #204)
[12:48:52] 
=== TICK 346 ===
[12:48:52] [READY] Task 1 (Collect CPU) ready - interval 1s elapsed
[12:48:52] [DISPATCH] Executing 1 ready task(s) in priority order
[12:48:52] [DISPATCH] Task 1 (Collect CPU) P3 gets CPU
[12:48:52] [TASK] CPU Monitor starting
[12:48:53] [TASK] CPU Monitor completed (exec #345)
[12:48:53] 
=== TICK 347 ===
[12:48:53] [READY] Task 1 (Collect CPU) ready - interval 1s elapsed
[12:48:53] [READY] Task 2 (Collect RAM) ready - interval 1s elapsed
[12:48:53] [READY] Task 3 (Collect DISK) ready - interval 1s elapsed
[12:48:53] [READY] Task 4 (Collect Network) ready - interval 1s elapsed
[12:48:53] [READY] Task 5 (Analyzer) ready - interval 1s elapsed
[12:48:53] [READY] Task 6 (Report Generator) ready - interval 9s elapsed
[12:48:53] [DISPATCH] Executing 6 ready task(s) in priority order
[12:48:53] [DISPATCH] Task 1 (Collect CPU) P3 gets CPU
[12:48:53] [TASK] CPU Monitor starting
[12:48:54] [TASK] CPU Monitor completed (exec #346)
[12:48:54] [DISPATCH] Task 2 (Collect RAM) P3 gets CPU
[12:48:54] [TASK] RAM Monitor starting
[12:48:54] [TASK] RAM Monitor completed (exec #230)
[12:48:54] [DISPATCH] Task 5 (Analyzer) P3 gets CPU
[12:48:54] [TASK] Analyzer starting
[12:48:54] [ERROR] Analyzer failed with code 256 (may need 'make all' first)
[12:48:54] [DISPATCH] Task 6 (Report Generator) P3 gets CPU
[12:48:54] [TASK] Report Generator starting
[12:48:54] [TASK] Report Generator completed (exec #39)
[12:48:54] [DISPATCH] Task 3 (Collect DISK) P2 gets CPU
[12:48:54] [TASK] Disk Monitor starting
[12:48:54] [TASK] Disk Monitor completed (exec #211)
[12:48:54] [DISPATCH] Task 4 (Collect Network) P0 gets CPU
[12:48:54] [TASK] Network Fetch starting
[12:48:54] [TASK] Network Fetch completed (exec #205)
[12:48:54] 
=== TICK 348 ===
[12:48:54] [READY] Task 1 (Collect CPU) ready - interval 1s elapsed
[12:48:54] [DISPATCH] Executing 1 ready task(s) in priority order
[12:48:54] [DISPATCH] Task 1 (Collect CPU) P3 gets CPU
[12:48:54] [TASK] CPU Monitor starting
[12:48:55] [TASK] CPU Monitor completed (exec #347)
[12:48:55] 
=== TICK 349 ===
[12:48:55] [READY] Task 1 (Collect CPU) ready - interval 1s elapsed
[12:48:55] [READY] Task 2 (Collect RAM) ready - interval 1s elapsed
[12:48:55] [READY] Task 3 (Collect DISK) ready - interval 1s elapsed
[12:48:55] [READY] Task 4 (Collect Network) ready - interval 1s elapsed
[12:48:55] [READY] Task 5 (Analyzer) ready - interval 1s elapsed
[12:48:55] [DISPATCH] Executing 5 ready task(s) in priority order
[12:48:55] [DISPATCH] Task 1 (Collect CPU) P3 gets CPU
[12:48:55] [TASK] CPU Monitor starting
[12:48:56] [TASK] CPU Monitor completed (exec #348)
[12:48:56] [DISPATCH] Task 2 (Collect RAM) P3 gets CPU
[12:48:56] [TASK] RAM Monitor starting
[12:48:56] [TASK] RAM Monitor completed (exec #231)
[12:48:56] [DISPATCH] Task 5 (Analyzer) P3 gets CPU
[12:48:56] [TASK] Analyzer starting
[12:48:56] [ERROR] Analyzer failed with code 256 (may need 'make all' first)
[12:48:56] [DISPATCH] Task 3 (Collect DISK) P2 gets CPU
[12:48:56] [TASK] Disk Monitor starting
[12:48:56] [TASK] Disk Monitor completed (exec #212)
[12:48:56] [DISPATCH] Task 4 (Collect Network) P0 gets CPU
[12:48:56] [TASK] Network Fetch starting
[12:48:56] [TASK] Network Fetch completed (exec #206)
[12:48:56] 
=== TICK 350 ===
[12:48:56] [READY] Task 1 (Collect CPU) ready - interval 1s elapsed
[12:48:56] [DISPATCH] Executing 1 ready task(s) in priority order
[12:48:56] [DISPATCH] Task 1 (Collect CPU) P3 gets CPU
[12:48:56] [TASK] CPU Monitor starting
[12:48:57] [TASK] CPU Monitor completed (exec #349)
[12:48:57] 
=== TICK 351 ===
[12:48:57] [READY] Task 1 (Collect CPU) ready - interval 1s elapsed
[12:48:57] [READY] Task 2 (Collect RAM) ready - interval 1s elapsed
[12:48:57] [READY] Task 3 (Collect DISK) ready - interval 1s elapsed
[12:48:57] [READY] Task 4 (Collect Network) ready - interval 1s elapsed
[12:48:57] [READY] Task 5 (Analyzer) ready - interval 1s elapsed
[12:48:57] [DISPATCH] Executing 5 ready task(s) in priority order
[12:48:57] [DISPATCH] Task 1 (Collect CPU) P3 gets CPU
[12:48:57] [TASK] CPU Monitor starting
[12:48:58] [TASK] CPU Monitor completed (exec #350)
[12:48:58] [DISPATCH] Task 2 (Collect RAM) P3 gets CPU
[12:48:58] [TASK] RAM Monitor starting
[12:48:58] [TASK] RAM Monitor completed (exec #232)
[12:48:58] [DISPATCH] Task 5 (Analyzer) P3 gets CPU
[12:48:58] [TASK] Analyzer starting
[12:48:58] [ERROR] Analyzer failed with code 256 (may need 'make all' first)
[12:48:58] [DISPATCH] Task 3 (Collect DISK) P2 gets CPU
[12:48:58] [TASK] Disk Monitor starting
[12:48:58] [TASK] Disk Monitor completed (exec #213)
[12:48:58] [DISPATCH] Task 4 (Collect Network) P0 gets CPU
[12:48:58] [TASK] Network Fetch starting
[12:48:58] [TASK] Network Fetch completed (exec #207)
[12:48:58] 
=== TICK 352 ===
[12:48:58] [READY] Task 1 (Collect CPU) ready - interval 1s elapsed
[12:48:58] [DISPATCH] Executing 1 ready task(s) in priority order
[12:48:58] [DISPATCH] Task 1 (Collect CPU) P3 gets CPU
[12:48:58] [TASK] CPU Monitor starting
[12:48:59] [TASK] CPU Monitor completed (exec #351)
[12:48:59] 
=== TICK 353 ===
[12:48:59] [READY] Task 1 (Collect CPU) ready - interval 1s elapsed
[12:48:59] [READY] Task 2 (Collect RAM) ready - interval 1s elapsed
[12:48:59] [READY] Task 3 (Collect DISK) ready - interval 1s elapsed
[12:48:59] [READY] Task 4 (Collect Network) ready - interval 1s elapsed
[12:48:59] [READY] Task 5 (Analyzer) ready - interval 1s elapsed
[12:48:59] [DISPATCH] Executing 5 ready task(s) in priority order
[12:48:59] [DISPATCH] Task 1 (Collect CPU) P3 gets CPU
[12:48:59] [TASK] CPU Monitor starting
[12:49:01] [TASK] CPU Monitor completed (exec #352)
[12:49:01] [DISPATCH] Task 2 (Collect RAM) P3 gets CPU
[12:49:01] [TASK] RAM Monitor starting
[12:49:01] [TASK] RAM Monitor completed (exec #233)
[12:49:01] [DISPATCH] Task 5 (Analyzer) P3 gets CPU
[12:49:01] [TASK] Analyzer starting
[12:49:01] [ERROR] Analyzer failed with code 256 (may need 'make all' first)
[12:49:01] [DISPATCH] Task 3 (Collect DISK) P2 gets CPU
[12:49:01] [TASK] Disk Monitor starting
[12:49:01] [TASK] Disk Monitor completed (exec #214)
[12:49:01] [DISPATCH] Task 4 (Collect Network) P0 gets CPU
[12:49:01] [TASK] Network Fetch starting
[12:49:01] [TASK] Network Fetch completed (exec #208)
[12:49:01] 
=== TICK 354 ===
[12:49:01] [READY] Task 1 (Collect CPU) ready - interval 1s elapsed
[12:49:01] [DISPATCH] Executing 1 ready task(s) in priority order
[12:49:01] [DISPATCH] Task 1 (Collect CPU) P3 gets CPU
[12:49:01] [TASK] CPU Monitor starting
[12:49:02] [TASK] CPU Monitor completed (exec #353)
[12:49:02] 
=== TICK 355 ===
[12:49:02] [READY] Task 1 (Collect CPU) ready - interval 1s elapsed
[12:49:02] [READY] Task 2 (Collect RAM) ready - interval 1s elapsed
[12:49:02] [READY] Task 3 (Collect DISK) ready - interval 1s elapsed
[12:49:02] [READY] Task 4 (Collect Network) ready - interval 1s elapsed
[12:49:02] [READY] Task 5 (Analyzer) ready - interval 1s elapsed
[12:49:02] [DISPATCH] Executing 5 ready task(s) in priority order
[12:49:02] [DISPATCH] Task 1 (Collect CPU) P3 gets CPU
[12:49:02] [TASK] CPU Monitor starting
[12:49:03] [TASK] CPU Monitor completed (exec #354)
[12:49:03] [DISPATCH] Task 2 (Collect RAM) P3 gets CPU
[12:49:03] [TASK] RAM Monitor starting
[12:49:03] [TASK] RAM Monitor completed (exec #234)
[12:49:03] [DISPATCH] Task 5 (Analyzer) P3 gets CPU
[12:49:03] [TASK] Analyzer starting
[12:49:03] [ERROR] Analyzer failed with code 256 (may need 'make all' first)
[12:49:03] [DISPATCH] Task 3 (Collect DISK) P2 gets CPU
[12:49:03] [TASK] Disk Monitor starting
[12:49:03] [TASK] Disk Monitor completed (exec #215)
[12:49:03] [DISPATCH] Task 4 (Collect Network) P0 gets CPU
[12:49:03] [TASK] Network Fetch starting
[12:49:03] [TASK] Network Fetch completed (exec #209)
[12:49:03] 
=== TICK 356 ===
[12:49:03] [READY] Task 1 (Collect CPU) ready - interval 1s elapsed
[12:49:03] [READY] Task 6 (Report Generator) ready - interval 9s elapsed
[12:49:03] [DISPATCH] Executing 2 ready task(s) in priority order
[12:49:03] [DISPATCH] Task 1 (Collect CPU) P3 gets CPU
[12:49:03] [TASK] CPU Monitor starting
[12:49:04] [TASK] CPU Monitor completed (exec #355)
[12:49:04] [DISPATCH] Task 6 (Report Generator) P3 gets CPU
[12:49:04] [TASK] Report Generator starting
[12:49:05] [TASK] Report Generator completed (exec #40)
[12:49:05] 
=== TICK 357 ===
[12:49:05] [READY] Task 1 (Collect CPU) ready - interval 1s elapsed
[12:49:05] [READY] Task 2 (Collect RAM) ready - interval 1s elapsed
[12:49:05] [READY] Task 3 (Collect DISK) ready - interval 1s elapsed
[12:49:05] [READY] Task 4 (Collect Network) ready - interval 1s elapsed
[12:49:05] [READY] Task 5 (Analyzer) ready - interval 1s elapsed
[12:49:05] [DISPATCH] Executing 5 ready task(s) in priority order
[12:49:05] [DISPATCH] Task 1 (Collect CPU) P3 gets CPU
[12:49:05] [TASK] CPU Monitor starting
[12:49:06] [TASK] CPU Monitor completed (exec #356)
[12:49:06] [DISPATCH] Task 2 (Collect RAM) P3 gets CPU
[12:49:06] [TASK] RAM Monitor starting
[12:49:06] [TASK] RAM Monitor completed (exec #235)
[12:49:06] [DISPATCH] Task 5 (Analyzer) P3 gets CPU
[12:49:06] [TASK] Analyzer starting
[12:49:06] [ERROR] Analyzer failed with code 256 (may need 'make all' first)
[12:49:06] [DISPATCH] Task 3 (Collect DISK) P2 gets CPU
[12:49:06] [TASK] Disk Monitor starting
[12:49:06] [TASK] Disk Monitor completed (exec #216)
[12:49:06] [DISPATCH] Task 4 (Collect Network) P0 gets CPU
[12:49:06] [TASK] Network Fetch starting
[12:49:06] [TASK] Network Fetch completed (exec #210)
[12:49:06] 
=== TICK 358 ===
[12:49:06] [READY] Task 1 (Collect CPU) ready - interval 1s elapsed
[12:49:06] [DISPATCH] Executing 1 ready task(s) in priority order
[12:49:06] [DISPATCH] Task 1 (Collect CPU) P3 gets CPU
[12:49:06] [TASK] CPU Monitor starting
[12:49:07] [TASK] CPU Monitor completed (exec #357)
[12:49:07] 
=== TICK 359 ===
[12:49:07] [READY] Task 1 (Collect CPU) ready - interval 1s elapsed
[12:49:07] [READY] Task 2 (Collect RAM) ready - interval 1s elapsed
[12:49:07] [READY] Task 3 (Collect DISK) ready - interval 1s elapsed
[12:49:07] [READY] Task 4 (Collect Network) ready - interval 1s elapsed
[12:49:07] [READY] Task 5 (Analyzer) ready - interval 1s elapsed
[12:49:07] [DISPATCH] Executing 5 ready task(s) in priority order
[12:49:07] [DISPATCH] Task 1 (Collect CPU) P3 gets CPU
[12:49:07] [TASK] CPU Monitor starting
[12:49:08] [TASK] CPU Monitor completed (exec #358)
[12:49:08] [DISPATCH] Task 2 (Collect RAM) P3 gets CPU
[12:49:08] [TASK] RAM Monitor starting
[12:49:08] [TASK] RAM Monitor completed (exec #236)
[12:49:08] [DISPATCH] Task 5 (Analyzer) P3 gets CPU
[12:49:08] [TASK] Analyzer starting
[12:49:08] [ERROR] Analyzer failed with code 256 (may need 'make all' first)
[12:49:08] [DISPATCH] Task 3 (Collect DISK) P2 gets CPU
[12:49:08] [TASK] Disk Monitor starting
[12:49:08] [TASK] Disk Monitor completed (exec #217)
[12:49:08] [DISPATCH] Task 4 (Collect Network) P0 gets CPU
[12:49:08] [TASK] Network Fetch starting
[12:49:08] [TASK] Network Fetch completed (exec #211)
[12:49:08] 
=== TICK 360 ===
[12:49:08] [READY] Task 1 (Collect CPU) ready - interval 1s elapsed
[12:49:08] [DISPATCH] Executing 1 ready task(s) in priority order
[12:49:08] [DISPATCH] Task 1 (Collect CPU) P3 gets CPU
[12:49:08] [TASK] CPU Monitor starting
[12:49:09] [TASK] CPU Monitor completed (exec #359)
[12:49:09] 
=== TICK 361 ===
[12:49:09] [READY] Task 1 (Collect CPU) ready - interval 1s elapsed
[12:49:09] [READY] Task 2 (Collect RAM) ready - interval 1s elapsed
[12:49:09] [READY] Task 3 (Collect DISK) ready - interval 1s elapsed
[12:49:09] [READY] Task 4 (Collect Network) ready - interval 1s elapsed
[12:49:09] [READY] Task 5 (Analyzer) ready - interval 1s elapsed
[12:49:09] [DISPATCH] Executing 5 ready task(s) in priority order
[12:49:09] [DISPATCH] Task 1 (Collect CPU) P3 gets CPU
[12:49:09] [TASK] CPU Monitor starting
[12:49:10] [TASK] CPU Monitor completed (exec #360)
[12:49:10] [DISPATCH] Task 2 (Collect RAM) P3 gets CPU
[12:49:10] [TASK] RAM Monitor starting
[12:49:10] [TASK] RAM Monitor completed (exec #237)
[12:49:10] [DISPATCH] Task 5 (Analyzer) P3 gets CPU
[12:49:10] [TASK] Analyzer starting
[12:49:10] [ERROR] Analyzer failed with code 256 (may need 'make all' first)
[12:49:10] [DISPATCH] Task 3 (Collect DISK) P2 gets CPU
[12:49:10] [TASK] Disk Monitor starting
[12:49:10] [TASK] Disk Monitor completed (exec #218)
[12:49:10] [DISPATCH] Task 4 (Collect Network) P0 gets CPU
[12:49:10] [TASK] Network Fetch starting
[12:49:10] [TASK] Network Fetch completed (exec #212)
[12:49:10] 
=== TICK 362 ===
[12:49:10] [READY] Task 1 (Collect CPU) ready - interval 1s elapsed
[12:49:10] [DISPATCH] Executing 1 ready task(s) in priority order
[12:49:10] [DISPATCH] Task 1 (Collect CPU) P3 gets CPU
[12:49:10] [TASK] CPU Monitor starting
[12:49:11] [TASK] CPU Monitor completed (exec #361)
[12:49:11] 
=== TICK 363 ===
[12:49:11] [READY] Task 1 (Collect CPU) ready - interval 1s elapsed
[12:49:11] [READY] Task 2 (Collect RAM) ready - interval 1s elapsed
[12:49:11] [READY] Task 3 (Collect DISK) ready - interval 1s elapsed
[12:49:11] [READY] Task 4 (Collect Network) ready - interval 1s elapsed
[12:49:11] [READY] Task 5 (Analyzer) ready - interval 1s elapsed
[12:49:11] [DISPATCH] Executing 5 ready task(s) in priority order
[12:49:11] [DISPATCH] Task 1 (Collect CPU) P3 gets CPU
[12:49:11] [TASK] CPU Monitor starting
[12:49:12] [TASK] CPU Monitor completed (exec #362)
[12:49:12] [DISPATCH] Task 2 (Collect RAM) P3 gets CPU
[12:49:12] [TASK] RAM Monitor starting
[12:49:12] [TASK] RAM Monitor completed (exec #238)
[12:49:12] [DISPATCH] Task 5 (Analyzer) P3 gets CPU
[12:49:12] [TASK] Analyzer starting
[12:49:12] [ERROR] Analyzer failed with code 256 (may need 'make all' first)
[12:49:12] [DISPATCH] Task 3 (Collect DISK) P2 gets CPU
[12:49:12] [TASK] Disk Monitor starting
[12:49:12] [TASK] Disk Monitor completed (exec #219)
[12:49:12] [DISPATCH] Task 4 (Collect Network) P0 gets CPU
[12:49:12] [TASK] Network Fetch starting
[12:49:12] [TASK] Network Fetch completed (exec #213)
[12:49:12] 
=== TICK 364 ===
[12:49:12] [READY] Task 1 (Collect CPU) ready - interval 1s elapsed
[12:49:12] [DISPATCH] Executing 1 ready task(s) in priority order
[12:49:12] [DISPATCH] Task 1 (Collect CPU) P3 gets CPU
[12:49:12] [TASK] CPU Monitor starting
[12:49:13] [TASK] CPU Monitor completed (exec #363)
[12:49:13] 
=== TICK 365 ===
[12:49:13] [READY] Task 1 (Collect CPU) ready - interval 1s elapsed
[12:49:13] [READY] Task 2 (Collect RAM) ready - interval 1s elapsed
[12:49:13] [READY] Task 3 (Collect DISK) ready - interval 1s elapsed
[12:49:13] [READY] Task 4 (Collect Network) ready - interval 1s elapsed
[12:49:13] [READY] Task 5 (Analyzer) ready - interval 1s elapsed
[12:49:13] [READY] Task 6 (Report Generator) ready - interval 9s elapsed
[12:49:13] [DISPATCH] Executing 6 ready task(s) in priority order
[12:49:13] [DISPATCH] Task 1 (Collect CPU) P3 gets CPU
[12:49:13] [TASK] CPU Monitor starting
[12:49:14] [TASK] CPU Monitor completed (exec #364)
[12:49:14] [DISPATCH] Task 2 (Collect RAM) P3 gets CPU
[12:49:14] [TASK] RAM Monitor starting
[12:49:14] [TASK] RAM Monitor completed (exec #239)
[12:49:14] [DISPATCH] Task 5 (Analyzer) P3 gets CPU
[12:49:14] [TASK] Analyzer starting
[12:49:14] [ERROR] Analyzer failed with code 256 (may need 'make all' first)
[12:49:14] [DISPATCH] Task 6 (Report Generator) P3 gets CPU
[12:49:14] [TASK] Report Generator starting
[12:49:14] [TASK] Report Generator completed (exec #41)
[12:49:14] [DISPATCH] Task 3 (Collect DISK) P2 gets CPU
[12:49:14] [TASK] Disk Monitor starting
[12:49:14] [TASK] Disk Monitor completed (exec #220)
[12:49:14] [DISPATCH] Task 4 (Collect Network) P0 gets CPU
[12:49:14] [TASK] Network Fetch starting
[12:49:14] [TASK] Network Fetch completed (exec #214)
[12:49:14] 
=== TICK 366 ===
[12:49:14] [READY] Task 1 (Collect CPU) ready - interval 1s elapsed
[12:49:14] [DISPATCH] Executing 1 ready task(s) in priority order
[12:49:14] [DISPATCH] Task 1 (Collect CPU) P3 gets CPU
[12:49:14] [TASK] CPU Monitor starting
[12:49:15] [TASK] CPU Monitor completed (exec #365)
[12:49:15] 
=== TICK 367 ===
[12:49:15] [READY] Task 1 (Collect CPU) ready - interval 1s elapsed
[12:49:15] [READY] Task 2 (Collect RAM) ready - interval 1s elapsed
[12:49:15] [READY] Task 3 (Collect DISK) ready - interval 1s elapsed
[12:49:15] [READY] Task 4 (Collect Network) ready - interval 1s elapsed
[12:49:15] [READY] Task 5 (Analyzer) ready - interval 1s elapsed
[12:49:15] [DISPATCH] Executing 5 ready task(s) in priority order
[12:49:15] [DISPATCH] Task 1 (Collect CPU) P3 gets CPU
[12:49:15] [TASK] CPU Monitor starting
[12:49:16] [TASK] CPU Monitor completed (exec #366)
[12:49:16] [DISPATCH] Task 2 (Collect RAM) P3 gets CPU
[12:49:16] [TASK] RAM Monitor starting
[12:49:16] [TASK] RAM Monitor completed (exec #240)
[12:49:16] [DISPATCH] Task 5 (Analyzer) P3 gets CPU
[12:49:16] [TASK] Analyzer starting
[12:49:16] [ERROR] Analyzer failed with code 256 (may need 'make all' first)
[12:49:16] [DISPATCH] Task 3 (Collect DISK) P2 gets CPU
[12:49:16] [TASK] Disk Monitor starting
[12:49:16] [TASK] Disk Monitor completed (exec #221)
[12:49:16] [DISPATCH] Task 4 (Collect Network) P0 gets CPU
[12:49:16] [TASK] Network Fetch starting
[12:49:16] [TASK] Network Fetch completed (exec #215)
[12:49:16] 
=== TICK 368 ===
[12:49:16] [READY] Task 1 (Collect CPU) ready - interval 1s elapsed
[12:49:16] [DISPATCH] Executing 1 ready task(s) in priority order
[12:49:16] [DISPATCH] Task 1 (Collect CPU) P3 gets CPU
[12:49:16] [TASK] CPU Monitor starting
[12:49:17] [TASK] CPU Monitor completed (exec #367)
[12:49:17] 
=== TICK 369 ===
[12:49:17] [READY] Task 1 (Collect CPU) ready - interval 1s elapsed
[12:49:17] [READY] Task 2 (Collect RAM) ready - interval 1s elapsed
[12:49:17] [READY] Task 3 (Collect DISK) ready - interval 1s elapsed
[12:49:17] [READY] Task 4 (Collect Network) ready - interval 1s elapsed
[12:49:17] [READY] Task 5 (Analyzer) ready - interval 1s elapsed
[12:49:17] [DISPATCH] Executing 5 ready task(s) in priority order
[12:49:17] [DISPATCH] Task 1 (Collect CPU) P3 gets CPU
[12:49:17] [TASK] CPU Monitor starting
[12:49:18] [TASK] CPU Monitor completed (exec #368)
[12:49:18] [DISPATCH] Task 2 (Collect RAM) P3 gets CPU
[12:49:18] [TASK] RAM Monitor starting
[12:49:18] [TASK] RAM Monitor completed (exec #241)
[12:49:18] [DISPATCH] Task 5 (Analyzer) P3 gets CPU
[12:49:18] [TASK] Analyzer starting
[12:49:18] [ERROR] Analyzer failed with code 256 (may need 'make all' first)
[12:49:18] [DISPATCH] Task 3 (Collect DISK) P2 gets CPU
[12:49:18] [TASK] Disk Monitor starting
[12:49:18] [TASK] Disk Monitor completed (exec #222)
[12:49:18] [DISPATCH] Task 4 (Collect Network) P0 gets CPU
[12:49:18] [TASK] Network Fetch starting
[12:49:18] [TASK] Network Fetch completed (exec #216)
[12:49:18] 
=== TICK 370 ===
[12:49:18] [READY] Task 1 (Collect CPU) ready - interval 1s elapsed
[12:49:18] [DISPATCH] Executing 1 ready task(s) in priority order
[12:49:18] [DISPATCH] Task 1 (Collect CPU) P3 gets CPU
[12:49:18] [TASK] CPU Monitor starting
[12:49:19] [TASK] CPU Monitor completed (exec #369)
[12:49:19] 
=== TICK 371 ===
[12:49:19] [READY] Task 1 (Collect CPU) ready - interval 1s elapsed
[12:49:19] [READY] Task 2 (Collect RAM) ready - interval 1s elapsed
[12:49:19] [READY] Task 3 (Collect DISK) ready - interval 1s elapsed
[12:49:19] [READY] Task 4 (Collect Network) ready - interval 1s elapsed
[12:49:19] [READY] Task 5 (Analyzer) ready - interval 1s elapsed
[12:49:19] [DISPATCH] Executing 5 ready task(s) in priority order
[12:49:19] [DISPATCH] Task 1 (Collect CPU) P3 gets CPU
[12:49:19] [TASK] CPU Monitor starting
[12:49:20] [TASK] CPU Monitor completed (exec #370)
[12:49:20] [DISPATCH] Task 2 (Collect RAM) P3 gets CPU
[12:49:20] [TASK] RAM Monitor starting
[12:49:20] [TASK] RAM Monitor completed (exec #242)
[12:49:20] [DISPATCH] Task 5 (Analyzer) P3 gets CPU
[12:49:20] [TASK] Analyzer starting
[12:49:20] [ERROR] Analyzer failed with code 256 (may need 'make all' first)
[12:49:20] [DISPATCH] Task 3 (Collect DISK) P2 gets CPU
[12:49:20] [TASK] Disk Monitor starting
[12:49:20] [TASK] Disk Monitor completed (exec #223)
[12:49:20] [DISPATCH] Task 4 (Collect Network) P0 gets CPU
[12:49:20] [TASK] Network Fetch starting
[12:49:20] [TASK] Network Fetch completed (exec #217)
[12:49:20] 
=== TICK 372 ===
[12:49:20] [READY] Task 1 (Collect CPU) ready - interval 1s elapsed
[12:49:20] [DISPATCH] Executing 1 ready task(s) in priority order
[12:49:20] [DISPATCH] Task 1 (Collect CPU) P3 gets CPU
[12:49:20] [TASK] CPU Monitor starting
[12:49:21] [TASK] CPU Monitor completed (exec #371)
[12:49:21] 
=== TICK 373 ===
[12:49:21] [READY] Task 1 (Collect CPU) ready - interval 1s elapsed
[12:49:21] [READY] Task 2 (Collect RAM) ready - interval 1s elapsed
[12:49:21] [READY] Task 3 (Collect DISK) ready - interval 1s elapsed
[12:49:21] [READY] Task 4 (Collect Network) ready - interval 1s elapsed
[12:49:21] [READY] Task 5 (Analyzer) ready - interval 1s elapsed
[12:49:21] [DISPATCH] Executing 5 ready task(s) in priority order
[12:49:21] [DISPATCH] Task 1 (Collect CPU) P3 gets CPU
[12:49:21] [TASK] CPU Monitor starting
[12:49:22] [TASK] CPU Monitor completed (exec #372)
[12:49:22] [DISPATCH] Task 2 (Collect RAM) P3 gets CPU
[12:49:22] [TASK] RAM Monitor starting
[12:49:22] [TASK] RAM Monitor completed (exec #243)
[12:49:22] [DISPATCH] Task 5 (Analyzer) P3 gets CPU
[12:49:22] [TASK] Analyzer starting
[12:49:22] [ERROR] Analyzer failed with code 256 (may need 'make all' first)
[12:49:22] [DISPATCH] Task 3 (Collect DISK) P2 gets CPU
[12:49:22] [TASK] Disk Monitor starting
[12:49:22] [TASK] Disk Monitor completed (exec #224)
[12:49:22] [DISPATCH] Task 4 (Collect Network) P0 gets CPU
[12:49:22] [TASK] Network Fetch starting
[12:49:22] [TASK] Network Fetch completed (exec #218)
[12:49:22] 
=== TICK 374 ===
[12:49:22] [READY] Task 1 (Collect CPU) ready - interval 1s elapsed
[12:49:22] [DISPATCH] Executing 1 ready task(s) in priority order
[12:49:22] [DISPATCH] Task 1 (Collect CPU) P3 gets CPU
[12:49:22] [TASK] CPU Monitor starting
[12:49:23] [TASK] CPU Monitor completed (exec #373)
[12:49:23] 
=== TICK 375 ===
[12:49:23] [READY] Task 1 (Collect CPU) ready - interval 1s elapsed
[12:49:23] [READY] Task 2 (Collect RAM) ready - interval 1s elapsed
[12:49:23] [READY] Task 3 (Collect DISK) ready - interval 1s elapsed
[12:49:23] [READY] Task 4 (Collect Network) ready - interval 1s elapsed
[12:49:23] [READY] Task 5 (Analyzer) ready - interval 1s elapsed
[12:49:23] [READY] Task 6 (Report Generator) ready - interval 9s elapsed
[12:49:23] [DISPATCH] Executing 6 ready task(s) in priority order
[12:49:23] [DISPATCH] Task 1 (Collect CPU) P3 gets CPU
[12:49:23] [TASK] CPU Monitor starting
[12:49:24] [TASK] CPU Monitor completed (exec #374)
[12:49:24] [DISPATCH] Task 2 (Collect RAM) P3 gets CPU
[12:49:24] [TASK] RAM Monitor starting
[12:49:24] [TASK] RAM Monitor completed (exec #244)
[12:49:24] [DISPATCH] Task 5 (Analyzer) P3 gets CPU
[12:49:24] [TASK] Analyzer starting
[12:49:24] [ERROR] Analyzer failed with code 256 (may need 'make all' first)
[12:49:24] [DISPATCH] Task 6 (Report Generator) P3 gets CPU
[12:49:24] [TASK] Report Generator starting
[12:49:25] [TASK] Report Generator completed (exec #42)
[12:49:25] [DISPATCH] Task 3 (Collect DISK) P2 gets CPU
[12:49:25] [TASK] Disk Monitor starting
[12:49:25] [TASK] Disk Monitor completed (exec #225)
[12:49:25] [DISPATCH] Task 4 (Collect Network) P0 gets CPU
[12:49:25] [TASK] Network Fetch starting
[12:49:25] [TASK] Network Fetch completed (exec #219)
[12:49:25] 
=== TICK 376 ===
[12:49:25] [READY] Task 1 (Collect CPU) ready - interval 1s elapsed
[12:49:25] [READY] Task 2 (Collect RAM) ready - interval 1s elapsed
[12:49:25] [READY] Task 5 (Analyzer) ready - interval 1s elapsed
[12:49:25] [DISPATCH] Executing 3 ready task(s) in priority order
[12:49:25] [DISPATCH] Task 1 (Collect CPU) P3 gets CPU
[12:49:25] [TASK] CPU Monitor starting
[12:49:26] [TASK] CPU Monitor completed (exec #375)
[12:49:26] [DISPATCH] Task 2 (Collect RAM) P3 gets CPU
[12:49:26] [TASK] RAM Monitor starting
[12:49:26] [TASK] RAM Monitor completed (exec #245)
[12:49:26] [DISPATCH] Task 5 (Analyzer) P3 gets CPU
[12:49:26] [TASK] Analyzer starting
[12:49:26] [ERROR] Analyzer failed with code 256 (may need 'make all' first)
[12:49:26] 
=== TICK 377 ===
[12:49:26] [READY] Task 1 (Collect CPU) ready - interval 1s elapsed
[12:49:26] [READY] Task 3 (Collect DISK) ready - interval 1s elapsed
[12:49:26] [READY] Task 4 (Collect Network) ready - interval 1s elapsed
[12:49:26] [DISPATCH] Executing 3 ready task(s) in priority order
[12:49:26] [DISPATCH] Task 1 (Collect CPU) P3 gets CPU
[12:49:26] [TASK] CPU Monitor starting
[12:49:27] [TASK] CPU Monitor completed (exec #376)
[12:49:27] [DISPATCH] Task 3 (Collect DISK) P2 gets CPU
[12:49:27] [TASK] Disk Monitor starting
[12:49:27] [TASK] Disk Monitor completed (exec #226)
[12:49:27] [DISPATCH] Task 4 (Collect Network) P0 gets CPU
[12:49:27] [TASK] Network Fetch starting
[12:49:27] [TASK] Network Fetch completed (exec #220)
[12:49:27] 
=== TICK 378 ===
[12:49:27] [READY] Task 1 (Collect CPU) ready - interval 1s elapsed
[12:49:27] [READY] Task 2 (Collect RAM) ready - interval 1s elapsed
[12:49:27] [READY] Task 5 (Analyzer) ready - interval 1s elapsed
[12:49:27] [DISPATCH] Executing 3 ready task(s) in priority order
[12:49:27] [DISPATCH] Task 1 (Collect CPU) P3 gets CPU
[12:49:27] [TASK] CPU Monitor starting
[12:49:28] [TASK] CPU Monitor completed (exec #377)
[12:49:28] [DISPATCH] Task 2 (Collect RAM) P3 gets CPU
[12:49:28] [TASK] RAM Monitor starting
[12:49:28] [TASK] RAM Monitor completed (exec #246)
[12:49:28] [DISPATCH] Task 5 (Analyzer) P3 gets CPU
[12:49:28] [TASK] Analyzer starting
[12:49:28] [ERROR] Analyzer failed with code 256 (may need 'make all' first)
[12:49:28] 
=== TICK 379 ===
[12:49:28] [READY] Task 1 (Collect CPU) ready - interval 1s elapsed
[12:49:28] [READY] Task 3 (Collect DISK) ready - interval 1s elapsed
[12:49:28] [READY] Task 4 (Collect Network) ready - interval 1s elapsed
[12:49:28] [DISPATCH] Executing 3 ready task(s) in priority order
[12:49:28] [DISPATCH] Task 1 (Collect CPU) P3 gets CPU
[12:49:28] [TASK] CPU Monitor starting
[12:49:29] [TASK] CPU Monitor completed (exec #378)
[12:49:29] [DISPATCH] Task 3 (Collect DISK) P2 gets CPU
[12:49:29] [TASK] Disk Monitor starting
[12:49:29] [TASK] Disk Monitor completed (exec #227)
[12:49:29] [DISPATCH] Task 4 (Collect Network) P0 gets CPU
[12:49:29] [TASK] Network Fetch starting
[12:49:29] [TASK] Network Fetch completed (exec #221)
[12:49:29] 
=== TICK 380 ===
[12:49:29] [READY] Task 1 (Collect CPU) ready - interval 1s elapsed
[12:49:29] [READY] Task 2 (Collect RAM) ready - interval 1s elapsed
[12:49:29] [READY] Task 5 (Analyzer) ready - interval 1s elapsed
[12:49:29] [DISPATCH] Executing 3 ready task(s) in priority order
[12:49:29] [DISPATCH] Task 1 (Collect CPU) P3 gets CPU
[12:49:29] [TASK] CPU Monitor starting
[12:49:30] [TASK] CPU Monitor completed (exec #379)
[12:49:30] [DISPATCH] Task 2 (Collect RAM) P3 gets CPU
[12:49:30] [TASK] RAM Monitor starting
[12:49:30] [TASK] RAM Monitor completed (exec #247)
[12:49:30] [DISPATCH] Task 5 (Analyzer) P3 gets CPU
[12:49:30] [TASK] Analyzer starting
[12:49:30] [ERROR] Analyzer failed with code 256 (may need 'make all' first)
[12:49:30] 
=== TICK 381 ===
[12:49:30] [READY] Task 1 (Collect CPU) ready - interval 1s elapsed
[12:49:30] [READY] Task 3 (Collect DISK) ready - interval 1s elapsed
[12:49:30] [READY] Task 4 (Collect Network) ready - interval 1s elapsed
[12:49:30] [DISPATCH] Executing 3 ready task(s) in priority order
[12:49:30] [DISPATCH] Task 1 (Collect CPU) P3 gets CPU
[12:49:30] [TASK] CPU Monitor starting
[12:49:31] [TASK] CPU Monitor completed (exec #380)
[12:49:31] [DISPATCH] Task 3 (Collect DISK) P2 gets CPU
[12:49:31] [TASK] Disk Monitor starting
[12:49:31] [TASK] Disk Monitor completed (exec #228)
[12:49:31] [DISPATCH] Task 4 (Collect Network) P0 gets CPU
[12:49:31] [TASK] Network Fetch starting
[12:49:31] [TASK] Network Fetch completed (exec #222)
[12:49:31] 
=== TICK 382 ===
[12:49:31] [READY] Task 1 (Collect CPU) ready - interval 1s elapsed
[12:49:31] [READY] Task 2 (Collect RAM) ready - interval 1s elapsed
[12:49:31] [READY] Task 5 (Analyzer) ready - interval 1s elapsed
[12:49:31] [DISPATCH] Executing 3 ready task(s) in priority order
[12:49:31] [DISPATCH] Task 1 (Collect CPU) P3 gets CPU
[12:49:31] [TASK] CPU Monitor starting
[12:49:32] [TASK] CPU Monitor completed (exec #381)
[12:49:32] [DISPATCH] Task 2 (Collect RAM) P3 gets CPU
[12:49:32] [TASK] RAM Monitor starting
[12:49:32] [TASK] RAM Monitor completed (exec #248)
[12:49:32] [DISPATCH] Task 5 (Analyzer) P3 gets CPU
[12:49:32] [TASK] Analyzer starting
[12:49:32] [ERROR] Analyzer failed with code 256 (may need 'make all' first)
[12:49:32] 
=== TICK 383 ===
[12:49:32] [READY] Task 1 (Collect CPU) ready - interval 1s elapsed
[12:49:32] [READY] Task 3 (Collect DISK) ready - interval 1s elapsed
[12:49:32] [READY] Task 4 (Collect Network) ready - interval 1s elapsed
[12:49:32] [DISPATCH] Executing 3 ready task(s) in priority order
[12:49:32] [DISPATCH] Task 1 (Collect CPU) P3 gets CPU
[12:49:32] [TASK] CPU Monitor starting
[12:49:33] [TASK] CPU Monitor completed (exec #382)
[12:49:33] [DISPATCH] Task 3 (Collect DISK) P2 gets CPU
[12:49:33] [TASK] Disk Monitor starting
[12:49:33] [TASK] Disk Monitor completed (exec #229)
[12:49:33] [DISPATCH] Task 4 (Collect Network) P0 gets CPU
[12:49:33] [TASK] Network Fetch starting
[12:49:33] [TASK] Network Fetch completed (exec #223)
[12:49:33] 
=== TICK 384 ===
[12:49:33] [READY] Task 1 (Collect CPU) ready - interval 1s elapsed
[12:49:33] [READY] Task 2 (Collect RAM) ready - interval 1s elapsed
[12:49:33] [READY] Task 5 (Analyzer) ready - interval 1s elapsed
[12:49:33] [READY] Task 6 (Report Generator) ready - interval 9s elapsed
[12:49:33] [DISPATCH] Executing 4 ready task(s) in priority order
[12:49:33] [DISPATCH] Task 1 (Collect CPU) P3 gets CPU
[12:49:33] [TASK] CPU Monitor starting
[12:49:34] [TASK] CPU Monitor completed (exec #383)
[12:49:34] [DISPATCH] Task 2 (Collect RAM) P3 gets CPU
[12:49:34] [TASK] RAM Monitor starting
[12:49:35] [TASK] RAM Monitor completed (exec #249)
[12:49:35] [DISPATCH] Task 5 (Analyzer) P3 gets CPU
[12:49:35] [TASK] Analyzer starting
[12:49:35] [ERROR] Analyzer failed with code 256 (may need 'make all' first)
[12:49:35] [DISPATCH] Task 6 (Report Generator) P3 gets CPU
[12:49:35] [TASK] Report Generator starting
[12:49:36] [TASK] Report Generator completed (exec #43)
[12:49:36] 
=== TICK 385 ===
[12:49:36] [READY] Task 1 (Collect CPU) ready - interval 1s elapsed
[12:49:36] [READY] Task 2 (Collect RAM) ready - interval 1s elapsed
[12:49:36] [READY] Task 3 (Collect DISK) ready - interval 1s elapsed
[12:49:36] [READY] Task 4 (Collect Network) ready - interval 1s elapsed
[12:49:36] [READY] Task 5 (Analyzer) ready - interval 1s elapsed
[12:49:36] [DISPATCH] Executing 5 ready task(s) in priority order
[12:49:36] [DISPATCH] Task 1 (Collect CPU) P3 gets CPU
[12:49:36] [TASK] CPU Monitor starting
[12:49:36] [TASK] CPU Monitor completed (exec #384)
[12:49:36] [DISPATCH] Task 2 (Collect RAM) P3 gets CPU
[12:49:36] [TASK] RAM Monitor starting
[12:49:36] [TASK] RAM Monitor completed (exec #250)
[12:49:36] [DISPATCH] Task 5 (Analyzer) P3 gets CPU
[12:49:36] [TASK] Analyzer starting
[12:49:36] [ERROR] Analyzer failed with code 256 (may need 'make all' first)
[12:49:36] [DISPATCH] Task 3 (Collect DISK) P2 gets CPU
[12:49:36] [TASK] Disk Monitor starting
[12:49:36] [TASK] Disk Monitor completed (exec #230)
[12:49:36] [DISPATCH] Task 4 (Collect Network) P0 gets CPU
[12:49:36] [TASK] Network Fetch starting
[12:49:36] [TASK] Network Fetch completed (exec #224)
[12:49:37] 
=== TICK 386 ===
[12:49:37] [READY] Task 1 (Collect CPU) ready - interval 1s elapsed
[12:49:37] [READY] Task 2 (Collect RAM) ready - interval 1s elapsed
[12:49:37] [READY] Task 3 (Collect DISK) ready - interval 1s elapsed
[12:49:37] [READY] Task 4 (Collect Network) ready - interval 1s elapsed
[12:49:37] [READY] Task 5 (Analyzer) ready - interval 1s elapsed
[12:49:37] [DISPATCH] Executing 5 ready task(s) in priority order
[12:49:37] [DISPATCH] Task 1 (Collect CPU) P3 gets CPU
[12:49:37] [TASK] CPU Monitor starting
[12:49:37] [TASK] CPU Monitor completed (exec #385)
[12:49:37] [DISPATCH] Task 2 (Collect RAM) P3 gets CPU
[12:49:37] [TASK] RAM Monitor starting
[12:49:37] [TASK] RAM Monitor completed (exec #251)
[12:49:37] [DISPATCH] Task 5 (Analyzer) P3 gets CPU
[12:49:37] [TASK] Analyzer starting
[12:49:37] [ERROR] Analyzer failed with code 256 (may need 'make all' first)
[12:49:37] [DISPATCH] Task 3 (Collect DISK) P2 gets CPU
[12:49:37] [TASK] Disk Monitor starting
[12:49:37] [TASK] Disk Monitor completed (exec #231)
[12:49:37] [DISPATCH] Task 4 (Collect Network) P0 gets CPU
[12:49:37] [TASK] Network Fetch starting
[12:49:37] [TASK] Network Fetch completed (exec #225)
[12:49:38] 
=== TICK 387 ===
[12:49:38] [READY] Task 1 (Collect CPU) ready - interval 1s elapsed
[12:49:38] [READY] Task 2 (Collect RAM) ready - interval 1s elapsed
[12:49:38] [READY] Task 3 (Collect DISK) ready - interval 1s elapsed
[12:49:38] [READY] Task 4 (Collect Network) ready - interval 1s elapsed
[12:49:38] [READY] Task 5 (Analyzer) ready - interval 1s elapsed
[12:49:38] [DISPATCH] Executing 5 ready task(s) in priority order
[12:49:38] [DISPATCH] Task 1 (Collect CPU) P3 gets CPU
[12:49:38] [TASK] CPU Monitor starting
[12:49:38] [TASK] CPU Monitor completed (exec #386)
[12:49:38] [DISPATCH] Task 2 (Collect RAM) P3 gets CPU
[12:49:38] [TASK] RAM Monitor starting
[12:49:38] [TASK] RAM Monitor completed (exec #252)
[12:49:38] [DISPATCH] Task 5 (Analyzer) P3 gets CPU
[12:49:38] [TASK] Analyzer starting
[12:49:38] [ERROR] Analyzer failed with code 256 (may need 'make all' first)
[12:49:38] [DISPATCH] Task 3 (Collect DISK) P2 gets CPU
[12:49:38] [TASK] Disk Monitor starting
[12:49:38] [TASK] Disk Monitor completed (exec #232)
[12:49:38] [DISPATCH] Task 4 (Collect Network) P0 gets CPU
[12:49:38] [TASK] Network Fetch starting
[12:49:38] [TASK] Network Fetch completed (exec #226)
[12:49:39] 
=== TICK 388 ===
[12:49:39] [READY] Task 1 (Collect CPU) ready - interval 1s elapsed
[12:49:39] [READY] Task 2 (Collect RAM) ready - interval 1s elapsed
[12:49:39] [READY] Task 3 (Collect DISK) ready - interval 1s elapsed
[12:49:39] [READY] Task 4 (Collect Network) ready - interval 1s elapsed
[12:49:39] [READY] Task 5 (Analyzer) ready - interval 1s elapsed
[12:49:39] [DISPATCH] Executing 5 ready task(s) in priority order
[12:49:39] [DISPATCH] Task 1 (Collect CPU) P3 gets CPU
[12:49:39] [TASK] CPU Monitor starting
[12:49:39] [TASK] CPU Monitor completed (exec #387)
[12:49:39] [DISPATCH] Task 2 (Collect RAM) P3 gets CPU
[12:49:39] [TASK] RAM Monitor starting
[12:49:39] [TASK] RAM Monitor completed (exec #253)
[12:49:39] [DISPATCH] Task 5 (Analyzer) P3 gets CPU
[12:49:39] [TASK] Analyzer starting
[12:49:39] [ERROR] Analyzer failed with code 256 (may need 'make all' first)
[12:49:39] [DISPATCH] Task 3 (Collect DISK) P2 gets CPU
[12:49:39] [TASK] Disk Monitor starting
[12:49:39] [TASK] Disk Monitor completed (exec #233)
[12:49:39] [DISPATCH] Task 4 (Collect Network) P0 gets CPU
[12:49:39] [TASK] Network Fetch starting
[12:49:39] [TASK] Network Fetch completed (exec #227)
[12:49:40] 
=== TICK 389 ===
[12:49:40] [READY] Task 1 (Collect CPU) ready - interval 1s elapsed
[12:49:40] [READY] Task 2 (Collect RAM) ready - interval 1s elapsed
[12:49:40] [READY] Task 3 (Collect DISK) ready - interval 1s elapsed
[12:49:40] [READY] Task 4 (Collect Network) ready - interval 1s elapsed
[12:49:40] [READY] Task 5 (Analyzer) ready - interval 1s elapsed
[12:49:40] [DISPATCH] Executing 5 ready task(s) in priority order
[12:49:40] [DISPATCH] Task 1 (Collect CPU) P3 gets CPU
[12:49:40] [TASK] CPU Monitor starting
[12:49:40] [TASK] CPU Monitor completed (exec #388)
[12:49:40] [DISPATCH] Task 2 (Collect RAM) P3 gets CPU
[12:49:40] [TASK] RAM Monitor starting
[12:49:40] [TASK] RAM Monitor completed (exec #254)
[12:49:40] [DISPATCH] Task 5 (Analyzer) P3 gets CPU
[12:49:40] [TASK] Analyzer starting
[12:49:40] [ERROR] Analyzer failed with code 256 (may need 'make all' first)
[12:49:40] [DISPATCH] Task 3 (Collect DISK) P2 gets CPU
[12:49:40] [TASK] Disk Monitor starting
[12:49:40] [TASK] Disk Monitor completed (exec #234)
[12:49:40] [DISPATCH] Task 4 (Collect Network) P0 gets CPU
[12:49:40] [TASK] Network Fetch starting
[12:49:40] [TASK] Network Fetch completed (exec #228)
[12:49:41] 
=== TICK 390 ===
[12:49:41] [READY] Task 1 (Collect CPU) ready - interval 1s elapsed
[12:49:41] [READY] Task 2 (Collect RAM) ready - interval 1s elapsed
[12:49:41] [READY] Task 3 (Collect DISK) ready - interval 1s elapsed
[12:49:41] [READY] Task 4 (Collect Network) ready - interval 1s elapsed
[12:49:41] [READY] Task 5 (Analyzer) ready - interval 1s elapsed
[12:49:41] [DISPATCH] Executing 5 ready task(s) in priority order
[12:49:41] [DISPATCH] Task 1 (Collect CPU) P3 gets CPU
[12:49:41] [TASK] CPU Monitor starting
[12:49:41] [TASK] CPU Monitor completed (exec #389)
[12:49:41] [DISPATCH] Task 2 (Collect RAM) P3 gets CPU
[12:49:41] [TASK] RAM Monitor starting
[12:49:41] [TASK] RAM Monitor completed (exec #255)
[12:49:41] [DISPATCH] Task 5 (Analyzer) P3 gets CPU
[12:49:41] [TASK] Analyzer starting
[12:49:41] [ERROR] Analyzer failed with code 256 (may need 'make all' first)
[12:49:41] [DISPATCH] Task 3 (Collect DISK) P2 gets CPU
[12:49:41] [TASK] Disk Monitor starting
[12:49:41] [TASK] Disk Monitor completed (exec #235)
[12:49:41] [DISPATCH] Task 4 (Collect Network) P0 gets CPU
[12:49:41] [TASK] Network Fetch starting
[12:49:41] [TASK] Network Fetch completed (exec #229)
[12:49:42] 
=== TICK 391 ===
[12:49:42] [READY] Task 1 (Collect CPU) ready - interval 1s elapsed
[12:49:42] [READY] Task 2 (Collect RAM) ready - interval 1s elapsed
[12:49:42] [READY] Task 3 (Collect DISK) ready - interval 1s elapsed
[12:49:42] [READY] Task 4 (Collect Network) ready - interval 1s elapsed
[12:49:42] [READY] Task 5 (Analyzer) ready - interval 1s elapsed
[12:49:42] [DISPATCH] Executing 5 ready task(s) in priority order
[12:49:42] [DISPATCH] Task 1 (Collect CPU) P3 gets CPU
[12:49:42] [TASK] CPU Monitor starting
[12:49:42] [TASK] CPU Monitor completed (exec #390)
[12:49:42] [DISPATCH] Task 2 (Collect RAM) P3 gets CPU
[12:49:42] [TASK] RAM Monitor starting
[12:49:42] [TASK] RAM Monitor completed (exec #256)
[12:49:42] [DISPATCH] Task 5 (Analyzer) P3 gets CPU
[12:49:42] [TASK] Analyzer starting
[12:49:42] [ERROR] Analyzer failed with code 256 (may need 'make all' first)
[12:49:42] [DISPATCH] Task 3 (Collect DISK) P2 gets CPU
[12:49:42] [TASK] Disk Monitor starting
[12:49:42] [TASK] Disk Monitor completed (exec #236)
[12:49:42] [DISPATCH] Task 4 (Collect Network) P0 gets CPU
[12:49:42] [TASK] Network Fetch starting
[12:49:42] [TASK] Network Fetch completed (exec #230)
[12:49:43] 
=== TICK 392 ===
[12:49:43] [READY] Task 1 (Collect CPU) ready - interval 1s elapsed
[12:49:43] [READY] Task 2 (Collect RAM) ready - interval 1s elapsed
[12:49:43] [READY] Task 3 (Collect DISK) ready - interval 1s elapsed
[12:49:43] [READY] Task 4 (Collect Network) ready - interval 1s elapsed
[12:49:43] [READY] Task 5 (Analyzer) ready - interval 1s elapsed
[12:49:43] [DISPATCH] Executing 5 ready task(s) in priority order
[12:49:43] [DISPATCH] Task 1 (Collect CPU) P3 gets CPU
[12:49:43] [TASK] CPU Monitor starting
[12:49:43] [TASK] CPU Monitor completed (exec #391)
[12:49:43] [DISPATCH] Task 2 (Collect RAM) P3 gets CPU
[12:49:43] [TASK] RAM Monitor starting
[12:49:43] [TASK] RAM Monitor completed (exec #257)
[12:49:43] [DISPATCH] Task 5 (Analyzer) P3 gets CPU
[12:49:43] [TASK] Analyzer starting
[12:49:43] [ERROR] Analyzer failed with code 256 (may need 'make all' first)
[12:49:43] [DISPATCH] Task 3 (Collect DISK) P2 gets CPU
[12:49:43] [TASK] Disk Monitor starting
[12:49:43] [TASK] Disk Monitor completed (exec #237)
[12:49:43] [DISPATCH] Task 4 (Collect Network) P0 gets CPU
[12:49:43] [TASK] Network Fetch starting
[12:49:43] [TASK] Network Fetch completed (exec #231)
[12:49:44] 
=== TICK 393 ===
[12:49:44] [READY] Task 1 (Collect CPU) ready - interval 1s elapsed
[12:49:44] [READY] Task 2 (Collect RAM) ready - interval 1s elapsed
[12:49:44] [READY] Task 3 (Collect DISK) ready - interval 1s elapsed
[12:49:44] [READY] Task 4 (Collect Network) ready - interval 1s elapsed
[12:49:44] [READY] Task 5 (Analyzer) ready - interval 1s elapsed
[12:49:44] [READY] Task 6 (Report Generator) ready - interval 9s elapsed
[12:49:44] [DISPATCH] Executing 6 ready task(s) in priority order
[12:49:44] [DISPATCH] Task 1 (Collect CPU) P3 gets CPU
[12:49:44] [TASK] CPU Monitor starting
[12:49:44] [TASK] CPU Monitor completed (exec #392)
[12:49:44] [DISPATCH] Task 2 (Collect RAM) P3 gets CPU
[12:49:44] [TASK] RAM Monitor starting
[12:49:44] [TASK] RAM Monitor completed (exec #258)
[12:49:44] [DISPATCH] Task 5 (Analyzer) P3 gets CPU
[12:49:44] [TASK] Analyzer starting
[12:49:44] [ERROR] Analyzer failed with code 256 (may need 'make all' first)
[12:49:44] [DISPATCH] Task 6 (Report Generator) P3 gets CPU
[12:49:44] [TASK] Report Generator starting
[12:49:45] [TASK] Report Generator completed (exec #44)
[12:49:45] [DISPATCH] Task 3 (Collect DISK) P2 gets CPU
[12:49:45] [TASK] Disk Monitor starting
[12:49:45] [TASK] Disk Monitor completed (exec #238)
[12:49:45] [DISPATCH] Task 4 (Collect Network) P0 gets CPU
[12:49:45] [TASK] Network Fetch starting
[12:49:45] [TASK] Network Fetch completed (exec #232)
[12:49:45] 
=== TICK 394 ===
[12:49:45] [READY] Task 1 (Collect CPU) ready - interval 1s elapsed
[12:49:45] [READY] Task 2 (Collect RAM) ready - interval 1s elapsed
[12:49:45] [READY] Task 5 (Analyzer) ready - interval 1s elapsed
[12:49:45] [DISPATCH] Executing 3 ready task(s) in priority order
[12:49:45] [DISPATCH] Task 1 (Collect CPU) P3 gets CPU
[12:49:45] [TASK] CPU Monitor starting
[12:49:46] [TASK] CPU Monitor completed (exec #393)
[12:49:46] [DISPATCH] Task 2 (Collect RAM) P3 gets CPU
[12:49:46] [TASK] RAM Monitor starting
[12:49:46] [TASK] RAM Monitor completed (exec #259)
[12:49:46] [DISPATCH] Task 5 (Analyzer) P3 gets CPU
[12:49:46] [TASK] Analyzer starting
[12:49:46] [ERROR] Analyzer failed with code 256 (may need 'make all' first)
[12:49:46] 
=== TICK 395 ===
[12:49:46] [READY] Task 1 (Collect CPU) ready - interval 1s elapsed
[12:49:46] [READY] Task 3 (Collect DISK) ready - interval 1s elapsed
[12:49:46] [READY] Task 4 (Collect Network) ready - interval 1s elapsed
[12:49:46] [DISPATCH] Executing 3 ready task(s) in priority order
[12:49:46] [DISPATCH] Task 1 (Collect CPU) P3 gets CPU
[12:49:46] [TASK] CPU Monitor starting
[12:49:47] [TASK] CPU Monitor completed (exec #394)
[12:49:47] [DISPATCH] Task 3 (Collect DISK) P2 gets CPU
[12:49:47] [TASK] Disk Monitor starting
[12:49:47] [TASK] Disk Monitor completed (exec #239)
[12:49:47] [DISPATCH] Task 4 (Collect Network) P0 gets CPU
[12:49:47] [TASK] Network Fetch starting
[12:49:47] [TASK] Network Fetch completed (exec #233)
[12:49:47] 
=== TICK 396 ===
[12:49:47] [READY] Task 1 (Collect CPU) ready - interval 1s elapsed
[12:49:47] [READY] Task 2 (Collect RAM) ready - interval 1s elapsed
[12:49:47] [READY] Task 5 (Analyzer) ready - interval 1s elapsed
[12:49:47] [DISPATCH] Executing 3 ready task(s) in priority order
[12:49:47] [DISPATCH] Task 1 (Collect CPU) P3 gets CPU
[12:49:47] [TASK] CPU Monitor starting
[12:49:48] [TASK] CPU Monitor completed (exec #395)
[12:49:48] [DISPATCH] Task 2 (Collect RAM) P3 gets CPU
[12:49:48] [TASK] RAM Monitor starting
[12:49:48] [TASK] RAM Monitor completed (exec #260)
[12:49:48] [DISPATCH] Task 5 (Analyzer) P3 gets CPU
[12:49:48] [TASK] Analyzer starting
[12:49:48] [ERROR] Analyzer failed with code 256 (may need 'make all' first)
[12:49:48] 
=== TICK 397 ===
[12:49:48] [READY] Task 1 (Collect CPU) ready - interval 1s elapsed
[12:49:48] [READY] Task 3 (Collect DISK) ready - interval 1s elapsed
[12:49:48] [READY] Task 4 (Collect Network) ready - interval 1s elapsed
[12:49:48] [DISPATCH] Executing 3 ready task(s) in priority order
[12:49:48] [DISPATCH] Task 1 (Collect CPU) P3 gets CPU
[12:49:48] [TASK] CPU Monitor starting
[12:49:49] [TASK] CPU Monitor completed (exec #396)
[12:49:49] [DISPATCH] Task 3 (Collect DISK) P2 gets CPU
[12:49:49] [TASK] Disk Monitor starting
[12:49:49] [TASK] Disk Monitor completed (exec #240)
[12:49:49] [DISPATCH] Task 4 (Collect Network) P0 gets CPU
[12:49:49] [TASK] Network Fetch starting
[12:49:49] [TASK] Network Fetch completed (exec #234)
[12:49:49] 
=== TICK 398 ===
[12:49:49] [READY] Task 1 (Collect CPU) ready - interval 1s elapsed
[12:49:49] [READY] Task 2 (Collect RAM) ready - interval 1s elapsed
[12:49:49] [READY] Task 5 (Analyzer) ready - interval 1s elapsed
[12:49:49] [DISPATCH] Executing 3 ready task(s) in priority order
[12:49:49] [DISPATCH] Task 1 (Collect CPU) P3 gets CPU
[12:49:49] [TASK] CPU Monitor starting
[12:49:50] [TASK] CPU Monitor completed (exec #397)
[12:49:50] [DISPATCH] Task 2 (Collect RAM) P3 gets CPU
[12:49:50] [TASK] RAM Monitor starting
[12:49:50] [TASK] RAM Monitor completed (exec #261)
[12:49:50] [DISPATCH] Task 5 (Analyzer) P3 gets CPU
[12:49:50] [TASK] Analyzer starting
[12:49:50] [ERROR] Analyzer failed with code 256 (may need 'make all' first)
[12:49:50] 
=== TICK 399 ===
[12:49:50] [READY] Task 1 (Collect CPU) ready - interval 1s elapsed
[12:49:50] [READY] Task 3 (Collect DISK) ready - interval 1s elapsed
[12:49:50] [READY] Task 4 (Collect Network) ready - interval 1s elapsed
[12:49:50] [DISPATCH] Executing 3 ready task(s) in priority order
[12:49:50] [DISPATCH] Task 1 (Collect CPU) P3 gets CPU
[12:49:50] [TASK] CPU Monitor starting
[12:49:51] [TASK] CPU Monitor completed (exec #398)
[12:49:51] [DISPATCH] Task 3 (Collect DISK) P2 gets CPU
[12:49:51] [TASK] Disk Monitor starting
[12:49:51] [TASK] Disk Monitor completed (exec #241)
[12:49:51] [DISPATCH] Task 4 (Collect Network) P0 gets CPU
[12:49:51] [TASK] Network Fetch starting
[12:49:51] [TASK] Network Fetch completed (exec #235)
[12:49:51] 
=== TICK 400 ===
[12:49:51] [READY] Task 1 (Collect CPU) ready - interval 1s elapsed
[12:49:51] [READY] Task 2 (Collect RAM) ready - interval 1s elapsed
[12:49:51] [READY] Task 5 (Analyzer) ready - interval 1s elapsed
[12:49:51] [DISPATCH] Executing 3 ready task(s) in priority order
[12:49:51] [DISPATCH] Task 1 (Collect CPU) P3 gets CPU
[12:49:51] [TASK] CPU Monitor starting
[12:49:52] [TASK] CPU Monitor completed (exec #399)
[12:49:52] [DISPATCH] Task 2 (Collect RAM) P3 gets CPU
[12:49:52] [TASK] RAM Monitor starting
[12:49:52] [TASK] RAM Monitor completed (exec #262)
[12:49:52] [DISPATCH] Task 5 (Analyzer) P3 gets CPU
[12:49:52] [TASK] Analyzer starting
[12:49:52] [ERROR] Analyzer failed with code 256 (may need 'make all' first)
[12:49:52] 
=== TICK 401 ===
[12:49:52] [READY] Task 1 (Collect CPU) ready - interval 1s elapsed
[12:49:52] [READY] Task 3 (Collect DISK) ready - interval 1s elapsed
[12:49:52] [READY] Task 4 (Collect Network) ready - interval 1s elapsed
[12:49:52] [DISPATCH] Executing 3 ready task(s) in priority order
[12:49:52] [DISPATCH] Task 1 (Collect CPU) P3 gets CPU
[12:49:52] [TASK] CPU Monitor starting
[12:49:53] [TASK] CPU Monitor completed (exec #400)
[12:49:53] [DISPATCH] Task 3 (Collect DISK) P2 gets CPU
[12:49:53] [TASK] Disk Monitor starting
[12:49:53] [TASK] Disk Monitor completed (exec #242)
[12:49:53] [DISPATCH] Task 4 (Collect Network) P0 gets CPU
[12:49:53] [TASK] Network Fetch starting
[12:49:53] [TASK] Network Fetch completed (exec #236)
[12:49:53] 
=== TICK 402 ===
[12:49:53] [READY] Task 1 (Collect CPU) ready - interval 1s elapsed
[12:49:53] [READY] Task 2 (Collect RAM) ready - interval 1s elapsed
[12:49:53] [READY] Task 5 (Analyzer) ready - interval 1s elapsed
[12:49:53] [READY] Task 6 (Report Generator) ready - interval 9s elapsed
[12:49:53] [DISPATCH] Executing 4 ready task(s) in priority order
[12:49:53] [DISPATCH] Task 1 (Collect CPU) P3 gets CPU
[12:49:53] [TASK] CPU Monitor starting
[12:49:54] [TASK] CPU Monitor completed (exec #401)
[12:49:54] [DISPATCH] Task 2 (Collect RAM) P3 gets CPU
[12:49:54] [TASK] RAM Monitor starting
[12:49:54] [TASK] RAM Monitor completed (exec #263)
[12:49:54] [DISPATCH] Task 5 (Analyzer) P3 gets CPU
[12:49:54] [TASK] Analyzer starting
[12:49:54] [ERROR] Analyzer failed with code 256 (may need 'make all' first)
[12:49:54] [DISPATCH] Task 6 (Report Generator) P3 gets CPU
[12:49:54] [TASK] Report Generator starting
[12:49:55] [TASK] Report Generator completed (exec #45)
[12:49:55] 
=== TICK 403 ===
[12:49:55] [READY] Task 1 (Collect CPU) ready - interval 1s elapsed
[12:49:55] [READY] Task 2 (Collect RAM) ready - interval 1s elapsed
[12:49:55] [READY] Task 3 (Collect DISK) ready - interval 1s elapsed
[12:49:55] [READY] Task 4 (Collect Network) ready - interval 1s elapsed
[12:49:55] [READY] Task 5 (Analyzer) ready - interval 1s elapsed
[12:49:55] [DISPATCH] Executing 5 ready task(s) in priority order
[12:49:55] [DISPATCH] Task 1 (Collect CPU) P3 gets CPU
[12:49:55] [TASK] CPU Monitor starting
[12:49:56] [TASK] CPU Monitor completed (exec #402)
[12:49:56] [DISPATCH] Task 2 (Collect RAM) P3 gets CPU
[12:49:56] [TASK] RAM Monitor starting
[12:49:56] [TASK] RAM Monitor completed (exec #264)
[12:49:56] [DISPATCH] Task 5 (Analyzer) P3 gets CPU
[12:49:56] [TASK] Analyzer starting
[12:49:56] [ERROR] Analyzer failed with code 256 (may need 'make all' first)
[12:49:56] [DISPATCH] Task 3 (Collect DISK) P2 gets CPU
[12:49:56] [TASK] Disk Monitor starting
[12:49:56] [TASK] Disk Monitor completed (exec #243)
[12:49:56] [DISPATCH] Task 4 (Collect Network) P0 gets CPU
[12:49:56] [TASK] Network Fetch starting
[12:49:56] [TASK] Network Fetch completed (exec #237)
[12:49:56] 
=== TICK 404 ===
[12:49:56] [READY] Task 1 (Collect CPU) ready - interval 1s elapsed
[12:49:56] [DISPATCH] Executing 1 ready task(s) in priority order
[12:49:56] [DISPATCH] Task 1 (Collect CPU) P3 gets CPU
[12:49:56] [TASK] CPU Monitor starting
[12:49:57] [TASK] CPU Monitor completed (exec #403)
[12:49:57] 
=== TICK 405 ===
[12:49:57] [READY] Task 1 (Collect CPU) ready - interval 1s elapsed
[12:49:57] [READY] Task 2 (Collect RAM) ready - interval 1s elapsed
[12:49:57] [READY] Task 3 (Collect DISK) ready - interval 1s elapsed
[12:49:57] [READY] Task 4 (Collect Network) ready - interval 1s elapsed
[12:49:57] [READY] Task 5 (Analyzer) ready - interval 1s elapsed
[12:49:57] [DISPATCH] Executing 5 ready task(s) in priority order
[12:49:57] [DISPATCH] Task 1 (Collect CPU) P3 gets CPU
[12:49:57] [TASK] CPU Monitor starting
[12:49:58] [TASK] CPU Monitor completed (exec #404)
[12:49:58] [DISPATCH] Task 2 (Collect RAM) P3 gets CPU
[12:49:58] [TASK] RAM Monitor starting
[12:49:58] [TASK] RAM Monitor completed (exec #265)
[12:49:58] [DISPATCH] Task 5 (Analyzer) P3 gets CPU
[12:49:58] [TASK] Analyzer starting
[12:49:58] [ERROR] Analyzer failed with code 256 (may need 'make all' first)
[12:49:58] [DISPATCH] Task 3 (Collect DISK) P2 gets CPU
[12:49:58] [TASK] Disk Monitor starting
[12:49:58] [TASK] Disk Monitor completed (exec #244)
[12:49:58] [DISPATCH] Task 4 (Collect Network) P0 gets CPU
[12:49:58] [TASK] Network Fetch starting
[12:49:58] [TASK] Network Fetch completed (exec #238)
[12:49:58] 
=== TICK 406 ===
[12:49:58] [READY] Task 1 (Collect CPU) ready - interval 1s elapsed
[12:49:58] [DISPATCH] Executing 1 ready task(s) in priority order
[12:49:58] [DISPATCH] Task 1 (Collect CPU) P3 gets CPU
[12:49:58] [TASK] CPU Monitor starting
[12:49:59] [TASK] CPU Monitor completed (exec #405)
[12:49:59] 
=== TICK 407 ===
[12:49:59] [READY] Task 1 (Collect CPU) ready - interval 1s elapsed
[12:49:59] [READY] Task 2 (Collect RAM) ready - interval 1s elapsed
[12:49:59] [READY] Task 3 (Collect DISK) ready - interval 1s elapsed
[12:49:59] [READY] Task 4 (Collect Network) ready - interval 1s elapsed
[12:49:59] [READY] Task 5 (Analyzer) ready - interval 1s elapsed
[12:49:59] [DISPATCH] Executing 5 ready task(s) in priority order
[12:49:59] [DISPATCH] Task 1 (Collect CPU) P3 gets CPU
[12:49:59] [TASK] CPU Monitor starting
[12:50:00] [TASK] CPU Monitor completed (exec #406)
[12:50:00] [DISPATCH] Task 2 (Collect RAM) P3 gets CPU
[12:50:00] [TASK] RAM Monitor starting
[12:50:00] [TASK] RAM Monitor completed (exec #266)
[12:50:00] [DISPATCH] Task 5 (Analyzer) P3 gets CPU
[12:50:00] [TASK] Analyzer starting
[12:50:00] [ERROR] Analyzer failed with code 256 (may need 'make all' first)
[12:50:00] [DISPATCH] Task 3 (Collect DISK) P2 gets CPU
[12:50:00] [TASK] Disk Monitor starting
[12:50:00] [TASK] Disk Monitor completed (exec #245)
[12:50:00] [DISPATCH] Task 4 (Collect Network) P0 gets CPU
[12:50:00] [TASK] Network Fetch starting
[12:50:00] [TASK] Network Fetch completed (exec #239)
[12:50:00] 
=== TICK 408 ===
[12:50:00] [READY] Task 1 (Collect CPU) ready - interval 1s elapsed
[12:50:00] [DISPATCH] Executing 1 ready task(s) in priority order
[12:50:00] [DISPATCH] Task 1 (Collect CPU) P3 gets CPU
[12:50:00] [TASK] CPU Monitor starting
[12:50:01] [TASK] CPU Monitor completed (exec #407)
[12:50:01] 
=== TICK 409 ===
[12:50:01] [READY] Task 1 (Collect CPU) ready - interval 1s elapsed
[12:50:01] [READY] Task 2 (Collect RAM) ready - interval 1s elapsed
[12:50:01] [READY] Task 3 (Collect DISK) ready - interval 1s elapsed
[12:50:01] [READY] Task 4 (Collect Network) ready - interval 1s elapsed
[12:50:01] [READY] Task 5 (Analyzer) ready - interval 1s elapsed
[12:50:01] [DISPATCH] Executing 5 ready task(s) in priority order
[12:50:01] [DISPATCH] Task 1 (Collect CPU) P3 gets CPU
[12:50:01] [TASK] CPU Monitor starting
[12:50:02] [TASK] CPU Monitor completed (exec #408)
[12:50:02] [DISPATCH] Task 2 (Collect RAM) P3 gets CPU
[12:50:02] [TASK] RAM Monitor starting
[12:50:02] [TASK] RAM Monitor completed (exec #267)
[12:50:02] [DISPATCH] Task 5 (Analyzer) P3 gets CPU
[12:50:02] [TASK] Analyzer starting
[12:50:02] [ERROR] Analyzer failed with code 256 (may need 'make all' first)
[12:50:02] [DISPATCH] Task 3 (Collect DISK) P2 gets CPU
[12:50:02] [TASK] Disk Monitor starting
[12:50:02] [TASK] Disk Monitor completed (exec #246)
[12:50:02] [DISPATCH] Task 4 (Collect Network) P0 gets CPU
[12:50:02] [TASK] Network Fetch starting
[12:50:02] [TASK] Network Fetch completed (exec #240)
[12:50:02] 
=== TICK 410 ===
[12:50:02] [READY] Task 1 (Collect CPU) ready - interval 1s elapsed
[12:50:02] [DISPATCH] Executing 1 ready task(s) in priority order
[12:50:02] [DISPATCH] Task 1 (Collect CPU) P3 gets CPU
[12:50:02] [TASK] CPU Monitor starting
[12:50:03] [TASK] CPU Monitor completed (exec #409)
[12:50:03] 
=== TICK 411 ===
[12:50:03] [READY] Task 1 (Collect CPU) ready - interval 1s elapsed
[12:50:03] [READY] Task 2 (Collect RAM) ready - interval 1s elapsed
[12:50:03] [READY] Task 3 (Collect DISK) ready - interval 1s elapsed
[12:50:03] [READY] Task 4 (Collect Network) ready - interval 1s elapsed
[12:50:03] [READY] Task 5 (Analyzer) ready - interval 1s elapsed
[12:50:03] [READY] Task 6 (Report Generator) ready - interval 9s elapsed
[12:50:03] [DISPATCH] Executing 6 ready task(s) in priority order
[12:50:03] [DISPATCH] Task 1 (Collect CPU) P3 gets CPU
[12:50:03] [TASK] CPU Monitor starting
[12:50:04] [TASK] CPU Monitor completed (exec #410)
[12:50:04] [DISPATCH] Task 2 (Collect RAM) P3 gets CPU
[12:50:04] [TASK] RAM Monitor starting
[12:50:04] [TASK] RAM Monitor completed (exec #268)
[12:50:04] [DISPATCH] Task 5 (Analyzer) P3 gets CPU
[12:50:04] [TASK] Analyzer starting
[12:50:04] [ERROR] Analyzer failed with code 256 (may need 'make all' first)
[12:50:04] [DISPATCH] Task 6 (Report Generator) P3 gets CPU
[12:50:04] [TASK] Report Generator starting
[12:50:04] [TASK] Report Generator completed (exec #46)
[12:50:04] [DISPATCH] Task 3 (Collect DISK) P2 gets CPU
[12:50:04] [TASK] Disk Monitor starting
[12:50:04] [TASK] Disk Monitor completed (exec #247)
[12:50:04] [DISPATCH] Task 4 (Collect Network) P0 gets CPU
[12:50:04] [TASK] Network Fetch starting
[12:50:04] [TASK] Network Fetch completed (exec #241)
[12:50:04] 
=== TICK 412 ===
[12:50:04] [READY] Task 1 (Collect CPU) ready - interval 1s elapsed
[12:50:04] [DISPATCH] Executing 1 ready task(s) in priority order
[12:50:04] [DISPATCH] Task 1 (Collect CPU) P3 gets CPU
[12:50:04] [TASK] CPU Monitor starting
[12:50:05] [TASK] CPU Monitor completed (exec #411)
[12:50:05] 
=== TICK 413 ===
[12:50:05] [READY] Task 1 (Collect CPU) ready - interval 1s elapsed
[12:50:05] [READY] Task 2 (Collect RAM) ready - interval 1s elapsed
[12:50:05] [READY] Task 3 (Collect DISK) ready - interval 1s elapsed
[12:50:05] [READY] Task 4 (Collect Network) ready - interval 1s elapsed
[12:50:05] [READY] Task 5 (Analyzer) ready - interval 1s elapsed
[12:50:05] [DISPATCH] Executing 5 ready task(s) in priority order
[12:50:05] [DISPATCH] Task 1 (Collect CPU) P3 gets CPU
[12:50:05] [TASK] CPU Monitor starting
[12:50:06] [TASK] CPU Monitor completed (exec #412)
[12:50:06] [DISPATCH] Task 2 (Collect RAM) P3 gets CPU
[12:50:06] [TASK] RAM Monitor starting
[12:50:06] [TASK] RAM Monitor completed (exec #269)
[12:50:06] [DISPATCH] Task 5 (Analyzer) P3 gets CPU
[12:50:06] [TASK] Analyzer starting
[12:50:06] [ERROR] Analyzer failed with code 256 (may need 'make all' first)
[12:50:06] [DISPATCH] Task 3 (Collect DISK) P2 gets CPU
[12:50:06] [TASK] Disk Monitor starting
[12:50:06] [TASK] Disk Monitor completed (exec #248)
[12:50:06] [DISPATCH] Task 4 (Collect Network) P0 gets CPU
[12:50:06] [TASK] Network Fetch starting
[12:50:06] [TASK] Network Fetch completed (exec #242)
[12:50:07] 
=== TICK 414 ===
[12:50:07] [READY] Task 1 (Collect CPU) ready - interval 1s elapsed
[12:50:07] [READY] Task 2 (Collect RAM) ready - interval 1s elapsed
[12:50:07] [READY] Task 3 (Collect DISK) ready - interval 1s elapsed
[12:50:07] [READY] Task 4 (Collect Network) ready - interval 1s elapsed
[12:50:07] [READY] Task 5 (Analyzer) ready - interval 1s elapsed
[12:50:07] [DISPATCH] Executing 5 ready task(s) in priority order
[12:50:07] [DISPATCH] Task 1 (Collect CPU) P3 gets CPU
[12:50:07] [TASK] CPU Monitor starting
[12:50:08] [TASK] CPU Monitor completed (exec #413)
[12:50:08] [DISPATCH] Task 2 (Collect RAM) P3 gets CPU
[12:50:08] [TASK] RAM Monitor starting
[12:50:08] [TASK] RAM Monitor completed (exec #270)
[12:50:08] [DISPATCH] Task 5 (Analyzer) P3 gets CPU
[12:50:08] [TASK] Analyzer starting
[12:50:08] [ERROR] Analyzer failed with code 256 (may need 'make all' first)
[12:50:08] [DISPATCH] Task 3 (Collect DISK) P2 gets CPU
[12:50:08] [TASK] Disk Monitor starting
[12:50:08] [TASK] Disk Monitor completed (exec #249)
[12:50:08] [DISPATCH] Task 4 (Collect Network) P0 gets CPU
[12:50:08] [TASK] Network Fetch starting
[12:50:08] [TASK] Network Fetch completed (exec #243)
[12:50:08] 
=== TICK 415 ===
[12:50:08] [READY] Task 1 (Collect CPU) ready - interval 1s elapsed
[12:50:08] [DISPATCH] Executing 1 ready task(s) in priority order
[12:50:08] [DISPATCH] Task 1 (Collect CPU) P3 gets CPU
[12:50:08] [TASK] CPU Monitor starting
[12:50:09] [TASK] CPU Monitor completed (exec #414)
[12:50:09] 
=== TICK 416 ===
[12:50:09] [READY] Task 1 (Collect CPU) ready - interval 1s elapsed
[12:50:09] [READY] Task 2 (Collect RAM) ready - interval 1s elapsed
[12:50:09] [READY] Task 3 (Collect DISK) ready - interval 1s elapsed
[12:50:09] [READY] Task 4 (Collect Network) ready - interval 1s elapsed
[12:50:09] [READY] Task 5 (Analyzer) ready - interval 1s elapsed
[12:50:09] [DISPATCH] Executing 5 ready task(s) in priority order
[12:50:09] [DISPATCH] Task 1 (Collect CPU) P3 gets CPU
[12:50:09] [TASK] CPU Monitor starting
[12:50:10] [TASK] CPU Monitor completed (exec #415)
[12:50:10] [DISPATCH] Task 2 (Collect RAM) P3 gets CPU
[12:50:10] [TASK] RAM Monitor starting
[12:50:10] [TASK] RAM Monitor completed (exec #271)
[12:50:10] [DISPATCH] Task 5 (Analyzer) P3 gets CPU
[12:50:10] [TASK] Analyzer starting
[12:50:10] [ERROR] Analyzer failed with code 256 (may need 'make all' first)
[12:50:10] [DISPATCH] Task 3 (Collect DISK) P2 gets CPU
[12:50:10] [TASK] Disk Monitor starting
[12:50:10] [TASK] Disk Monitor completed (exec #250)
[12:50:10] [DISPATCH] Task 4 (Collect Network) P0 gets CPU
[12:50:10] [TASK] Network Fetch starting
[12:50:10] [TASK] Network Fetch completed (exec #244)
[12:50:10] 
=== TICK 417 ===
[12:50:10] [READY] Task 1 (Collect CPU) ready - interval 1s elapsed
[12:50:10] [DISPATCH] Executing 1 ready task(s) in priority order
[12:50:10] [DISPATCH] Task 1 (Collect CPU) P3 gets CPU
[12:50:10] [TASK] CPU Monitor starting
[12:50:11] [TASK] CPU Monitor completed (exec #416)
[12:50:11] 
=== TICK 418 ===
[12:50:11] [READY] Task 1 (Collect CPU) ready - interval 1s elapsed
[12:50:11] [READY] Task 2 (Collect RAM) ready - interval 1s elapsed
[12:50:11] [READY] Task 3 (Collect DISK) ready - interval 1s elapsed
[12:50:11] [READY] Task 4 (Collect Network) ready - interval 1s elapsed
[12:50:11] [READY] Task 5 (Analyzer) ready - interval 1s elapsed
[12:50:11] [DISPATCH] Executing 5 ready task(s) in priority order
[12:50:11] [DISPATCH] Task 1 (Collect CPU) P3 gets CPU
[12:50:11] [TASK] CPU Monitor starting
[12:50:12] [TASK] CPU Monitor completed (exec #417)
[12:50:12] [DISPATCH] Task 2 (Collect RAM) P3 gets CPU
[12:50:12] [TASK] RAM Monitor starting
[12:50:12] [TASK] RAM Monitor completed (exec #272)
[12:50:12] [DISPATCH] Task 5 (Analyzer) P3 gets CPU
[12:50:12] [TASK] Analyzer starting
[12:50:12] [ERROR] Analyzer failed with code 256 (may need 'make all' first)
[12:50:12] [DISPATCH] Task 3 (Collect DISK) P2 gets CPU
[12:50:12] [TASK] Disk Monitor starting
[12:50:12] [TASK] Disk Monitor completed (exec #251)
[12:50:12] [DISPATCH] Task 4 (Collect Network) P0 gets CPU
[12:50:12] [TASK] Network Fetch starting
[12:50:12] [TASK] Network Fetch completed (exec #245)
[12:50:12] 
=== TICK 419 ===
[12:50:12] [READY] Task 1 (Collect CPU) ready - interval 1s elapsed
[12:50:12] [DISPATCH] Executing 1 ready task(s) in priority order
[12:50:12] [DISPATCH] Task 1 (Collect CPU) P3 gets CPU
[12:50:12] [TASK] CPU Monitor starting
[12:50:13] [TASK] CPU Monitor completed (exec #418)
[12:50:13] 
=== TICK 420 ===
[12:50:13] [READY] Task 1 (Collect CPU) ready - interval 1s elapsed
[12:50:13] [READY] Task 2 (Collect RAM) ready - interval 1s elapsed
[12:50:13] [READY] Task 3 (Collect DISK) ready - interval 1s elapsed
[12:50:13] [READY] Task 4 (Collect Network) ready - interval 1s elapsed
[12:50:13] [READY] Task 5 (Analyzer) ready - interval 1s elapsed
[12:50:13] [READY] Task 6 (Report Generator) ready - interval 9s elapsed
[12:50:13] [DISPATCH] Executing 6 ready task(s) in priority order
[12:50:13] [DISPATCH] Task 1 (Collect CPU) P3 gets CPU
[12:50:13] [TASK] CPU Monitor starting
[12:50:14] [TASK] CPU Monitor completed (exec #419)
[12:50:14] [DISPATCH] Task 2 (Collect RAM) P3 gets CPU
[12:50:14] [TASK] RAM Monitor starting
[12:50:14] [TASK] RAM Monitor completed (exec #273)
[12:50:14] [DISPATCH] Task 5 (Analyzer) P3 gets CPU
[12:50:14] [TASK] Analyzer starting
[12:50:14] [ERROR] Analyzer failed with code 256 (may need 'make all' first)
[12:50:14] [DISPATCH] Task 6 (Report Generator) P3 gets CPU
[12:50:14] [TASK] Report Generator starting
[12:50:15] [TASK] Report Generator completed (exec #47)
[12:50:15] [DISPATCH] Task 3 (Collect DISK) P2 gets CPU
[12:50:15] [TASK] Disk Monitor starting
[12:50:15] [TASK] Disk Monitor completed (exec #252)
[12:50:15] [DISPATCH] Task 4 (Collect Network) P0 gets CPU
[12:50:15] [TASK] Network Fetch starting
[12:50:15] [TASK] Network Fetch completed (exec #246)
[12:50:15] 
=== TICK 421 ===
[12:50:15] [READY] Task 1 (Collect CPU) ready - interval 1s elapsed
[12:50:15] [READY] Task 2 (Collect RAM) ready - interval 1s elapsed
[12:50:15] [READY] Task 5 (Analyzer) ready - interval 1s elapsed
[12:50:15] [DISPATCH] Executing 3 ready task(s) in priority order
[12:50:15] [DISPATCH] Task 1 (Collect CPU) P3 gets CPU
[12:50:15] [TASK] CPU Monitor starting
[12:50:16] [TASK] CPU Monitor completed (exec #420)
[12:50:16] [DISPATCH] Task 2 (Collect RAM) P3 gets CPU
[12:50:16] [TASK] RAM Monitor starting
[12:50:16] [TASK] RAM Monitor completed (exec #274)
[12:50:16] [DISPATCH] Task 5 (Analyzer) P3 gets CPU
[12:50:16] [TASK] Analyzer starting
[12:50:16] [ERROR] Analyzer failed with code 256 (may need 'make all' first)
[12:50:16] 
=== TICK 422 ===
[12:50:16] [READY] Task 1 (Collect CPU) ready - interval 1s elapsed
[12:50:16] [READY] Task 3 (Collect DISK) ready - interval 1s elapsed
[12:50:16] [READY] Task 4 (Collect Network) ready - interval 1s elapsed
[12:50:16] [DISPATCH] Executing 3 ready task(s) in priority order
[12:50:16] [DISPATCH] Task 1 (Collect CPU) P3 gets CPU
[12:50:16] [TASK] CPU Monitor starting
[12:50:17] [TASK] CPU Monitor completed (exec #421)
[12:50:17] [DISPATCH] Task 3 (Collect DISK) P2 gets CPU
[12:50:17] [TASK] Disk Monitor starting
[12:50:17] [TASK] Disk Monitor completed (exec #253)
[12:50:17] [DISPATCH] Task 4 (Collect Network) P0 gets CPU
[12:50:17] [TASK] Network Fetch starting
[12:50:17] [TASK] Network Fetch completed (exec #247)
[12:50:17] 
=== TICK 423 ===
[12:50:17] [READY] Task 1 (Collect CPU) ready - interval 1s elapsed
[12:50:17] [READY] Task 2 (Collect RAM) ready - interval 1s elapsed
[12:50:17] [READY] Task 5 (Analyzer) ready - interval 1s elapsed
[12:50:17] [DISPATCH] Executing 3 ready task(s) in priority order
[12:50:17] [DISPATCH] Task 1 (Collect CPU) P3 gets CPU
[12:50:17] [TASK] CPU Monitor starting
[12:50:18] [TASK] CPU Monitor completed (exec #422)
[12:50:18] [DISPATCH] Task 2 (Collect RAM) P3 gets CPU
[12:50:18] [TASK] RAM Monitor starting
[12:50:18] [TASK] RAM Monitor completed (exec #275)
[12:50:18] [DISPATCH] Task 5 (Analyzer) P3 gets CPU
[12:50:18] [TASK] Analyzer starting
[12:50:18] [ERROR] Analyzer failed with code 256 (may need 'make all' first)
[12:50:18] 
=== TICK 424 ===
[12:50:18] [READY] Task 1 (Collect CPU) ready - interval 1s elapsed
[12:50:18] [READY] Task 3 (Collect DISK) ready - interval 1s elapsed
[12:50:18] [READY] Task 4 (Collect Network) ready - interval 1s elapsed
[12:50:18] [DISPATCH] Executing 3 ready task(s) in priority order
[12:50:18] [DISPATCH] Task 1 (Collect CPU) P3 gets CPU
[12:50:18] [TASK] CPU Monitor starting
[12:50:19] [TASK] CPU Monitor completed (exec #423)
[12:50:19] [DISPATCH] Task 3 (Collect DISK) P2 gets CPU
[12:50:19] [TASK] Disk Monitor starting
[12:50:19] [TASK] Disk Monitor completed (exec #254)
[12:50:19] [DISPATCH] Task 4 (Collect Network) P0 gets CPU
[12:50:19] [TASK] Network Fetch starting
[12:50:19] [TASK] Network Fetch completed (exec #248)
[12:50:19] 
=== TICK 425 ===
[12:50:19] [READY] Task 1 (Collect CPU) ready - interval 1s elapsed
[12:50:19] [READY] Task 2 (Collect RAM) ready - interval 1s elapsed
[12:50:19] [READY] Task 5 (Analyzer) ready - interval 1s elapsed
[12:50:19] [DISPATCH] Executing 3 ready task(s) in priority order
[12:50:19] [DISPATCH] Task 1 (Collect CPU) P3 gets CPU
[12:50:19] [TASK] CPU Monitor starting
[12:50:20] [TASK] CPU Monitor completed (exec #424)
[12:50:20] [DISPATCH] Task 2 (Collect RAM) P3 gets CPU
[12:50:20] [TASK] RAM Monitor starting
[12:50:20] [TASK] RAM Monitor completed (exec #276)
[12:50:20] [DISPATCH] Task 5 (Analyzer) P3 gets CPU
[12:50:20] [TASK] Analyzer starting
[12:50:20] [ERROR] Analyzer failed with code 256 (may need 'make all' first)
[12:50:20] 
=== TICK 426 ===
[12:50:20] [READY] Task 1 (Collect CPU) ready - interval 1s elapsed
[12:50:20] [READY] Task 3 (Collect DISK) ready - interval 1s elapsed
[12:50:20] [READY] Task 4 (Collect Network) ready - interval 1s elapsed
[12:50:20] [DISPATCH] Executing 3 ready task(s) in priority order
[12:50:20] [DISPATCH] Task 1 (Collect CPU) P3 gets CPU
[12:50:20] [TASK] CPU Monitor starting
[12:50:21] [TASK] CPU Monitor completed (exec #425)
[12:50:21] [DISPATCH] Task 3 (Collect DISK) P2 gets CPU
[12:50:21] [TASK] Disk Monitor starting
[12:50:21] [TASK] Disk Monitor completed (exec #255)
[12:50:21] [DISPATCH] Task 4 (Collect Network) P0 gets CPU
[12:50:21] [TASK] Network Fetch starting
[12:50:21] [TASK] Network Fetch completed (exec #249)
[12:50:21] 
=== TICK 427 ===
[12:50:21] [READY] Task 1 (Collect CPU) ready - interval 1s elapsed
[12:50:21] [READY] Task 2 (Collect RAM) ready - interval 1s elapsed
[12:50:21] [READY] Task 5 (Analyzer) ready - interval 1s elapsed
[12:50:21] [DISPATCH] Executing 3 ready task(s) in priority order
[12:50:21] [DISPATCH] Task 1 (Collect CPU) P3 gets CPU
[12:50:21] [TASK] CPU Monitor starting
[12:50:22] [TASK] CPU Monitor completed (exec #426)
[12:50:22] [DISPATCH] Task 2 (Collect RAM) P3 gets CPU
[12:50:22] [TASK] RAM Monitor starting
[12:50:22] [TASK] RAM Monitor completed (exec #277)
[12:50:22] [DISPATCH] Task 5 (Analyzer) P3 gets CPU
[12:50:22] [TASK] Analyzer starting
[12:50:22] [ERROR] Analyzer failed with code 256 (may need 'make all' first)
[12:50:22] 
=== TICK 428 ===
[12:50:22] [READY] Task 1 (Collect CPU) ready - interval 1s elapsed
[12:50:22] [READY] Task 3 (Collect DISK) ready - interval 1s elapsed
[12:50:22] [READY] Task 4 (Collect Network) ready - interval 1s elapsed
[12:50:22] [DISPATCH] Executing 3 ready task(s) in priority order
[12:50:22] [DISPATCH] Task 1 (Collect CPU) P3 gets CPU
[12:50:22] [TASK] CPU Monitor starting
[12:50:23] [TASK] CPU Monitor completed (exec #427)
[12:50:23] [DISPATCH] Task 3 (Collect DISK) P2 gets CPU
[12:50:23] [TASK] Disk Monitor starting
[12:50:23] [TASK] Disk Monitor completed (exec #256)
[12:50:23] [DISPATCH] Task 4 (Collect Network) P0 gets CPU
[12:50:23] [TASK] Network Fetch starting
[12:50:23] [TASK] Network Fetch completed (exec #250)
[12:50:23] 
=== TICK 429 ===
[12:50:23] [READY] Task 1 (Collect CPU) ready - interval 1s elapsed
[12:50:23] [READY] Task 2 (Collect RAM) ready - interval 1s elapsed
[12:50:23] [READY] Task 5 (Analyzer) ready - interval 1s elapsed
[12:50:23] [READY] Task 6 (Report Generator) ready - interval 9s elapsed
[12:50:23] [DISPATCH] Executing 4 ready task(s) in priority order
[12:50:23] [DISPATCH] Task 1 (Collect CPU) P3 gets CPU
[12:50:23] [TASK] CPU Monitor starting
[12:50:24] [TASK] CPU Monitor completed (exec #428)
[12:50:24] [DISPATCH] Task 2 (Collect RAM) P3 gets CPU
[12:50:24] [TASK] RAM Monitor starting
[12:50:24] [TASK] RAM Monitor completed (exec #278)
[12:50:24] [DISPATCH] Task 5 (Analyzer) P3 gets CPU
[12:50:24] [TASK] Analyzer starting
[12:50:24] [ERROR] Analyzer failed with code 256 (may need 'make all' first)
[12:50:24] [DISPATCH] Task 6 (Report Generator) P3 gets CPU
[12:50:24] [TASK] Report Generator starting
[12:50:25] [TASK] Report Generator completed (exec #48)
[12:50:25] 
=== TICK 430 ===
[12:50:25] [READY] Task 1 (Collect CPU) ready - interval 1s elapsed
[12:50:25] [READY] Task 2 (Collect RAM) ready - interval 1s elapsed
[12:50:25] [READY] Task 3 (Collect DISK) ready - interval 1s elapsed
[12:50:25] [READY] Task 4 (Collect Network) ready - interval 1s elapsed
[12:50:25] [READY] Task 5 (Analyzer) ready - interval 1s elapsed
[12:50:25] [DISPATCH] Executing 5 ready task(s) in priority order
[12:50:25] [DISPATCH] Task 1 (Collect CPU) P3 gets CPU
[12:50:25] [TASK] CPU Monitor starting
[12:50:25] [TASK] CPU Monitor completed (exec #429)
[12:50:25] [DISPATCH] Task 2 (Collect RAM) P3 gets CPU
[12:50:25] [TASK] RAM Monitor starting
[12:50:25] [TASK] RAM Monitor completed (exec #279)
[12:50:25] [DISPATCH] Task 5 (Analyzer) P3 gets CPU
[12:50:25] [TASK] Analyzer starting
[12:50:25] [ERROR] Analyzer failed with code 256 (may need 'make all' first)
[12:50:25] [DISPATCH] Task 3 (Collect DISK) P2 gets CPU
[12:50:25] [TASK] Disk Monitor starting
[12:50:25] [TASK] Disk Monitor completed (exec #257)
[12:50:25] [DISPATCH] Task 4 (Collect Network) P0 gets CPU
[12:50:25] [TASK] Network Fetch starting
[12:50:25] [TASK] Network Fetch completed (exec #251)
[12:50:26] 
=== TICK 431 ===
[12:50:26] [READY] Task 1 (Collect CPU) ready - interval 1s elapsed
[12:50:26] [READY] Task 2 (Collect RAM) ready - interval 1s elapsed
[12:50:26] [READY] Task 3 (Collect DISK) ready - interval 1s elapsed
[12:50:26] [READY] Task 4 (Collect Network) ready - interval 1s elapsed
[12:50:26] [READY] Task 5 (Analyzer) ready - interval 1s elapsed
[12:50:26] [DISPATCH] Executing 5 ready task(s) in priority order
[12:50:26] [DISPATCH] Task 1 (Collect CPU) P3 gets CPU
[12:50:26] [TASK] CPU Monitor starting
[12:50:26] [TASK] CPU Monitor completed (exec #430)
[12:50:26] [DISPATCH] Task 2 (Collect RAM) P3 gets CPU
[12:50:26] [TASK] RAM Monitor starting
[12:50:26] [TASK] RAM Monitor completed (exec #280)
[12:50:26] [DISPATCH] Task 5 (Analyzer) P3 gets CPU
[12:50:26] [TASK] Analyzer starting
[12:50:26] [ERROR] Analyzer failed with code 256 (may need 'make all' first)
[12:50:26] [DISPATCH] Task 3 (Collect DISK) P2 gets CPU
[12:50:26] [TASK] Disk Monitor starting
[12:50:26] [TASK] Disk Monitor completed (exec #258)
[12:50:26] [DISPATCH] Task 4 (Collect Network) P0 gets CPU
[12:50:26] [TASK] Network Fetch starting
[12:50:26] [TASK] Network Fetch completed (exec #252)
[12:50:27] 
=== TICK 432 ===
[12:50:27] [READY] Task 1 (Collect CPU) ready - interval 1s elapsed
[12:50:27] [READY] Task 2 (Collect RAM) ready - interval 1s elapsed
[12:50:27] [READY] Task 3 (Collect DISK) ready - interval 1s elapsed
[12:50:27] [READY] Task 4 (Collect Network) ready - interval 1s elapsed
[12:50:27] [READY] Task 5 (Analyzer) ready - interval 1s elapsed
[12:50:27] [DISPATCH] Executing 5 ready task(s) in priority order
[12:50:27] [DISPATCH] Task 1 (Collect CPU) P3 gets CPU
[12:50:27] [TASK] CPU Monitor starting
[12:50:27] [TASK] CPU Monitor completed (exec #431)
[12:50:27] [DISPATCH] Task 2 (Collect RAM) P3 gets CPU
[12:50:27] [TASK] RAM Monitor starting
[12:50:27] [TASK] RAM Monitor completed (exec #281)
[12:50:27] [DISPATCH] Task 5 (Analyzer) P3 gets CPU
[12:50:27] [TASK] Analyzer starting
[12:50:27] [ERROR] Analyzer failed with code 256 (may need 'make all' first)
[12:50:27] [DISPATCH] Task 3 (Collect DISK) P2 gets CPU
[12:50:27] [TASK] Disk Monitor starting
[12:50:27] [TASK] Disk Monitor completed (exec #259)
[12:50:27] [DISPATCH] Task 4 (Collect Network) P0 gets CPU
[12:50:27] [TASK] Network Fetch starting
[12:50:27] [TASK] Network Fetch completed (exec #253)
[12:50:28] 
=== TICK 433 ===
[12:50:28] [READY] Task 1 (Collect CPU) ready - interval 1s elapsed
[12:50:28] [READY] Task 2 (Collect RAM) ready - interval 1s elapsed
[12:50:28] [READY] Task 3 (Collect DISK) ready - interval 1s elapsed
[12:50:28] [READY] Task 4 (Collect Network) ready - interval 1s elapsed
[12:50:28] [READY] Task 5 (Analyzer) ready - interval 1s elapsed
[12:50:28] [DISPATCH] Executing 5 ready task(s) in priority order
[12:50:28] [DISPATCH] Task 1 (Collect CPU) P3 gets CPU
[12:50:28] [TASK] CPU Monitor starting
[12:50:28] [TASK] CPU Monitor completed (exec #432)
[12:50:28] [DISPATCH] Task 2 (Collect RAM) P3 gets CPU
[12:50:28] [TASK] RAM Monitor starting
[12:50:28] [TASK] RAM Monitor completed (exec #282)
[12:50:28] [DISPATCH] Task 5 (Analyzer) P3 gets CPU
[12:50:28] [TASK] Analyzer starting
[12:50:28] [ERROR] Analyzer failed with code 256 (may need 'make all' first)
[12:50:28] [DISPATCH] Task 3 (Collect DISK) P2 gets CPU
[12:50:28] [TASK] Disk Monitor starting
[12:50:28] [TASK] Disk Monitor completed (exec #260)
[12:50:28] [DISPATCH] Task 4 (Collect Network) P0 gets CPU
[12:50:28] [TASK] Network Fetch starting
[12:50:28] [TASK] Network Fetch completed (exec #254)
[12:50:29] 
=== TICK 434 ===
[12:50:29] [READY] Task 1 (Collect CPU) ready - interval 1s elapsed
[12:50:29] [READY] Task 2 (Collect RAM) ready - interval 1s elapsed
[12:50:29] [READY] Task 3 (Collect DISK) ready - interval 1s elapsed
[12:50:29] [READY] Task 4 (Collect Network) ready - interval 1s elapsed
[12:50:29] [READY] Task 5 (Analyzer) ready - interval 1s elapsed
[12:50:29] [DISPATCH] Executing 5 ready task(s) in priority order
[12:50:29] [DISPATCH] Task 1 (Collect CPU) P3 gets CPU
[12:50:29] [TASK] CPU Monitor starting
[12:50:29] [TASK] CPU Monitor completed (exec #433)
[12:50:29] [DISPATCH] Task 2 (Collect RAM) P3 gets CPU
[12:50:29] [TASK] RAM Monitor starting
[12:50:29] [TASK] RAM Monitor completed (exec #283)
[12:50:29] [DISPATCH] Task 5 (Analyzer) P3 gets CPU
[12:50:29] [TASK] Analyzer starting
[12:50:29] [ERROR] Analyzer failed with code 256 (may need 'make all' first)
[12:50:29] [DISPATCH] Task 3 (Collect DISK) P2 gets CPU
[12:50:29] [TASK] Disk Monitor starting
[12:50:29] [TASK] Disk Monitor completed (exec #261)
[12:50:29] [DISPATCH] Task 4 (Collect Network) P0 gets CPU
[12:50:29] [TASK] Network Fetch starting
[12:50:29] [TASK] Network Fetch completed (exec #255)
[12:50:30] 
=== TICK 435 ===
[12:50:30] [READY] Task 1 (Collect CPU) ready - interval 1s elapsed
[12:50:30] [READY] Task 2 (Collect RAM) ready - interval 1s elapsed
[12:50:30] [READY] Task 3 (Collect DISK) ready - interval 1s elapsed
[12:50:30] [READY] Task 4 (Collect Network) ready - interval 1s elapsed
[12:50:30] [READY] Task 5 (Analyzer) ready - interval 1s elapsed
[12:50:30] [DISPATCH] Executing 5 ready task(s) in priority order
[12:50:30] [DISPATCH] Task 1 (Collect CPU) P3 gets CPU
[12:50:30] [TASK] CPU Monitor starting
[12:50:30] [TASK] CPU Monitor completed (exec #434)
[12:50:30] [DISPATCH] Task 2 (Collect RAM) P3 gets CPU
[12:50:30] [TASK] RAM Monitor starting
[12:50:30] [TASK] RAM Monitor completed (exec #284)
[12:50:30] [DISPATCH] Task 5 (Analyzer) P3 gets CPU
[12:50:30] [TASK] Analyzer starting
[12:50:30] [ERROR] Analyzer failed with code 256 (may need 'make all' first)
[12:50:30] [DISPATCH] Task 3 (Collect DISK) P2 gets CPU
[12:50:30] [TASK] Disk Monitor starting
[12:50:30] [TASK] Disk Monitor completed (exec #262)
[12:50:30] [DISPATCH] Task 4 (Collect Network) P0 gets CPU
[12:50:30] [TASK] Network Fetch starting
[12:50:30] [TASK] Network Fetch completed (exec #256)
[12:50:31] 
=== TICK 436 ===
[12:50:31] [READY] Task 1 (Collect CPU) ready - interval 1s elapsed
[12:50:31] [READY] Task 2 (Collect RAM) ready - interval 1s elapsed
[12:50:31] [READY] Task 3 (Collect DISK) ready - interval 1s elapsed
[12:50:31] [READY] Task 4 (Collect Network) ready - interval 1s elapsed
[12:50:31] [READY] Task 5 (Analyzer) ready - interval 1s elapsed
[12:50:31] [DISPATCH] Executing 5 ready task(s) in priority order
[12:50:31] [DISPATCH] Task 1 (Collect CPU) P3 gets CPU
[12:50:31] [TASK] CPU Monitor starting
[12:50:31] [TASK] CPU Monitor completed (exec #435)
[12:50:31] [DISPATCH] Task 2 (Collect RAM) P3 gets CPU
[12:50:31] [TASK] RAM Monitor starting
[12:50:31] [TASK] RAM Monitor completed (exec #285)
[12:50:31] [DISPATCH] Task 5 (Analyzer) P3 gets CPU
[12:50:31] [TASK] Analyzer starting
[12:50:31] [ERROR] Analyzer failed with code 256 (may need 'make all' first)
[12:50:31] [DISPATCH] Task 3 (Collect DISK) P2 gets CPU
[12:50:31] [TASK] Disk Monitor starting
[12:50:31] [TASK] Disk Monitor completed (exec #263)
[12:50:31] [DISPATCH] Task 4 (Collect Network) P0 gets CPU
[12:50:31] [TASK] Network Fetch starting
[12:50:31] [TASK] Network Fetch completed (exec #257)
[12:50:32] 
=== TICK 437 ===
[12:50:32] [READY] Task 1 (Collect CPU) ready - interval 1s elapsed
[12:50:32] [READY] Task 2 (Collect RAM) ready - interval 1s elapsed
[12:50:32] [READY] Task 3 (Collect DISK) ready - interval 1s elapsed
[12:50:32] [READY] Task 4 (Collect Network) ready - interval 1s elapsed
[12:50:32] [READY] Task 5 (Analyzer) ready - interval 1s elapsed
[12:50:32] [DISPATCH] Executing 5 ready task(s) in priority order
[12:50:32] [DISPATCH] Task 1 (Collect CPU) P3 gets CPU
[12:50:32] [TASK] CPU Monitor starting
[12:50:32] [TASK] CPU Monitor completed (exec #436)
[12:50:32] [DISPATCH] Task 2 (Collect RAM) P3 gets CPU
[12:50:32] [TASK] RAM Monitor starting
[12:50:32] [TASK] RAM Monitor completed (exec #286)
[12:50:32] [DISPATCH] Task 5 (Analyzer) P3 gets CPU
[12:50:32] [TASK] Analyzer starting
[12:50:32] [ERROR] Analyzer failed with code 256 (may need 'make all' first)
[12:50:32] [DISPATCH] Task 3 (Collect DISK) P2 gets CPU
[12:50:32] [TASK] Disk Monitor starting
[12:50:32] [TASK] Disk Monitor completed (exec #264)
[12:50:32] [DISPATCH] Task 4 (Collect Network) P0 gets CPU
[12:50:32] [TASK] Network Fetch starting
[12:50:32] [TASK] Network Fetch completed (exec #258)
[12:50:33] 
=== TICK 438 ===
[12:50:33] [READY] Task 1 (Collect CPU) ready - interval 1s elapsed
[12:50:33] [READY] Task 2 (Collect RAM) ready - interval 1s elapsed
[12:50:33] [READY] Task 3 (Collect DISK) ready - interval 1s elapsed
[12:50:33] [READY] Task 4 (Collect Network) ready - interval 1s elapsed
[12:50:33] [READY] Task 5 (Analyzer) ready - interval 1s elapsed
[12:50:33] [READY] Task 6 (Report Generator) ready - interval 9s elapsed
[12:50:33] [DISPATCH] Executing 6 ready task(s) in priority order
[12:50:33] [DISPATCH] Task 1 (Collect CPU) P3 gets CPU
[12:50:33] [TASK] CPU Monitor starting
[12:50:33] [TASK] CPU Monitor completed (exec #437)
[12:50:33] [DISPATCH] Task 2 (Collect RAM) P3 gets CPU
[12:50:33] [TASK] RAM Monitor starting
[12:50:33] [TASK] RAM Monitor completed (exec #287)
[12:50:33] [DISPATCH] Task 5 (Analyzer) P3 gets CPU
[12:50:33] [TASK] Analyzer starting
[12:50:33] [ERROR] Analyzer failed with code 256 (may need 'make all' first)
[12:50:33] [DISPATCH] Task 6 (Report Generator) P3 gets CPU
[12:50:33] [TASK] Report Generator starting
[12:50:34] [TASK] Report Generator completed (exec #49)
[12:50:34] [DISPATCH] Task 3 (Collect DISK) P2 gets CPU
[12:50:34] [TASK] Disk Monitor starting
[12:50:34] [TASK] Disk Monitor completed (exec #265)
[12:50:34] [DISPATCH] Task 4 (Collect Network) P0 gets CPU
[12:50:34] [TASK] Network Fetch starting
[12:50:34] [TASK] Network Fetch completed (exec #259)
[12:50:34] 
=== TICK 439 ===
[12:50:34] [READY] Task 1 (Collect CPU) ready - interval 1s elapsed
[12:50:34] [READY] Task 2 (Collect RAM) ready - interval 1s elapsed
[12:50:34] [READY] Task 5 (Analyzer) ready - interval 1s elapsed
[12:50:34] [DISPATCH] Executing 3 ready task(s) in priority order
[12:50:34] [DISPATCH] Task 1 (Collect CPU) P3 gets CPU
[12:50:34] [TASK] CPU Monitor starting
[12:50:35] [TASK] CPU Monitor completed (exec #438)
[12:50:35] [DISPATCH] Task 2 (Collect RAM) P3 gets CPU
[12:50:35] [TASK] RAM Monitor starting
[12:50:35] [TASK] RAM Monitor completed (exec #288)
[12:50:35] [DISPATCH] Task 5 (Analyzer) P3 gets CPU
[12:50:35] [TASK] Analyzer starting
[12:50:35] [ERROR] Analyzer failed with code 256 (may need 'make all' first)
[12:50:35] 
=== TICK 440 ===
[12:50:35] [READY] Task 1 (Collect CPU) ready - interval 1s elapsed
[12:50:35] [READY] Task 3 (Collect DISK) ready - interval 1s elapsed
[12:50:35] [READY] Task 4 (Collect Network) ready - interval 1s elapsed
[12:50:35] [DISPATCH] Executing 3 ready task(s) in priority order
[12:50:35] [DISPATCH] Task 1 (Collect CPU) P3 gets CPU
[12:50:35] [TASK] CPU Monitor starting
[12:50:36] [TASK] CPU Monitor completed (exec #439)
[12:50:36] [DISPATCH] Task 3 (Collect DISK) P2 gets CPU
[12:50:36] [TASK] Disk Monitor starting
[12:50:36] [TASK] Disk Monitor completed (exec #266)
[12:50:36] [DISPATCH] Task 4 (Collect Network) P0 gets CPU
[12:50:36] [TASK] Network Fetch starting
[12:50:36] [TASK] Network Fetch completed (exec #260)
[12:50:36] 
=== TICK 441 ===
[12:50:36] [READY] Task 1 (Collect CPU) ready - interval 1s elapsed
[12:50:36] [READY] Task 2 (Collect RAM) ready - interval 1s elapsed
[12:50:36] [READY] Task 5 (Analyzer) ready - interval 1s elapsed
[12:50:36] [DISPATCH] Executing 3 ready task(s) in priority order
[12:50:36] [DISPATCH] Task 1 (Collect CPU) P3 gets CPU
[12:50:36] [TASK] CPU Monitor starting
[12:50:37] [TASK] CPU Monitor completed (exec #440)
[12:50:37] [DISPATCH] Task 2 (Collect RAM) P3 gets CPU
[12:50:37] [TASK] RAM Monitor starting
[12:50:37] [TASK] RAM Monitor completed (exec #289)
[12:50:37] [DISPATCH] Task 5 (Analyzer) P3 gets CPU
[12:50:37] [TASK] Analyzer starting
[12:50:37] [ERROR] Analyzer failed with code 256 (may need 'make all' first)
[12:50:37] 
=== TICK 442 ===
[12:50:37] [READY] Task 1 (Collect CPU) ready - interval 1s elapsed
[12:50:37] [READY] Task 3 (Collect DISK) ready - interval 1s elapsed
[12:50:37] [READY] Task 4 (Collect Network) ready - interval 1s elapsed
[12:50:37] [DISPATCH] Executing 3 ready task(s) in priority order
[12:50:37] [DISPATCH] Task 1 (Collect CPU) P3 gets CPU
[12:50:37] [TASK] CPU Monitor starting
[12:50:38] [TASK] CPU Monitor completed (exec #441)
[12:50:38] [DISPATCH] Task 3 (Collect DISK) P2 gets CPU
[12:50:38] [TASK] Disk Monitor starting
[12:50:38] [TASK] Disk Monitor completed (exec #267)
[12:50:38] [DISPATCH] Task 4 (Collect Network) P0 gets CPU
[12:50:38] [TASK] Network Fetch starting
[12:50:38] [TASK] Network Fetch completed (exec #261)
[12:50:38] 
=== TICK 443 ===
[12:50:38] [READY] Task 1 (Collect CPU) ready - interval 1s elapsed
[12:50:38] [READY] Task 2 (Collect RAM) ready - interval 1s elapsed
[12:50:38] [READY] Task 5 (Analyzer) ready - interval 1s elapsed
[12:50:38] [DISPATCH] Executing 3 ready task(s) in priority order
[12:50:38] [DISPATCH] Task 1 (Collect CPU) P3 gets CPU
[12:50:38] [TASK] CPU Monitor starting
[12:50:39] [TASK] CPU Monitor completed (exec #442)
[12:50:39] [DISPATCH] Task 2 (Collect RAM) P3 gets CPU
[12:50:39] [TASK] RAM Monitor starting
[12:50:39] [TASK] RAM Monitor completed (exec #290)
[12:50:39] [DISPATCH] Task 5 (Analyzer) P3 gets CPU
[12:50:39] [TASK] Analyzer starting
[12:50:39] [ERROR] Analyzer failed with code 256 (may need 'make all' first)
[12:50:39] 
=== TICK 444 ===
[12:50:39] [READY] Task 1 (Collect CPU) ready - interval 1s elapsed
[12:50:39] [READY] Task 3 (Collect DISK) ready - interval 1s elapsed
[12:50:39] [READY] Task 4 (Collect Network) ready - interval 1s elapsed
[12:50:39] [DISPATCH] Executing 3 ready task(s) in priority order
[12:50:39] [DISPATCH] Task 1 (Collect CPU) P3 gets CPU
[12:50:39] [TASK] CPU Monitor starting
[12:50:41] [TASK] CPU Monitor completed (exec #443)
[12:50:41] [DISPATCH] Task 3 (Collect DISK) P2 gets CPU
[12:50:41] [TASK] Disk Monitor starting
[12:50:41] [TASK] Disk Monitor completed (exec #268)
[12:50:41] [DISPATCH] Task 4 (Collect Network) P0 gets CPU
[12:50:41] [TASK] Network Fetch starting
[12:50:41] [TASK] Network Fetch completed (exec #262)
[12:50:41] 
=== TICK 445 ===
[12:50:41] [READY] Task 1 (Collect CPU) ready - interval 1s elapsed
[12:50:41] [READY] Task 2 (Collect RAM) ready - interval 1s elapsed
[12:50:41] [READY] Task 5 (Analyzer) ready - interval 1s elapsed
[12:50:41] [DISPATCH] Executing 3 ready task(s) in priority order
[12:50:41] [DISPATCH] Task 1 (Collect CPU) P3 gets CPU
[12:50:41] [TASK] CPU Monitor starting
[12:50:42] [TASK] CPU Monitor completed (exec #444)
[12:50:42] [DISPATCH] Task 2 (Collect RAM) P3 gets CPU
[12:50:42] [TASK] RAM Monitor starting
[12:50:42] [TASK] RAM Monitor completed (exec #291)
[12:50:42] [DISPATCH] Task 5 (Analyzer) P3 gets CPU
[12:50:42] [TASK] Analyzer starting
[12:50:42] [ERROR] Analyzer failed with code 256 (may need 'make all' first)
[12:50:42] 
=== TICK 446 ===
[12:50:42] [READY] Task 1 (Collect CPU) ready - interval 1s elapsed
[12:50:42] [READY] Task 3 (Collect DISK) ready - interval 1s elapsed
[12:50:42] [READY] Task 4 (Collect Network) ready - interval 1s elapsed
[12:50:42] [READY] Task 6 (Report Generator) ready - interval 9s elapsed
[12:50:42] [DISPATCH] Executing 4 ready task(s) in priority order
[12:50:42] [DISPATCH] Task 1 (Collect CPU) P3 gets CPU
[12:50:42] [TASK] CPU Monitor starting
[12:50:43] [TASK] CPU Monitor completed (exec #445)
[12:50:43] [DISPATCH] Task 6 (Report Generator) P3 gets CPU
[12:50:43] [TASK] Report Generator starting
[12:50:44] [TASK] Report Generator completed (exec #50)
[12:50:44] [DISPATCH] Task 3 (Collect DISK) P2 gets CPU
[12:50:44] [TASK] Disk Monitor starting
[12:50:44] [TASK] Disk Monitor completed (exec #269)
[12:50:44] [DISPATCH] Task 4 (Collect Network) P0 gets CPU
[12:50:44] [TASK] Network Fetch starting
[12:50:44] [TASK] Network Fetch completed (exec #263)
[12:50:44] 
=== TICK 447 ===
[12:50:44] [READY] Task 1 (Collect CPU) ready - interval 1s elapsed
[12:50:44] [READY] Task 2 (Collect RAM) ready - interval 1s elapsed
[12:50:44] [READY] Task 5 (Analyzer) ready - interval 1s elapsed
[12:50:44] [DISPATCH] Executing 3 ready task(s) in priority order
[12:50:44] [DISPATCH] Task 1 (Collect CPU) P3 gets CPU
[12:50:44] [TASK] CPU Monitor starting
[12:50:44] [TASK] CPU Monitor completed (exec #446)
[12:50:44] [DISPATCH] Task 2 (Collect RAM) P3 gets CPU
[12:50:44] [TASK] RAM Monitor starting
[12:50:44] [TASK] RAM Monitor completed (exec #292)
[12:50:44] [DISPATCH] Task 5 (Analyzer) P3 gets CPU
[12:50:44] [TASK] Analyzer starting
[12:50:44] [ERROR] Analyzer failed with code 256 (may need 'make all' first)
[12:50:45] 
=== TICK 448 ===
[12:50:45] [READY] Task 1 (Collect CPU) ready - interval 1s elapsed
[12:50:45] [READY] Task 2 (Collect RAM) ready - interval 1s elapsed
[12:50:45] [READY] Task 3 (Collect DISK) ready - interval 1s elapsed
[12:50:45] [READY] Task 4 (Collect Network) ready - interval 1s elapsed
[12:50:45] [READY] Task 5 (Analyzer) ready - interval 1s elapsed
[12:50:45] [DISPATCH] Executing 5 ready task(s) in priority order
[12:50:45] [DISPATCH] Task 1 (Collect CPU) P3 gets CPU
[12:50:45] [TASK] CPU Monitor starting
[12:50:45] [TASK] CPU Monitor completed (exec #447)
[12:50:45] [DISPATCH] Task 2 (Collect RAM) P3 gets CPU
[12:50:45] [TASK] RAM Monitor starting
[12:50:45] [TASK] RAM Monitor completed (exec #293)
[12:50:45] [DISPATCH] Task 5 (Analyzer) P3 gets CPU
[12:50:45] [TASK] Analyzer starting
[12:50:45] [ERROR] Analyzer failed with code 256 (may need 'make all' first)
[12:50:45] [DISPATCH] Task 3 (Collect DISK) P2 gets CPU
[12:50:45] [TASK] Disk Monitor starting
[12:50:45] [TASK] Disk Monitor completed (exec #270)
[12:50:45] [DISPATCH] Task 4 (Collect Network) P0 gets CPU
[12:50:45] [TASK] Network Fetch starting
[12:50:45] [TASK] Network Fetch completed (exec #264)
[12:50:46] 
=== TICK 449 ===
[12:50:46] [READY] Task 1 (Collect CPU) ready - interval 1s elapsed
[12:50:46] [READY] Task 2 (Collect RAM) ready - interval 1s elapsed
[12:50:46] [READY] Task 3 (Collect DISK) ready - interval 1s elapsed
[12:50:46] [READY] Task 4 (Collect Network) ready - interval 1s elapsed
[12:50:46] [READY] Task 5 (Analyzer) ready - interval 1s elapsed
[12:50:46] [DISPATCH] Executing 5 ready task(s) in priority order
[12:50:46] [DISPATCH] Task 1 (Collect CPU) P3 gets CPU
[12:50:46] [TASK] CPU Monitor starting
[12:50:46] [TASK] CPU Monitor completed (exec #448)
[12:50:46] [DISPATCH] Task 2 (Collect RAM) P3 gets CPU
[12:50:46] [TASK] RAM Monitor starting
[12:50:46] [TASK] RAM Monitor completed (exec #294)
[12:50:46] [DISPATCH] Task 5 (Analyzer) P3 gets CPU
[12:50:46] [TASK] Analyzer starting
[12:50:46] [ERROR] Analyzer failed with code 256 (may need 'make all' first)
[12:50:46] [DISPATCH] Task 3 (Collect DISK) P2 gets CPU
[12:50:46] [TASK] Disk Monitor starting
[12:50:46] [TASK] Disk Monitor completed (exec #271)
[12:50:46] [DISPATCH] Task 4 (Collect Network) P0 gets CPU
[12:50:46] [TASK] Network Fetch starting
[12:50:46] [TASK] Network Fetch completed (exec #265)
[12:50:47] 
=== TICK 450 ===
[12:50:47] [READY] Task 1 (Collect CPU) ready - interval 1s elapsed
[12:50:47] [READY] Task 2 (Collect RAM) ready - interval 1s elapsed
[12:50:47] [READY] Task 3 (Collect DISK) ready - interval 1s elapsed
[12:50:47] [READY] Task 4 (Collect Network) ready - interval 1s elapsed
[12:50:47] [READY] Task 5 (Analyzer) ready - interval 1s elapsed
[12:50:47] [DISPATCH] Executing 5 ready task(s) in priority order
[12:50:47] [DISPATCH] Task 1 (Collect CPU) P3 gets CPU
[12:50:47] [TASK] CPU Monitor starting
[12:50:47] [TASK] CPU Monitor completed (exec #449)
[12:50:47] [DISPATCH] Task 2 (Collect RAM) P3 gets CPU
[12:50:47] [TASK] RAM Monitor starting
[12:50:47] [TASK] RAM Monitor completed (exec #295)
[12:50:47] [DISPATCH] Task 5 (Analyzer) P3 gets CPU
[12:50:47] [TASK] Analyzer starting
[12:50:47] [ERROR] Analyzer failed with code 256 (may need 'make all' first)
[12:50:47] [DISPATCH] Task 3 (Collect DISK) P2 gets CPU
[12:50:47] [TASK] Disk Monitor starting
[12:50:47] [TASK] Disk Monitor completed (exec #272)
[12:50:47] [DISPATCH] Task 4 (Collect Network) P0 gets CPU
[12:50:47] [TASK] Network Fetch starting
[12:50:47] [TASK] Network Fetch completed (exec #266)
[12:50:48] 
=== TICK 451 ===
[12:50:48] [READY] Task 1 (Collect CPU) ready - interval 1s elapsed
[12:50:48] [READY] Task 2 (Collect RAM) ready - interval 1s elapsed
[12:50:48] [READY] Task 3 (Collect DISK) ready - interval 1s elapsed
[12:50:48] [READY] Task 4 (Collect Network) ready - interval 1s elapsed
[12:50:48] [READY] Task 5 (Analyzer) ready - interval 1s elapsed
[12:50:48] [DISPATCH] Executing 5 ready task(s) in priority order
[12:50:48] [DISPATCH] Task 1 (Collect CPU) P3 gets CPU
[12:50:48] [TASK] CPU Monitor starting
[12:50:48] [TASK] CPU Monitor completed (exec #450)
[12:50:48] [DISPATCH] Task 2 (Collect RAM) P3 gets CPU
[12:50:48] [TASK] RAM Monitor starting
[12:50:48] [TASK] RAM Monitor completed (exec #296)
[12:50:48] [DISPATCH] Task 5 (Analyzer) P3 gets CPU
[12:50:48] [TASK] Analyzer starting
[12:50:48] [ERROR] Analyzer failed with code 256 (may need 'make all' first)
[12:50:48] [DISPATCH] Task 3 (Collect DISK) P2 gets CPU
[12:50:48] [TASK] Disk Monitor starting
[12:50:48] [TASK] Disk Monitor completed (exec #273)
[12:50:48] [DISPATCH] Task 4 (Collect Network) P0 gets CPU
[12:50:48] [TASK] Network Fetch starting
[12:50:48] [TASK] Network Fetch completed (exec #267)
[12:50:49] 
=== TICK 452 ===
[12:50:49] [READY] Task 1 (Collect CPU) ready - interval 1s elapsed
[12:50:49] [READY] Task 2 (Collect RAM) ready - interval 1s elapsed
[12:50:49] [READY] Task 3 (Collect DISK) ready - interval 1s elapsed
[12:50:49] [READY] Task 4 (Collect Network) ready - interval 1s elapsed
[12:50:49] [READY] Task 5 (Analyzer) ready - interval 1s elapsed
[12:50:49] [DISPATCH] Executing 5 ready task(s) in priority order
[12:50:49] [DISPATCH] Task 1 (Collect CPU) P3 gets CPU
[12:50:49] [TASK] CPU Monitor starting
[12:50:49] [TASK] CPU Monitor completed (exec #451)
[12:50:49] [DISPATCH] Task 2 (Collect RAM) P3 gets CPU
[12:50:49] [TASK] RAM Monitor starting
[12:50:49] [TASK] RAM Monitor completed (exec #297)
[12:50:49] [DISPATCH] Task 5 (Analyzer) P3 gets CPU
[12:50:49] [TASK] Analyzer starting
[12:50:49] [ERROR] Analyzer failed with code 256 (may need 'make all' first)
[12:50:49] [DISPATCH] Task 3 (Collect DISK) P2 gets CPU
[12:50:49] [TASK] Disk Monitor starting
[12:50:49] [TASK] Disk Monitor completed (exec #274)
[12:50:49] [DISPATCH] Task 4 (Collect Network) P0 gets CPU
[12:50:49] [TASK] Network Fetch starting
[12:50:49] [TASK] Network Fetch completed (exec #268)
[12:50:50] 
=== TICK 453 ===
[12:50:50] [READY] Task 1 (Collect CPU) ready - interval 1s elapsed
[12:50:50] [READY] Task 2 (Collect RAM) ready - interval 1s elapsed
[12:50:50] [READY] Task 3 (Collect DISK) ready - interval 1s elapsed
[12:50:50] [READY] Task 4 (Collect Network) ready - interval 1s elapsed
[12:50:50] [READY] Task 5 (Analyzer) ready - interval 1s elapsed
[12:50:50] [DISPATCH] Executing 5 ready task(s) in priority order
[12:50:50] [DISPATCH] Task 1 (Collect CPU) P3 gets CPU
[12:50:50] [TASK] CPU Monitor starting
[12:50:50] [TASK] CPU Monitor completed (exec #452)
[12:50:50] [DISPATCH] Task 2 (Collect RAM) P3 gets CPU
[12:50:50] [TASK] RAM Monitor starting
[12:50:50] [TASK] RAM Monitor completed (exec #298)
[12:50:50] [DISPATCH] Task 5 (Analyzer) P3 gets CPU
[12:50:50] [TASK] Analyzer starting
[12:50:50] [ERROR] Analyzer failed with code 256 (may need 'make all' first)
[12:50:50] [DISPATCH] Task 3 (Collect DISK) P2 gets CPU
[12:50:50] [TASK] Disk Monitor starting
[12:50:50] [TASK] Disk Monitor completed (exec #275)
[12:50:50] [DISPATCH] Task 4 (Collect Network) P0 gets CPU
[12:50:50] [TASK] Network Fetch starting
[12:50:50] [TASK] Network Fetch completed (exec #269)
[12:50:51] 
=== TICK 454 ===
[12:50:51] [READY] Task 1 (Collect CPU) ready - interval 1s elapsed
[12:50:51] [READY] Task 2 (Collect RAM) ready - interval 1s elapsed
[12:50:51] [READY] Task 3 (Collect DISK) ready - interval 1s elapsed
[12:50:51] [READY] Task 4 (Collect Network) ready - interval 1s elapsed
[12:50:51] [READY] Task 5 (Analyzer) ready - interval 1s elapsed
[12:50:51] [DISPATCH] Executing 5 ready task(s) in priority order
[12:50:51] [DISPATCH] Task 1 (Collect CPU) P3 gets CPU
[12:50:51] [TASK] CPU Monitor starting
[12:50:51] [TASK] CPU Monitor completed (exec #453)
[12:50:51] [DISPATCH] Task 2 (Collect RAM) P3 gets CPU
[12:50:51] [TASK] RAM Monitor starting
[12:50:51] [TASK] RAM Monitor completed (exec #299)
[12:50:51] [DISPATCH] Task 5 (Analyzer) P3 gets CPU
[12:50:51] [TASK] Analyzer starting
[12:50:51] [ERROR] Analyzer failed with code 256 (may need 'make all' first)
[12:50:51] [DISPATCH] Task 3 (Collect DISK) P2 gets CPU
[12:50:51] [TASK] Disk Monitor starting
[12:50:51] [TASK] Disk Monitor completed (exec #276)
[12:50:51] [DISPATCH] Task 4 (Collect Network) P0 gets CPU
[12:50:51] [TASK] Network Fetch starting
[12:50:51] [TASK] Network Fetch completed (exec #270)
[12:50:52] 
=== TICK 455 ===
[12:50:52] [READY] Task 1 (Collect CPU) ready - interval 1s elapsed
[12:50:52] [READY] Task 2 (Collect RAM) ready - interval 1s elapsed
[12:50:52] [READY] Task 3 (Collect DISK) ready - interval 1s elapsed
[12:50:52] [READY] Task 4 (Collect Network) ready - interval 1s elapsed
[12:50:52] [READY] Task 5 (Analyzer) ready - interval 1s elapsed
[12:50:52] [READY] Task 6 (Report Generator) ready - interval 9s elapsed
[12:50:52] [DISPATCH] Executing 6 ready task(s) in priority order
[12:50:52] [DISPATCH] Task 1 (Collect CPU) P3 gets CPU
[12:50:52] [TASK] CPU Monitor starting
[12:50:52] [TASK] CPU Monitor completed (exec #454)
[12:50:52] [DISPATCH] Task 2 (Collect RAM) P3 gets CPU
[12:50:52] [TASK] RAM Monitor starting
[12:50:52] [TASK] RAM Monitor completed (exec #300)
[12:50:52] [DISPATCH] Task 5 (Analyzer) P3 gets CPU
[12:50:52] [TASK] Analyzer starting
[12:50:52] [ERROR] Analyzer failed with code 256 (may need 'make all' first)
[12:50:52] [DISPATCH] Task 6 (Report Generator) P3 gets CPU
[12:50:52] [TASK] Report Generator starting
[12:50:53] [TASK] Report Generator completed (exec #51)
[12:50:53] [DISPATCH] Task 3 (Collect DISK) P2 gets CPU
[12:50:53] [TASK] Disk Monitor starting
[12:50:53] [TASK] Disk Monitor completed (exec #277)
[12:50:53] [DISPATCH] Task 4 (Collect Network) P0 gets CPU
[12:50:53] [TASK] Network Fetch starting
[12:50:53] [TASK] Network Fetch completed (exec #271)
[12:50:53] 
=== TICK 456 ===
[12:50:53] [READY] Task 1 (Collect CPU) ready - interval 1s elapsed
[12:50:53] [READY] Task 2 (Collect RAM) ready - interval 1s elapsed
[12:50:53] [READY] Task 5 (Analyzer) ready - interval 1s elapsed
[12:50:53] [DISPATCH] Executing 3 ready task(s) in priority order
[12:50:53] [DISPATCH] Task 1 (Collect CPU) P3 gets CPU
[12:50:53] [TASK] CPU Monitor starting
[12:50:54] [TASK] CPU Monitor completed (exec #455)
[12:50:54] [DISPATCH] Task 2 (Collect RAM) P3 gets CPU
[12:50:54] [TASK] RAM Monitor starting
[12:50:54] [TASK] RAM Monitor completed (exec #301)
[12:50:54] [DISPATCH] Task 5 (Analyzer) P3 gets CPU
[12:50:54] [TASK] Analyzer starting
[12:50:54] [ERROR] Analyzer failed with code 256 (may need 'make all' first)
[12:50:54] 
=== TICK 457 ===
[12:50:54] [READY] Task 1 (Collect CPU) ready - interval 1s elapsed
[12:50:54] [READY] Task 3 (Collect DISK) ready - interval 1s elapsed
[12:50:54] [READY] Task 4 (Collect Network) ready - interval 1s elapsed
[12:50:54] [DISPATCH] Executing 3 ready task(s) in priority order
[12:50:54] [DISPATCH] Task 1 (Collect CPU) P3 gets CPU
[12:50:54] [TASK] CPU Monitor starting
[12:50:55] [TASK] CPU Monitor completed (exec #456)
[12:50:55] [DISPATCH] Task 3 (Collect DISK) P2 gets CPU
[12:50:55] [TASK] Disk Monitor starting
[12:50:55] [TASK] Disk Monitor completed (exec #278)
[12:50:55] [DISPATCH] Task 4 (Collect Network) P0 gets CPU
[12:50:55] [TASK] Network Fetch starting
[12:50:55] [TASK] Network Fetch completed (exec #272)
[12:50:55] 
=== TICK 458 ===
[12:50:55] [READY] Task 1 (Collect CPU) ready - interval 1s elapsed
[12:50:55] [READY] Task 2 (Collect RAM) ready - interval 1s elapsed
[12:50:55] [READY] Task 5 (Analyzer) ready - interval 1s elapsed
[12:50:55] [DISPATCH] Executing 3 ready task(s) in priority order
[12:50:55] [DISPATCH] Task 1 (Collect CPU) P3 gets CPU
[12:50:55] [TASK] CPU Monitor starting
[12:50:56] [TASK] CPU Monitor completed (exec #457)
[12:50:56] [DISPATCH] Task 2 (Collect RAM) P3 gets CPU
[12:50:56] [TASK] RAM Monitor starting
[12:50:56] [TASK] RAM Monitor completed (exec #302)
[12:50:56] [DISPATCH] Task 5 (Analyzer) P3 gets CPU
[12:50:56] [TASK] Analyzer starting
[12:50:56] [ERROR] Analyzer failed with code 256 (may need 'make all' first)
[12:50:56] 
=== TICK 459 ===
[12:50:56] [READY] Task 1 (Collect CPU) ready - interval 1s elapsed
[12:50:56] [READY] Task 3 (Collect DISK) ready - interval 1s elapsed
[12:50:56] [READY] Task 4 (Collect Network) ready - interval 1s elapsed
[12:50:56] [DISPATCH] Executing 3 ready task(s) in priority order
[12:50:56] [DISPATCH] Task 1 (Collect CPU) P3 gets CPU
[12:50:56] [TASK] CPU Monitor starting
[12:50:57] [TASK] CPU Monitor completed (exec #458)
[12:50:57] [DISPATCH] Task 3 (Collect DISK) P2 gets CPU
[12:50:57] [TASK] Disk Monitor starting
[12:50:57] [TASK] Disk Monitor completed (exec #279)
[12:50:57] [DISPATCH] Task 4 (Collect Network) P0 gets CPU
[12:50:57] [TASK] Network Fetch starting
[12:50:57] [TASK] Network Fetch completed (exec #273)
[12:50:57] 
=== TICK 460 ===
[12:50:57] [READY] Task 1 (Collect CPU) ready - interval 1s elapsed
[12:50:57] [READY] Task 2 (Collect RAM) ready - interval 1s elapsed
[12:50:57] [READY] Task 5 (Analyzer) ready - interval 1s elapsed
[12:50:57] [DISPATCH] Executing 3 ready task(s) in priority order
[12:50:57] [DISPATCH] Task 1 (Collect CPU) P3 gets CPU
[12:50:57] [TASK] CPU Monitor starting
[12:50:58] [TASK] CPU Monitor completed (exec #459)
[12:50:58] [DISPATCH] Task 2 (Collect RAM) P3 gets CPU
[12:50:58] [TASK] RAM Monitor starting
[12:50:58] [TASK] RAM Monitor completed (exec #303)
[12:50:58] [DISPATCH] Task 5 (Analyzer) P3 gets CPU
[12:50:58] [TASK] Analyzer starting
[12:50:58] [ERROR] Analyzer failed with code 256 (may need 'make all' first)
[12:50:58] 
=== TICK 461 ===
[12:50:58] [READY] Task 1 (Collect CPU) ready - interval 1s elapsed
[12:50:58] [READY] Task 3 (Collect DISK) ready - interval 1s elapsed
[12:50:58] [READY] Task 4 (Collect Network) ready - interval 1s elapsed
[12:50:58] [DISPATCH] Executing 3 ready task(s) in priority order
[12:50:58] [DISPATCH] Task 1 (Collect CPU) P3 gets CPU
[12:50:58] [TASK] CPU Monitor starting
[12:50:59] [TASK] CPU Monitor completed (exec #460)
[12:50:59] [DISPATCH] Task 3 (Collect DISK) P2 gets CPU
[12:50:59] [TASK] Disk Monitor starting
[12:50:59] [TASK] Disk Monitor completed (exec #280)
[12:50:59] [DISPATCH] Task 4 (Collect Network) P0 gets CPU
[12:50:59] [TASK] Network Fetch starting
[12:50:59] [TASK] Network Fetch completed (exec #274)
[12:50:59] 
=== TICK 462 ===
[12:50:59] [READY] Task 1 (Collect CPU) ready - interval 1s elapsed
[12:50:59] [READY] Task 2 (Collect RAM) ready - interval 1s elapsed
[12:50:59] [READY] Task 5 (Analyzer) ready - interval 1s elapsed
[12:50:59] [DISPATCH] Executing 3 ready task(s) in priority order
[12:50:59] [DISPATCH] Task 1 (Collect CPU) P3 gets CPU
[12:50:59] [TASK] CPU Monitor starting
[12:51:00] [TASK] CPU Monitor completed (exec #461)
[12:51:00] [DISPATCH] Task 2 (Collect RAM) P3 gets CPU
[12:51:00] [TASK] RAM Monitor starting
[12:51:00] [TASK] RAM Monitor completed (exec #304)
[12:51:00] [DISPATCH] Task 5 (Analyzer) P3 gets CPU
[12:51:00] [TASK] Analyzer starting
[12:51:00] [ERROR] Analyzer failed with code 256 (may need 'make all' first)
[12:51:00] 
=== TICK 463 ===
[12:51:00] [READY] Task 1 (Collect CPU) ready - interval 1s elapsed
[12:51:00] [READY] Task 3 (Collect DISK) ready - interval 1s elapsed
[12:51:00] [READY] Task 4 (Collect Network) ready - interval 1s elapsed
[12:51:00] [DISPATCH] Executing 3 ready task(s) in priority order
[12:51:00] [DISPATCH] Task 1 (Collect CPU) P3 gets CPU
[12:51:00] [TASK] CPU Monitor starting
[12:51:01] [TASK] CPU Monitor completed (exec #462)
[12:51:01] [DISPATCH] Task 3 (Collect DISK) P2 gets CPU
[12:51:01] [TASK] Disk Monitor starting
[12:51:01] [TASK] Disk Monitor completed (exec #281)
[12:51:01] [DISPATCH] Task 4 (Collect Network) P0 gets CPU
[12:51:01] [TASK] Network Fetch starting
[12:51:01] [TASK] Network Fetch completed (exec #275)
[12:51:01] 
=== TICK 464 ===
[12:51:01] [READY] Task 1 (Collect CPU) ready - interval 1s elapsed
[12:51:01] [READY] Task 2 (Collect RAM) ready - interval 1s elapsed
[12:51:01] [READY] Task 5 (Analyzer) ready - interval 1s elapsed
[12:51:01] [READY] Task 6 (Report Generator) ready - interval 9s elapsed
[12:51:01] [DISPATCH] Executing 4 ready task(s) in priority order
[12:51:01] [DISPATCH] Task 1 (Collect CPU) P3 gets CPU
[12:51:01] [TASK] CPU Monitor starting
[12:51:02] [TASK] CPU Monitor completed (exec #463)
[12:51:02] [DISPATCH] Task 2 (Collect RAM) P3 gets CPU
[12:51:02] [TASK] RAM Monitor starting
[12:51:02] [TASK] RAM Monitor completed (exec #305)
[12:51:02] [DISPATCH] Task 5 (Analyzer) P3 gets CPU
[12:51:02] [TASK] Analyzer starting
[12:51:02] [ERROR] Analyzer failed with code 256 (may need 'make all' first)
[12:51:02] [DISPATCH] Task 6 (Report Generator) P3 gets CPU
[12:51:02] [TASK] Report Generator starting
[12:51:03] [TASK] Report Generator completed (exec #52)
[12:51:03] 
=== TICK 465 ===
[12:51:03] [READY] Task 1 (Collect CPU) ready - interval 1s elapsed
[12:51:03] [READY] Task 2 (Collect RAM) ready - interval 1s elapsed
[12:51:03] [READY] Task 3 (Collect DISK) ready - interval 1s elapsed
[12:51:03] [READY] Task 4 (Collect Network) ready - interval 1s elapsed
[12:51:03] [READY] Task 5 (Analyzer) ready - interval 1s elapsed
[12:51:03] [DISPATCH] Executing 5 ready task(s) in priority order
[12:51:03] [DISPATCH] Task 1 (Collect CPU) P3 gets CPU
[12:51:03] [TASK] CPU Monitor starting
[12:51:04] [TASK] CPU Monitor completed (exec #464)
[12:51:04] [DISPATCH] Task 2 (Collect RAM) P3 gets CPU
[12:51:04] [TASK] RAM Monitor starting
[12:51:04] [TASK] RAM Monitor completed (exec #306)
[12:51:04] [DISPATCH] Task 5 (Analyzer) P3 gets CPU
[12:51:04] [TASK] Analyzer starting
[12:51:04] [ERROR] Analyzer failed with code 256 (may need 'make all' first)
[12:51:04] [DISPATCH] Task 3 (Collect DISK) P2 gets CPU
[12:51:04] [TASK] Disk Monitor starting
[12:51:04] [TASK] Disk Monitor completed (exec #282)
[12:51:04] [DISPATCH] Task 4 (Collect Network) P0 gets CPU
[12:51:04] [TASK] Network Fetch starting
[12:51:04] [TASK] Network Fetch completed (exec #276)
[12:51:04] 
=== TICK 466 ===
[12:51:04] [READY] Task 1 (Collect CPU) ready - interval 1s elapsed
[12:51:04] [DISPATCH] Executing 1 ready task(s) in priority order
[12:51:04] [DISPATCH] Task 1 (Collect CPU) P3 gets CPU
[12:51:04] [TASK] CPU Monitor starting
[12:51:05] [TASK] CPU Monitor completed (exec #465)
[12:51:05] 
=== TICK 467 ===
[12:51:05] [READY] Task 1 (Collect CPU) ready - interval 1s elapsed
[12:51:05] [READY] Task 2 (Collect RAM) ready - interval 1s elapsed
[12:51:05] [READY] Task 3 (Collect DISK) ready - interval 1s elapsed
[12:51:05] [READY] Task 4 (Collect Network) ready - interval 1s elapsed
[12:51:05] [READY] Task 5 (Analyzer) ready - interval 1s elapsed
[12:51:05] [DISPATCH] Executing 5 ready task(s) in priority order
[12:51:05] [DISPATCH] Task 1 (Collect CPU) P3 gets CPU
[12:51:05] [TASK] CPU Monitor starting
[12:51:06] [TASK] CPU Monitor completed (exec #466)
[12:51:06] [DISPATCH] Task 2 (Collect RAM) P3 gets CPU
[12:51:06] [TASK] RAM Monitor starting
[12:51:06] [TASK] RAM Monitor completed (exec #307)
[12:51:06] [DISPATCH] Task 5 (Analyzer) P3 gets CPU
[12:51:06] [TASK] Analyzer starting
[12:51:06] [ERROR] Analyzer failed with code 256 (may need 'make all' first)
[12:51:06] [DISPATCH] Task 3 (Collect DISK) P2 gets CPU
[12:51:06] [TASK] Disk Monitor starting
[12:51:06] [TASK] Disk Monitor completed (exec #283)
[12:51:06] [DISPATCH] Task 4 (Collect Network) P0 gets CPU
[12:51:06] [TASK] Network Fetch starting
[12:51:06] [TASK] Network Fetch completed (exec #277)
[12:51:06] 
=== TICK 468 ===
[12:51:06] [READY] Task 1 (Collect CPU) ready - interval 1s elapsed
[12:51:06] [DISPATCH] Executing 1 ready task(s) in priority order
[12:51:06] [DISPATCH] Task 1 (Collect CPU) P3 gets CPU
[12:51:06] [TASK] CPU Monitor starting
[12:51:07] [TASK] CPU Monitor completed (exec #467)
[12:51:07] 
=== TICK 469 ===
[12:51:07] [READY] Task 1 (Collect CPU) ready - interval 1s elapsed
[12:51:07] [READY] Task 2 (Collect RAM) ready - interval 1s elapsed
[12:51:07] [READY] Task 3 (Collect DISK) ready - interval 1s elapsed
[12:51:07] [READY] Task 4 (Collect Network) ready - interval 1s elapsed
[12:51:07] [READY] Task 5 (Analyzer) ready - interval 1s elapsed
[12:51:07] [DISPATCH] Executing 5 ready task(s) in priority order
[12:51:07] [DISPATCH] Task 1 (Collect CPU) P3 gets CPU
[12:51:07] [TASK] CPU Monitor starting
[12:51:08] [TASK] CPU Monitor completed (exec #468)
[12:51:08] [DISPATCH] Task 2 (Collect RAM) P3 gets CPU
[12:51:08] [TASK] RAM Monitor starting
[12:51:08] [TASK] RAM Monitor completed (exec #308)
[12:51:08] [DISPATCH] Task 5 (Analyzer) P3 gets CPU
[12:51:08] [TASK] Analyzer starting
[12:51:08] [ERROR] Analyzer failed with code 256 (may need 'make all' first)
[12:51:08] [DISPATCH] Task 3 (Collect DISK) P2 gets CPU
[12:51:08] [TASK] Disk Monitor starting
[12:51:08] [TASK] Disk Monitor completed (exec #284)
[12:51:08] [DISPATCH] Task 4 (Collect Network) P0 gets CPU
[12:51:08] [TASK] Network Fetch starting
[12:51:08] [TASK] Network Fetch completed (exec #278)
[12:51:08] 
=== TICK 470 ===
[12:51:08] [READY] Task 1 (Collect CPU) ready - interval 1s elapsed
[12:51:08] [DISPATCH] Executing 1 ready task(s) in priority order
[12:51:08] [DISPATCH] Task 1 (Collect CPU) P3 gets CPU
[12:51:08] [TASK] CPU Monitor starting
[12:51:09] [TASK] CPU Monitor completed (exec #469)
[12:51:09] 
=== TICK 471 ===
[12:51:09] [READY] Task 1 (Collect CPU) ready - interval 1s elapsed
[12:51:09] [READY] Task 2 (Collect RAM) ready - interval 1s elapsed
[12:51:09] [READY] Task 3 (Collect DISK) ready - interval 1s elapsed
[12:51:09] [READY] Task 4 (Collect Network) ready - interval 1s elapsed
[12:51:09] [READY] Task 5 (Analyzer) ready - interval 1s elapsed
[12:51:09] [DISPATCH] Executing 5 ready task(s) in priority order
[12:51:09] [DISPATCH] Task 1 (Collect CPU) P3 gets CPU
[12:51:09] [TASK] CPU Monitor starting
[12:51:10] [TASK] CPU Monitor completed (exec #470)
[12:51:10] [DISPATCH] Task 2 (Collect RAM) P3 gets CPU
[12:51:10] [TASK] RAM Monitor starting
[12:51:10] [TASK] RAM Monitor completed (exec #309)
[12:51:10] [DISPATCH] Task 5 (Analyzer) P3 gets CPU
[12:51:10] [TASK] Analyzer starting
[12:51:10] [ERROR] Analyzer failed with code 256 (may need 'make all' first)
[12:51:10] [DISPATCH] Task 3 (Collect DISK) P2 gets CPU
[12:51:10] [TASK] Disk Monitor starting
[12:51:10] [TASK] Disk Monitor completed (exec #285)
[12:51:10] [DISPATCH] Task 4 (Collect Network) P0 gets CPU
[12:51:10] [TASK] Network Fetch starting
[12:51:10] [TASK] Network Fetch completed (exec #279)
[12:51:10] 
=== TICK 472 ===
[12:51:10] [READY] Task 1 (Collect CPU) ready - interval 1s elapsed
[12:51:10] [DISPATCH] Executing 1 ready task(s) in priority order
[12:51:10] [DISPATCH] Task 1 (Collect CPU) P3 gets CPU
[12:51:10] [TASK] CPU Monitor starting
[12:51:11] [TASK] CPU Monitor completed (exec #471)
[12:51:11] 
=== TICK 473 ===
[12:51:11] [READY] Task 1 (Collect CPU) ready - interval 1s elapsed
[12:51:11] [READY] Task 2 (Collect RAM) ready - interval 1s elapsed
[12:51:11] [READY] Task 3 (Collect DISK) ready - interval 1s elapsed
[12:51:11] [READY] Task 4 (Collect Network) ready - interval 1s elapsed
[12:51:11] [READY] Task 5 (Analyzer) ready - interval 1s elapsed
[12:51:11] [READY] Task 6 (Report Generator) ready - interval 9s elapsed
[12:51:11] [DISPATCH] Executing 6 ready task(s) in priority order
[12:51:11] [DISPATCH] Task 1 (Collect CPU) P3 gets CPU
[12:51:11] [TASK] CPU Monitor starting
[12:51:12] [TASK] CPU Monitor completed (exec #472)
[12:51:12] [DISPATCH] Task 2 (Collect RAM) P3 gets CPU
[12:51:12] [TASK] RAM Monitor starting
[12:51:12] [TASK] RAM Monitor completed (exec #310)
[12:51:12] [DISPATCH] Task 5 (Analyzer) P3 gets CPU
[12:51:12] [TASK] Analyzer starting
[12:51:12] [ERROR] Analyzer failed with code 256 (may need 'make all' first)
[12:51:12] [DISPATCH] Task 6 (Report Generator) P3 gets CPU
[12:51:12] [TASK] Report Generator starting
[12:51:14] [TASK] Report Generator completed (exec #53)
[12:51:14] [DISPATCH] Task 3 (Collect DISK) P2 gets CPU
[12:51:14] [TASK] Disk Monitor starting
[12:51:14] [TASK] Disk Monitor completed (exec #286)
[12:51:14] [DISPATCH] Task 4 (Collect Network) P0 gets CPU
[12:51:14] [TASK] Network Fetch starting
[12:51:14] [TASK] Network Fetch completed (exec #280)
[12:51:14] 
=== TICK 474 ===
[12:51:14] [READY] Task 1 (Collect CPU) ready - interval 1s elapsed
[12:51:14] [READY] Task 2 (Collect RAM) ready - interval 1s elapsed
[12:51:14] [READY] Task 5 (Analyzer) ready - interval 1s elapsed
[12:51:14] [DISPATCH] Executing 3 ready task(s) in priority order
[12:51:14] [DISPATCH] Task 1 (Collect CPU) P3 gets CPU
[12:51:14] [TASK] CPU Monitor starting
[12:51:14] [TASK] CPU Monitor completed (exec #473)
[12:51:14] [DISPATCH] Task 2 (Collect RAM) P3 gets CPU
[12:51:14] [TASK] RAM Monitor starting
[12:51:14] [TASK] RAM Monitor completed (exec #311)
[12:51:14] [DISPATCH] Task 5 (Analyzer) P3 gets CPU
[12:51:14] [TASK] Analyzer starting
[12:51:14] [ERROR] Analyzer failed with code 256 (may need 'make all' first)
[12:51:15] 
=== TICK 475 ===
[12:51:15] [READY] Task 1 (Collect CPU) ready - interval 1s elapsed
[12:51:15] [READY] Task 2 (Collect RAM) ready - interval 1s elapsed
[12:51:15] [READY] Task 3 (Collect DISK) ready - interval 1s elapsed
[12:51:15] [READY] Task 4 (Collect Network) ready - interval 1s elapsed
[12:51:15] [READY] Task 5 (Analyzer) ready - interval 1s elapsed
[12:51:15] [DISPATCH] Executing 5 ready task(s) in priority order
[12:51:15] [DISPATCH] Task 1 (Collect CPU) P3 gets CPU
[12:51:15] [TASK] CPU Monitor starting
[12:51:15] [TASK] CPU Monitor completed (exec #474)
[12:51:15] [DISPATCH] Task 2 (Collect RAM) P3 gets CPU
[12:51:15] [TASK] RAM Monitor starting
[12:51:15] [TASK] RAM Monitor completed (exec #312)
[12:51:15] [DISPATCH] Task 5 (Analyzer) P3 gets CPU
[12:51:15] [TASK] Analyzer starting
[12:51:15] [ERROR] Analyzer failed with code 256 (may need 'make all' first)
[12:51:15] [DISPATCH] Task 3 (Collect DISK) P2 gets CPU
[12:51:15] [TASK] Disk Monitor starting
[12:51:15] [TASK] Disk Monitor completed (exec #287)
[12:51:15] [DISPATCH] Task 4 (Collect Network) P0 gets CPU
[12:51:15] [TASK] Network Fetch starting
[12:51:15] [TASK] Network Fetch completed (exec #281)
[12:51:16] 
=== TICK 476 ===
[12:51:16] [READY] Task 1 (Collect CPU) ready - interval 1s elapsed
[12:51:16] [READY] Task 2 (Collect RAM) ready - interval 1s elapsed
[12:51:16] [READY] Task 3 (Collect DISK) ready - interval 1s elapsed
[12:51:16] [READY] Task 4 (Collect Network) ready - interval 1s elapsed
[12:51:16] [READY] Task 5 (Analyzer) ready - interval 1s elapsed
[12:51:16] [DISPATCH] Executing 5 ready task(s) in priority order
[12:51:16] [DISPATCH] Task 1 (Collect CPU) P3 gets CPU
[12:51:16] [TASK] CPU Monitor starting
[12:51:16] [TASK] CPU Monitor completed (exec #475)
[12:51:16] [DISPATCH] Task 2 (Collect RAM) P3 gets CPU
[12:51:16] [TASK] RAM Monitor starting
[12:51:16] [TASK] RAM Monitor completed (exec #313)
[12:51:16] [DISPATCH] Task 5 (Analyzer) P3 gets CPU
[12:51:16] [TASK] Analyzer starting
[12:51:16] [ERROR] Analyzer failed with code 256 (may need 'make all' first)
[12:51:16] [DISPATCH] Task 3 (Collect DISK) P2 gets CPU
[12:51:16] [TASK] Disk Monitor starting
[12:51:16] [TASK] Disk Monitor completed (exec #288)
[12:51:16] [DISPATCH] Task 4 (Collect Network) P0 gets CPU
[12:51:16] [TASK] Network Fetch starting
[12:51:17] [TASK] Network Fetch completed (exec #282)
[12:51:17] 
=== TICK 477 ===
[12:51:17] [READY] Task 1 (Collect CPU) ready - interval 1s elapsed
[12:51:17] [READY] Task 2 (Collect RAM) ready - interval 1s elapsed
[12:51:17] [READY] Task 3 (Collect DISK) ready - interval 1s elapsed
[12:51:17] [READY] Task 4 (Collect Network) ready - interval 1s elapsed
[12:51:17] [READY] Task 5 (Analyzer) ready - interval 1s elapsed
[12:51:17] [DISPATCH] Executing 5 ready task(s) in priority order
[12:51:17] [DISPATCH] Task 1 (Collect CPU) P3 gets CPU
[12:51:17] [TASK] CPU Monitor starting
[12:51:17] [TASK] CPU Monitor completed (exec #476)
[12:51:17] [DISPATCH] Task 2 (Collect RAM) P3 gets CPU
[12:51:17] [TASK] RAM Monitor starting
[12:51:17] [TASK] RAM Monitor completed (exec #314)
[12:51:17] [DISPATCH] Task 5 (Analyzer) P3 gets CPU
[12:51:17] [TASK] Analyzer starting
[12:51:17] [ERROR] Analyzer failed with code 256 (may need 'make all' first)
[12:51:17] [DISPATCH] Task 3 (Collect DISK) P2 gets CPU
[12:51:17] [TASK] Disk Monitor starting
[12:51:17] [TASK] Disk Monitor completed (exec #289)
[12:51:17] [DISPATCH] Task 4 (Collect Network) P0 gets CPU
[12:51:17] [TASK] Network Fetch starting
[12:51:17] [TASK] Network Fetch completed (exec #283)
[12:51:18] 
=== TICK 478 ===
[12:51:18] [READY] Task 1 (Collect CPU) ready - interval 1s elapsed
[12:51:18] [READY] Task 2 (Collect RAM) ready - interval 1s elapsed
[12:51:18] [READY] Task 3 (Collect DISK) ready - interval 1s elapsed
[12:51:18] [READY] Task 4 (Collect Network) ready - interval 1s elapsed
[12:51:18] [READY] Task 5 (Analyzer) ready - interval 1s elapsed
[12:51:18] [DISPATCH] Executing 5 ready task(s) in priority order
[12:51:18] [DISPATCH] Task 1 (Collect CPU) P3 gets CPU
[12:51:18] [TASK] CPU Monitor starting
[12:51:18] [TASK] CPU Monitor completed (exec #477)
[12:51:18] [DISPATCH] Task 2 (Collect RAM) P3 gets CPU
[12:51:18] [TASK] RAM Monitor starting
[12:51:18] [TASK] RAM Monitor completed (exec #315)
[12:51:18] [DISPATCH] Task 5 (Analyzer) P3 gets CPU
[12:51:18] [TASK] Analyzer starting
[12:51:18] [ERROR] Analyzer failed with code 256 (may need 'make all' first)
[12:51:18] [DISPATCH] Task 3 (Collect DISK) P2 gets CPU
[12:51:18] [TASK] Disk Monitor starting
[12:51:18] [TASK] Disk Monitor completed (exec #290)
[12:51:18] [DISPATCH] Task 4 (Collect Network) P0 gets CPU
[12:51:18] [TASK] Network Fetch starting
[12:51:18] [TASK] Network Fetch completed (exec #284)
[12:51:19] 
=== TICK 479 ===
[12:51:19] [READY] Task 1 (Collect CPU) ready - interval 1s elapsed
[12:51:19] [READY] Task 2 (Collect RAM) ready - interval 1s elapsed
[12:51:19] [READY] Task 3 (Collect DISK) ready - interval 1s elapsed
[12:51:19] [READY] Task 4 (Collect Network) ready - interval 1s elapsed
[12:51:19] [READY] Task 5 (Analyzer) ready - interval 1s elapsed
[12:51:19] [DISPATCH] Executing 5 ready task(s) in priority order
[12:51:19] [DISPATCH] Task 1 (Collect CPU) P3 gets CPU
[12:51:19] [TASK] CPU Monitor starting
[12:51:19] [TASK] CPU Monitor completed (exec #478)
[12:51:19] [DISPATCH] Task 2 (Collect RAM) P3 gets CPU
[12:51:19] [TASK] RAM Monitor starting
[12:51:19] [TASK] RAM Monitor completed (exec #316)
[12:51:19] [DISPATCH] Task 5 (Analyzer) P3 gets CPU
[12:51:19] [TASK] Analyzer starting
[12:51:19] [ERROR] Analyzer failed with code 256 (may need 'make all' first)
[12:51:19] [DISPATCH] Task 3 (Collect DISK) P2 gets CPU
[12:51:19] [TASK] Disk Monitor starting
[12:51:19] [TASK] Disk Monitor completed (exec #291)
[12:51:19] [DISPATCH] Task 4 (Collect Network) P0 gets CPU
[12:51:19] [TASK] Network Fetch starting
[12:51:19] [TASK] Network Fetch completed (exec #285)
[12:51:20] 
=== TICK 480 ===
[12:51:20] [READY] Task 1 (Collect CPU) ready - interval 1s elapsed
[12:51:20] [READY] Task 2 (Collect RAM) ready - interval 1s elapsed
[12:51:20] [READY] Task 3 (Collect DISK) ready - interval 1s elapsed
[12:51:20] [READY] Task 4 (Collect Network) ready - interval 1s elapsed
[12:51:20] [READY] Task 5 (Analyzer) ready - interval 1s elapsed
[12:51:20] [DISPATCH] Executing 5 ready task(s) in priority order
[12:51:20] [DISPATCH] Task 1 (Collect CPU) P3 gets CPU
[12:51:20] [TASK] CPU Monitor starting
[12:51:20] [TASK] CPU Monitor completed (exec #479)
[12:51:20] [DISPATCH] Task 2 (Collect RAM) P3 gets CPU
[12:51:20] [TASK] RAM Monitor starting
[12:51:20] [TASK] RAM Monitor completed (exec #317)
[12:51:20] [DISPATCH] Task 5 (Analyzer) P3 gets CPU
[12:51:20] [TASK] Analyzer starting
[12:51:20] [ERROR] Analyzer failed with code 256 (may need 'make all' first)
[12:51:20] [DISPATCH] Task 3 (Collect DISK) P2 gets CPU
[12:51:20] [TASK] Disk Monitor starting
[12:51:20] [TASK] Disk Monitor completed (exec #292)
[12:51:20] [DISPATCH] Task 4 (Collect Network) P0 gets CPU
[12:51:20] [TASK] Network Fetch starting
[12:51:20] [TASK] Network Fetch completed (exec #286)
[12:51:21] 
=== TICK 481 ===
[12:51:21] [READY] Task 1 (Collect CPU) ready - interval 1s elapsed
[12:51:21] [READY] Task 2 (Collect RAM) ready - interval 1s elapsed
[12:51:21] [READY] Task 3 (Collect DISK) ready - interval 1s elapsed
[12:51:21] [READY] Task 4 (Collect Network) ready - interval 1s elapsed
[12:51:21] [READY] Task 5 (Analyzer) ready - interval 1s elapsed
[12:51:21] [READY] Task 6 (Report Generator) ready - interval 9s elapsed
[12:51:21] [DISPATCH] Executing 6 ready task(s) in priority order
[12:51:21] [DISPATCH] Task 1 (Collect CPU) P3 gets CPU
[12:51:21] [TASK] CPU Monitor starting
[12:51:21] [TASK] CPU Monitor completed (exec #480)
[12:51:21] [DISPATCH] Task 2 (Collect RAM) P3 gets CPU
[12:51:21] [TASK] RAM Monitor starting
[12:51:21] [TASK] RAM Monitor completed (exec #318)
[12:51:21] [DISPATCH] Task 5 (Analyzer) P3 gets CPU
[12:51:21] [TASK] Analyzer starting
[12:51:21] [ERROR] Analyzer failed with code 256 (may need 'make all' first)
[12:51:21] [DISPATCH] Task 6 (Report Generator) P3 gets CPU
[12:51:21] [TASK] Report Generator starting
[12:51:22] [TASK] Report Generator completed (exec #54)
[12:51:22] [DISPATCH] Task 3 (Collect DISK) P2 gets CPU
[12:51:22] [TASK] Disk Monitor starting
[12:51:22] [TASK] Disk Monitor completed (exec #293)
[12:51:22] [DISPATCH] Task 4 (Collect Network) P0 gets CPU
[12:51:22] [TASK] Network Fetch starting
[12:51:22] [TASK] Network Fetch completed (exec #287)
[12:51:22] 
=== TICK 482 ===
[12:51:22] [READY] Task 1 (Collect CPU) ready - interval 1s elapsed
[12:51:22] [READY] Task 2 (Collect RAM) ready - interval 1s elapsed
[12:51:22] [READY] Task 5 (Analyzer) ready - interval 1s elapsed
[12:51:22] [DISPATCH] Executing 3 ready task(s) in priority order
[12:51:22] [DISPATCH] Task 1 (Collect CPU) P3 gets CPU
[12:51:22] [TASK] CPU Monitor starting
[12:51:23] [TASK] CPU Monitor completed (exec #481)
[12:51:23] [DISPATCH] Task 2 (Collect RAM) P3 gets CPU
[12:51:23] [TASK] RAM Monitor starting
[12:51:23] [TASK] RAM Monitor completed (exec #319)
[12:51:23] [DISPATCH] Task 5 (Analyzer) P3 gets CPU
[12:51:23] [TASK] Analyzer starting
[12:51:23] [ERROR] Analyzer failed with code 256 (may need 'make all' first)
[12:51:23] 
=== TICK 483 ===
[12:51:23] [READY] Task 1 (Collect CPU) ready - interval 1s elapsed
[12:51:23] [READY] Task 3 (Collect DISK) ready - interval 1s elapsed
[12:51:23] [READY] Task 4 (Collect Network) ready - interval 1s elapsed
[12:51:23] [DISPATCH] Executing 3 ready task(s) in priority order
[12:51:23] [DISPATCH] Task 1 (Collect CPU) P3 gets CPU
[12:51:23] [TASK] CPU Monitor starting
[12:51:24] [TASK] CPU Monitor completed (exec #482)
[12:51:24] [DISPATCH] Task 3 (Collect DISK) P2 gets CPU
[12:51:24] [TASK] Disk Monitor starting
[12:51:24] [TASK] Disk Monitor completed (exec #294)
[12:51:24] [DISPATCH] Task 4 (Collect Network) P0 gets CPU
[12:51:24] [TASK] Network Fetch starting
[12:51:24] [TASK] Network Fetch completed (exec #288)
[12:51:24] 
=== TICK 484 ===
[12:51:24] [READY] Task 1 (Collect CPU) ready - interval 1s elapsed
[12:51:24] [READY] Task 2 (Collect RAM) ready - interval 1s elapsed
[12:51:24] [READY] Task 5 (Analyzer) ready - interval 1s elapsed
[12:51:24] [DISPATCH] Executing 3 ready task(s) in priority order
[12:51:24] [DISPATCH] Task 1 (Collect CPU) P3 gets CPU
[12:51:24] [TASK] CPU Monitor starting
[12:51:25] [TASK] CPU Monitor completed (exec #483)
[12:51:25] [DISPATCH] Task 2 (Collect RAM) P3 gets CPU
[12:51:25] [TASK] RAM Monitor starting
[12:51:25] [TASK] RAM Monitor completed (exec #320)
[12:51:25] [DISPATCH] Task 5 (Analyzer) P3 gets CPU
[12:51:25] [TASK] Analyzer starting
[12:51:25] [ERROR] Analyzer failed with code 256 (may need 'make all' first)
[12:51:25] 
=== TICK 485 ===
[12:51:25] [READY] Task 1 (Collect CPU) ready - interval 1s elapsed
[12:51:25] [READY] Task 3 (Collect DISK) ready - interval 1s elapsed
[12:51:25] [READY] Task 4 (Collect Network) ready - interval 1s elapsed
[12:51:25] [DISPATCH] Executing 3 ready task(s) in priority order
[12:51:25] [DISPATCH] Task 1 (Collect CPU) P3 gets CPU
[12:51:25] [TASK] CPU Monitor starting
[12:51:26] [TASK] CPU Monitor completed (exec #484)
[12:51:26] [DISPATCH] Task 3 (Collect DISK) P2 gets CPU
[12:51:26] [TASK] Disk Monitor starting
[12:51:26] [TASK] Disk Monitor completed (exec #295)
[12:51:26] [DISPATCH] Task 4 (Collect Network) P0 gets CPU
[12:51:26] [TASK] Network Fetch starting
[12:51:26] [TASK] Network Fetch completed (exec #289)
[12:51:26] 
=== TICK 486 ===
[12:51:26] [READY] Task 1 (Collect CPU) ready - interval 1s elapsed
[12:51:26] [READY] Task 2 (Collect RAM) ready - interval 1s elapsed
[12:51:26] [READY] Task 5 (Analyzer) ready - interval 1s elapsed
[12:51:26] [DISPATCH] Executing 3 ready task(s) in priority order
[12:51:26] [DISPATCH] Task 1 (Collect CPU) P3 gets CPU
[12:51:26] [TASK] CPU Monitor starting
[12:51:27] [TASK] CPU Monitor completed (exec #485)
[12:51:27] [DISPATCH] Task 2 (Collect RAM) P3 gets CPU
[12:51:27] [TASK] RAM Monitor starting
[12:51:27] [TASK] RAM Monitor completed (exec #321)
[12:51:27] [DISPATCH] Task 5 (Analyzer) P3 gets CPU
[12:51:27] [TASK] Analyzer starting
[12:51:27] [ERROR] Analyzer failed with code 256 (may need 'make all' first)
[12:51:27] 
=== TICK 487 ===
[12:51:27] [READY] Task 1 (Collect CPU) ready - interval 1s elapsed
[12:51:27] [READY] Task 3 (Collect DISK) ready - interval 1s elapsed
[12:51:27] [READY] Task 4 (Collect Network) ready - interval 1s elapsed
[12:51:27] [DISPATCH] Executing 3 ready task(s) in priority order
[12:51:27] [DISPATCH] Task 1 (Collect CPU) P3 gets CPU
[12:51:27] [TASK] CPU Monitor starting
[12:51:28] [TASK] CPU Monitor completed (exec #486)
[12:51:28] [DISPATCH] Task 3 (Collect DISK) P2 gets CPU
[12:51:28] [TASK] Disk Monitor starting
[12:51:28] [TASK] Disk Monitor completed (exec #296)
[12:51:28] [DISPATCH] Task 4 (Collect Network) P0 gets CPU
[12:51:28] [TASK] Network Fetch starting
[12:51:28] [TASK] Network Fetch completed (exec #290)
[12:51:28] 
=== TICK 488 ===
[12:51:28] [READY] Task 1 (Collect CPU) ready - interval 1s elapsed
[12:51:28] [READY] Task 2 (Collect RAM) ready - interval 1s elapsed
[12:51:28] [READY] Task 5 (Analyzer) ready - interval 1s elapsed
[12:51:28] [DISPATCH] Executing 3 ready task(s) in priority order
[12:51:28] [DISPATCH] Task 1 (Collect CPU) P3 gets CPU
[12:51:28] [TASK] CPU Monitor starting
[12:51:29] [TASK] CPU Monitor completed (exec #487)
[12:51:29] [DISPATCH] Task 2 (Collect RAM) P3 gets CPU
[12:51:29] [TASK] RAM Monitor starting
[12:51:29] [TASK] RAM Monitor completed (exec #322)
[12:51:29] [DISPATCH] Task 5 (Analyzer) P3 gets CPU
[12:51:29] [TASK] Analyzer starting
[12:51:29] [ERROR] Analyzer failed with code 256 (may need 'make all' first)
[12:51:29] 
=== TICK 489 ===
[12:51:29] [READY] Task 1 (Collect CPU) ready - interval 1s elapsed
[12:51:29] [READY] Task 3 (Collect DISK) ready - interval 1s elapsed
[12:51:29] [READY] Task 4 (Collect Network) ready - interval 1s elapsed
[12:51:29] [DISPATCH] Executing 3 ready task(s) in priority order
[12:51:29] [DISPATCH] Task 1 (Collect CPU) P3 gets CPU
[12:51:29] [TASK] CPU Monitor starting
[12:51:30] [TASK] CPU Monitor completed (exec #488)
[12:51:30] [DISPATCH] Task 3 (Collect DISK) P2 gets CPU
[12:51:30] [TASK] Disk Monitor starting
[12:51:30] [TASK] Disk Monitor completed (exec #297)
[12:51:30] [DISPATCH] Task 4 (Collect Network) P0 gets CPU
[12:51:30] [TASK] Network Fetch starting
[12:51:30] [TASK] Network Fetch completed (exec #291)
[12:51:30] 
=== TICK 490 ===
[12:51:30] [READY] Task 1 (Collect CPU) ready - interval 1s elapsed
[12:51:30] [READY] Task 2 (Collect RAM) ready - interval 1s elapsed
[12:51:30] [READY] Task 5 (Analyzer) ready - interval 1s elapsed
[12:51:30] [READY] Task 6 (Report Generator) ready - interval 9s elapsed
[12:51:30] [DISPATCH] Executing 4 ready task(s) in priority order
[12:51:30] [DISPATCH] Task 1 (Collect CPU) P3 gets CPU
[12:51:30] [TASK] CPU Monitor starting
[12:51:31] [TASK] CPU Monitor completed (exec #489)
[12:51:31] [DISPATCH] Task 2 (Collect RAM) P3 gets CPU
[12:51:31] [TASK] RAM Monitor starting
[12:51:31] [TASK] RAM Monitor completed (exec #323)
[12:51:31] [DISPATCH] Task 5 (Analyzer) P3 gets CPU
[12:51:31] [TASK] Analyzer starting
[12:51:31] [ERROR] Analyzer failed with code 256 (may need 'make all' first)
[12:51:31] [DISPATCH] Task 6 (Report Generator) P3 gets CPU
[12:51:31] [TASK] Report Generator starting
[12:51:32] [TASK] Report Generator completed (exec #55)
[12:51:32] 
=== TICK 491 ===
[12:51:32] [READY] Task 1 (Collect CPU) ready - interval 1s elapsed
[12:51:32] [READY] Task 2 (Collect RAM) ready - interval 1s elapsed
[12:51:32] [READY] Task 3 (Collect DISK) ready - interval 1s elapsed
[12:51:32] [READY] Task 4 (Collect Network) ready - interval 1s elapsed
[12:51:32] [READY] Task 5 (Analyzer) ready - interval 1s elapsed
[12:51:32] [DISPATCH] Executing 5 ready task(s) in priority order
[12:51:32] [DISPATCH] Task 1 (Collect CPU) P3 gets CPU
[12:51:32] [TASK] CPU Monitor starting
[12:51:33] [TASK] CPU Monitor completed (exec #490)
[12:51:33] [DISPATCH] Task 2 (Collect RAM) P3 gets CPU
[12:51:33] [TASK] RAM Monitor starting
[12:51:33] [TASK] RAM Monitor completed (exec #324)
[12:51:33] [DISPATCH] Task 5 (Analyzer) P3 gets CPU
[12:51:33] [TASK] Analyzer starting
[12:51:33] [ERROR] Analyzer failed with code 256 (may need 'make all' first)
[12:51:33] [DISPATCH] Task 3 (Collect DISK) P2 gets CPU
[12:51:33] [TASK] Disk Monitor starting
[12:51:33] [TASK] Disk Monitor completed (exec #298)
[12:51:33] [DISPATCH] Task 4 (Collect Network) P0 gets CPU
[12:51:33] [TASK] Network Fetch starting
[12:51:33] [TASK] Network Fetch completed (exec #292)
[12:51:33] 
=== TICK 492 ===
[12:51:33] [READY] Task 1 (Collect CPU) ready - interval 1s elapsed
[12:51:33] [DISPATCH] Executing 1 ready task(s) in priority order
[12:51:33] [DISPATCH] Task 1 (Collect CPU) P3 gets CPU
[12:51:33] [TASK] CPU Monitor starting
[12:51:34] [TASK] CPU Monitor completed (exec #491)
[12:51:34] 
=== TICK 493 ===
[12:51:34] [READY] Task 1 (Collect CPU) ready - interval 1s elapsed
[12:51:34] [READY] Task 2 (Collect RAM) ready - interval 1s elapsed
[12:51:34] [READY] Task 3 (Collect DISK) ready - interval 1s elapsed
[12:51:34] [READY] Task 4 (Collect Network) ready - interval 1s elapsed
[12:51:34] [READY] Task 5 (Analyzer) ready - interval 1s elapsed
[12:51:34] [DISPATCH] Executing 5 ready task(s) in priority order
[12:51:34] [DISPATCH] Task 1 (Collect CPU) P3 gets CPU
[12:51:34] [TASK] CPU Monitor starting
[12:51:35] [TASK] CPU Monitor completed (exec #492)
[12:51:35] [DISPATCH] Task 2 (Collect RAM) P3 gets CPU
[12:51:35] [TASK] RAM Monitor starting
[12:51:35] [TASK] RAM Monitor completed (exec #325)
[12:51:35] [DISPATCH] Task 5 (Analyzer) P3 gets CPU
[12:51:35] [TASK] Analyzer starting
[12:51:35] [ERROR] Analyzer failed with code 256 (may need 'make all' first)
[12:51:35] [DISPATCH] Task 3 (Collect DISK) P2 gets CPU
[12:51:35] [TASK] Disk Monitor starting
[12:51:35] [TASK] Disk Monitor completed (exec #299)
[12:51:35] [DISPATCH] Task 4 (Collect Network) P0 gets CPU
[12:51:35] [TASK] Network Fetch starting
[12:51:35] [TASK] Network Fetch completed (exec #293)
[12:51:35] 
=== TICK 494 ===
[12:51:35] [READY] Task 1 (Collect CPU) ready - interval 1s elapsed
[12:51:35] [DISPATCH] Executing 1 ready task(s) in priority order
[12:51:35] [DISPATCH] Task 1 (Collect CPU) P3 gets CPU
[12:51:35] [TASK] CPU Monitor starting
[12:51:36] [TASK] CPU Monitor completed (exec #493)
[12:51:36] 
=== TICK 495 ===
[12:51:36] [READY] Task 1 (Collect CPU) ready - interval 1s elapsed
[12:51:36] [READY] Task 2 (Collect RAM) ready - interval 1s elapsed
[12:51:36] [READY] Task 3 (Collect DISK) ready - interval 1s elapsed
[12:51:36] [READY] Task 4 (Collect Network) ready - interval 1s elapsed
[12:51:36] [READY] Task 5 (Analyzer) ready - interval 1s elapsed
[12:51:36] [DISPATCH] Executing 5 ready task(s) in priority order
[12:51:36] [DISPATCH] Task 1 (Collect CPU) P3 gets CPU
[12:51:36] [TASK] CPU Monitor starting
[12:51:37] [TASK] CPU Monitor completed (exec #494)
[12:51:37] [DISPATCH] Task 2 (Collect RAM) P3 gets CPU
[12:51:37] [TASK] RAM Monitor starting
[12:51:37] [TASK] RAM Monitor completed (exec #326)
[12:51:37] [DISPATCH] Task 5 (Analyzer) P3 gets CPU
[12:51:37] [TASK] Analyzer starting
[12:51:37] [ERROR] Analyzer failed with code 256 (may need 'make all' first)
[12:51:37] [DISPATCH] Task 3 (Collect DISK) P2 gets CPU
[12:51:37] [TASK] Disk Monitor starting
[12:51:37] [TASK] Disk Monitor completed (exec #300)
[12:51:37] [DISPATCH] Task 4 (Collect Network) P0 gets CPU
[12:51:37] [TASK] Network Fetch starting
[12:51:37] [TASK] Network Fetch completed (exec #294)
[12:51:37] 
=== TICK 496 ===
[12:51:37] [READY] Task 1 (Collect CPU) ready - interval 1s elapsed
[12:51:37] [DISPATCH] Executing 1 ready task(s) in priority order
[12:51:37] [DISPATCH] Task 1 (Collect CPU) P3 gets CPU
[12:51:37] [TASK] CPU Monitor starting
[12:51:38] [TASK] CPU Monitor completed (exec #495)
[12:51:38] 
=== TICK 497 ===
[12:51:38] [READY] Task 1 (Collect CPU) ready - interval 1s elapsed
[12:51:38] [READY] Task 2 (Collect RAM) ready - interval 1s elapsed
[12:51:38] [READY] Task 3 (Collect DISK) ready - interval 1s elapsed
[12:51:38] [READY] Task 4 (Collect Network) ready - interval 1s elapsed
[12:51:38] [READY] Task 5 (Analyzer) ready - interval 1s elapsed
[12:51:38] [DISPATCH] Executing 5 ready task(s) in priority order
[12:51:38] [DISPATCH] Task 1 (Collect CPU) P3 gets CPU
[12:51:38] [TASK] CPU Monitor starting
[12:51:39] [TASK] CPU Monitor completed (exec #496)
[12:51:39] [DISPATCH] Task 2 (Collect RAM) P3 gets CPU
[12:51:39] [TASK] RAM Monitor starting
[12:51:39] [TASK] RAM Monitor completed (exec #327)
[12:51:39] [DISPATCH] Task 5 (Analyzer) P3 gets CPU
[12:51:39] [TASK] Analyzer starting
[12:51:39] [ERROR] Analyzer failed with code 256 (may need 'make all' first)
[12:51:39] [DISPATCH] Task 3 (Collect DISK) P2 gets CPU
[12:51:39] [TASK] Disk Monitor starting
[12:51:39] [TASK] Disk Monitor completed (exec #301)
[12:51:39] [DISPATCH] Task 4 (Collect Network) P0 gets CPU
[12:51:39] [TASK] Network Fetch starting
[12:51:39] [TASK] Network Fetch completed (exec #295)
[12:51:39] 
=== TICK 498 ===
[12:51:39] [READY] Task 1 (Collect CPU) ready - interval 1s elapsed
[12:51:39] [DISPATCH] Executing 1 ready task(s) in priority order
[12:51:39] [DISPATCH] Task 1 (Collect CPU) P3 gets CPU
[12:51:39] [TASK] CPU Monitor starting
[12:51:40] [TASK] CPU Monitor completed (exec #497)
[12:51:40] 
=== TICK 499 ===
[12:51:40] [READY] Task 1 (Collect CPU) ready - interval 1s elapsed
[12:51:40] [READY] Task 2 (Collect RAM) ready - interval 1s elapsed
[12:51:40] [READY] Task 3 (Collect DISK) ready - interval 1s elapsed
[12:51:40] [READY] Task 4 (Collect Network) ready - interval 1s elapsed
[12:51:40] [READY] Task 5 (Analyzer) ready - interval 1s elapsed
[12:51:40] [READY] Task 6 (Report Generator) ready - interval 9s elapsed
[12:51:40] [DISPATCH] Executing 6 ready task(s) in priority order
[12:51:40] [DISPATCH] Task 1 (Collect CPU) P3 gets CPU
[12:51:40] [TASK] CPU Monitor starting
[12:51:41] [TASK] CPU Monitor completed (exec #498)
[12:51:41] [DISPATCH] Task 2 (Collect RAM) P3 gets CPU
[12:51:41] [TASK] RAM Monitor starting
[12:51:41] [TASK] RAM Monitor completed (exec #328)
[12:51:41] [DISPATCH] Task 5 (Analyzer) P3 gets CPU
[12:51:41] [TASK] Analyzer starting
[12:51:41] [ERROR] Analyzer failed with code 256 (may need 'make all' first)
[12:51:41] [DISPATCH] Task 6 (Report Generator) P3 gets CPU
[12:51:41] [TASK] Report Generator starting
[12:51:42] [TASK] Report Generator completed (exec #56)
[12:51:42] [DISPATCH] Task 3 (Collect DISK) P2 gets CPU
[12:51:42] [TASK] Disk Monitor starting
[12:51:42] [TASK] Disk Monitor completed (exec #302)
[12:51:42] [DISPATCH] Task 4 (Collect Network) P0 gets CPU
[12:51:42] [TASK] Network Fetch starting
[12:51:42] [TASK] Network Fetch completed (exec #296)
[12:51:42] 
=== TICK 500 ===
[12:51:42] [READY] Task 1 (Collect CPU) ready - interval 1s elapsed
[12:51:42] [READY] Task 2 (Collect RAM) ready - interval 1s elapsed
[12:51:42] [READY] Task 5 (Analyzer) ready - interval 1s elapsed
[12:51:42] [DISPATCH] Executing 3 ready task(s) in priority order
[12:51:42] [DISPATCH] Task 1 (Collect CPU) P3 gets CPU
[12:51:42] [TASK] CPU Monitor starting
[12:51:42] [TASK] CPU Monitor completed (exec #499)
[12:51:42] [DISPATCH] Task 2 (Collect RAM) P3 gets CPU
[12:51:42] [TASK] RAM Monitor starting
[12:51:42] [TASK] RAM Monitor completed (exec #329)
[12:51:42] [DISPATCH] Task 5 (Analyzer) P3 gets CPU
[12:51:42] [TASK] Analyzer starting
[12:51:42] [ERROR] Analyzer failed with code 256 (may need 'make all' first)
[12:51:43] 
=== TICK 501 ===
[12:51:43] [READY] Task 1 (Collect CPU) ready - interval 1s elapsed
[12:51:43] [READY] Task 2 (Collect RAM) ready - interval 1s elapsed
[12:51:43] [READY] Task 3 (Collect DISK) ready - interval 1s elapsed
[12:51:43] [READY] Task 4 (Collect Network) ready - interval 1s elapsed
[12:51:43] [READY] Task 5 (Analyzer) ready - interval 1s elapsed
[12:51:43] [DISPATCH] Executing 5 ready task(s) in priority order
[12:51:43] [DISPATCH] Task 1 (Collect CPU) P3 gets CPU
[12:51:43] [TASK] CPU Monitor starting
[12:51:43] [TASK] CPU Monitor completed (exec #500)
[12:51:43] [DISPATCH] Task 2 (Collect RAM) P3 gets CPU
[12:51:43] [TASK] RAM Monitor starting
[12:51:43] [TASK] RAM Monitor completed (exec #330)
[12:51:43] [DISPATCH] Task 5 (Analyzer) P3 gets CPU
[12:51:43] [TASK] Analyzer starting
[12:51:43] [ERROR] Analyzer failed with code 256 (may need 'make all' first)
[12:51:43] [DISPATCH] Task 3 (Collect DISK) P2 gets CPU
[12:51:43] [TASK] Disk Monitor starting
[12:51:43] [TASK] Disk Monitor completed (exec #303)
[12:51:43] [DISPATCH] Task 4 (Collect Network) P0 gets CPU
[12:51:43] [TASK] Network Fetch starting
[12:51:44] [TASK] Network Fetch completed (exec #297)
[12:51:44] 
=== TICK 502 ===
[12:51:44] [READY] Task 1 (Collect CPU) ready - interval 1s elapsed
[12:51:44] [READY] Task 2 (Collect RAM) ready - interval 1s elapsed
[12:51:44] [READY] Task 3 (Collect DISK) ready - interval 1s elapsed
[12:51:44] [READY] Task 4 (Collect Network) ready - interval 1s elapsed
[12:51:44] [READY] Task 5 (Analyzer) ready - interval 1s elapsed
[12:51:44] [DISPATCH] Executing 5 ready task(s) in priority order
[12:51:44] [DISPATCH] Task 1 (Collect CPU) P3 gets CPU
[12:51:44] [TASK] CPU Monitor starting
[12:51:44] [TASK] CPU Monitor completed (exec #501)
[12:51:44] [DISPATCH] Task 2 (Collect RAM) P3 gets CPU
[12:51:44] [TASK] RAM Monitor starting
[12:51:44] [TASK] RAM Monitor completed (exec #331)
[12:51:44] [DISPATCH] Task 5 (Analyzer) P3 gets CPU
[12:51:44] [TASK] Analyzer starting
[12:51:44] [ERROR] Analyzer failed with code 256 (may need 'make all' first)
[12:51:44] [DISPATCH] Task 3 (Collect DISK) P2 gets CPU
[12:51:44] [TASK] Disk Monitor starting
[12:51:45] [TASK] Disk Monitor completed (exec #304)
[12:51:45] [DISPATCH] Task 4 (Collect Network) P0 gets CPU
[12:51:45] [TASK] Network Fetch starting
[12:51:45] [TASK] Network Fetch completed (exec #298)
[12:51:45] 
=== TICK 503 ===
[12:51:45] [READY] Task 1 (Collect CPU) ready - interval 1s elapsed
[12:51:45] [READY] Task 2 (Collect RAM) ready - interval 1s elapsed
[12:51:45] [READY] Task 3 (Collect DISK) ready - interval 1s elapsed
[12:51:45] [READY] Task 5 (Analyzer) ready - interval 1s elapsed
[12:51:45] [DISPATCH] Executing 4 ready task(s) in priority order
[12:51:45] [DISPATCH] Task 1 (Collect CPU) P3 gets CPU
[12:51:45] [TASK] CPU Monitor starting
[12:51:45] [TASK] CPU Monitor completed (exec #502)
[12:51:45] [DISPATCH] Task 2 (Collect RAM) P3 gets CPU
[12:51:45] [TASK] RAM Monitor starting
[12:51:45] [TASK] RAM Monitor completed (exec #332)
[12:51:45] [DISPATCH] Task 5 (Analyzer) P3 gets CPU
[12:51:45] [TASK] Analyzer starting
[12:51:45] [ERROR] Analyzer failed with code 256 (may need 'make all' first)
[12:51:45] [DISPATCH] Task 3 (Collect DISK) P2 gets CPU
[12:51:45] [TASK] Disk Monitor starting
[12:51:46] [TASK] Disk Monitor completed (exec #305)
[12:51:47] 
=== TICK 504 ===
[12:51:47] [READY] Task 1 (Collect CPU) ready - interval 1s elapsed
[12:51:47] [READY] Task 2 (Collect RAM) ready - interval 1s elapsed
[12:51:47] [READY] Task 3 (Collect DISK) ready - interval 1s elapsed
[12:51:47] [READY] Task 4 (Collect Network) ready - interval 1s elapsed
[12:51:47] [READY] Task 5 (Analyzer) ready - interval 1s elapsed
[12:51:47] [DISPATCH] Executing 5 ready task(s) in priority order
[12:51:47] [DISPATCH] Task 1 (Collect CPU) P3 gets CPU
[12:51:47] [TASK] CPU Monitor starting
[12:51:47] [TASK] CPU Monitor completed (exec #503)
[12:51:47] [DISPATCH] Task 2 (Collect RAM) P3 gets CPU
[12:51:47] [TASK] RAM Monitor starting
[12:51:47] [TASK] RAM Monitor completed (exec #333)
[12:51:47] [DISPATCH] Task 5 (Analyzer) P3 gets CPU
[12:51:47] [TASK] Analyzer starting
[12:51:47] [ERROR] Analyzer failed with code 256 (may need 'make all' first)
[12:51:47] [DISPATCH] Task 3 (Collect DISK) P2 gets CPU
[12:51:47] [TASK] Disk Monitor starting
[12:51:47] [TASK] Disk Monitor completed (exec #306)
[12:51:47] [DISPATCH] Task 4 (Collect Network) P0 gets CPU
[12:51:47] [TASK] Network Fetch starting
[12:51:47] [TASK] Network Fetch completed (exec #299)
[12:51:48] 
=== TICK 505 ===
[12:51:48] [READY] Task 1 (Collect CPU) ready - interval 1s elapsed
[12:51:48] [READY] Task 2 (Collect RAM) ready - interval 1s elapsed
[12:51:48] [READY] Task 3 (Collect DISK) ready - interval 1s elapsed
[12:51:48] [READY] Task 4 (Collect Network) ready - interval 1s elapsed
[12:51:48] [READY] Task 5 (Analyzer) ready - interval 1s elapsed
[12:51:48] [DISPATCH] Executing 5 ready task(s) in priority order
[12:51:48] [DISPATCH] Task 1 (Collect CPU) P3 gets CPU
[12:51:48] [TASK] CPU Monitor starting
[12:51:48] [TASK] CPU Monitor completed (exec #504)
[12:51:48] [DISPATCH] Task 2 (Collect RAM) P3 gets CPU
[12:51:48] [TASK] RAM Monitor starting
[12:51:48] [TASK] RAM Monitor completed (exec #334)
[12:51:48] [DISPATCH] Task 5 (Analyzer) P3 gets CPU
[12:51:48] [TASK] Analyzer starting
[12:51:48] [ERROR] Analyzer failed with code 256 (may need 'make all' first)
[12:51:48] [DISPATCH] Task 3 (Collect DISK) P2 gets CPU
[12:51:48] [TASK] Disk Monitor starting
[12:51:48] [TASK] Disk Monitor completed (exec #307)
[12:51:48] [DISPATCH] Task 4 (Collect Network) P0 gets CPU
[12:51:48] [TASK] Network Fetch starting
[12:51:48] [TASK] Network Fetch completed (exec #300)
[12:51:49] 
=== TICK 506 ===
[12:51:49] [READY] Task 1 (Collect CPU) ready - interval 1s elapsed
[12:51:49] [READY] Task 2 (Collect RAM) ready - interval 1s elapsed
[12:51:49] [READY] Task 3 (Collect DISK) ready - interval 1s elapsed
[12:51:49] [READY] Task 4 (Collect Network) ready - interval 1s elapsed
[12:51:49] [READY] Task 5 (Analyzer) ready - interval 1s elapsed
[12:51:49] [DISPATCH] Executing 5 ready task(s) in priority order
[12:51:49] [DISPATCH] Task 1 (Collect CPU) P3 gets CPU
[12:51:49] [TASK] CPU Monitor starting
[12:51:49] [TASK] CPU Monitor completed (exec #505)
[12:51:49] [DISPATCH] Task 2 (Collect RAM) P3 gets CPU
[12:51:49] [TASK] RAM Monitor starting
[12:51:49] [TASK] RAM Monitor completed (exec #335)
[12:51:49] [DISPATCH] Task 5 (Analyzer) P3 gets CPU
[12:51:49] [TASK] Analyzer starting
[12:51:49] [ERROR] Analyzer failed with code 256 (may need 'make all' first)
[12:51:49] [DISPATCH] Task 3 (Collect DISK) P2 gets CPU
[12:51:49] [TASK] Disk Monitor starting
[12:51:49] [TASK] Disk Monitor completed (exec #308)
[12:51:49] [DISPATCH] Task 4 (Collect Network) P0 gets CPU
[12:51:49] [TASK] Network Fetch starting
[12:51:50] [TASK] Network Fetch completed (exec #301)
[12:51:50] 
=== TICK 507 ===
[12:51:50] [READY] Task 1 (Collect CPU) ready - interval 1s elapsed
[12:51:50] [READY] Task 2 (Collect RAM) ready - interval 1s elapsed
[12:51:50] [READY] Task 3 (Collect DISK) ready - interval 1s elapsed
[12:51:50] [READY] Task 4 (Collect Network) ready - interval 1s elapsed
[12:51:50] [READY] Task 5 (Analyzer) ready - interval 1s elapsed
[12:51:50] [READY] Task 6 (Report Generator) ready - interval 9s elapsed
[12:51:50] [DISPATCH] Executing 6 ready task(s) in priority order
[12:51:50] [DISPATCH] Task 1 (Collect CPU) P3 gets CPU
[12:51:50] [TASK] CPU Monitor starting
[12:51:50] [TASK] CPU Monitor completed (exec #506)
[12:51:50] [DISPATCH] Task 2 (Collect RAM) P3 gets CPU
[12:51:50] [TASK] RAM Monitor starting
[12:51:50] [TASK] RAM Monitor completed (exec #336)
[12:51:50] [DISPATCH] Task 5 (Analyzer) P3 gets CPU
[12:51:50] [TASK] Analyzer starting
[12:51:50] [ERROR] Analyzer failed with code 256 (may need 'make all' first)
[12:51:50] [DISPATCH] Task 6 (Report Generator) P3 gets CPU
[12:51:50] [TASK] Report Generator starting
[12:51:51] [TASK] Report Generator completed (exec #57)
[12:51:51] [DISPATCH] Task 3 (Collect DISK) P2 gets CPU
[12:51:51] [TASK] Disk Monitor starting
[12:51:51] [TASK] Disk Monitor completed (exec #309)
[12:51:51] [DISPATCH] Task 4 (Collect Network) P0 gets CPU
[12:51:51] [TASK] Network Fetch starting
[12:51:51] [TASK] Network Fetch completed (exec #302)
[12:51:51] 
=== TICK 508 ===
[12:51:51] [READY] Task 1 (Collect CPU) ready - interval 1s elapsed
[12:51:51] [READY] Task 2 (Collect RAM) ready - interval 1s elapsed
[12:51:51] [READY] Task 5 (Analyzer) ready - interval 1s elapsed
[12:51:51] [DISPATCH] Executing 3 ready task(s) in priority order
[12:51:51] [DISPATCH] Task 1 (Collect CPU) P3 gets CPU
[12:51:51] [TASK] CPU Monitor starting
[12:51:52] [TASK] CPU Monitor completed (exec #507)
[12:51:52] [DISPATCH] Task 2 (Collect RAM) P3 gets CPU
[12:51:52] [TASK] RAM Monitor starting
[12:51:52] [TASK] RAM Monitor completed (exec #337)
[12:51:52] [DISPATCH] Task 5 (Analyzer) P3 gets CPU
[12:51:52] [TASK] Analyzer starting
[12:51:52] [ERROR] Analyzer failed with code 256 (may need 'make all' first)
[12:51:52] 
=== TICK 509 ===
[12:51:52] [READY] Task 1 (Collect CPU) ready - interval 1s elapsed
[12:51:52] [READY] Task 3 (Collect DISK) ready - interval 1s elapsed
[12:51:52] [READY] Task 4 (Collect Network) ready - interval 1s elapsed
[12:51:52] [DISPATCH] Executing 3 ready task(s) in priority order
[12:51:52] [DISPATCH] Task 1 (Collect CPU) P3 gets CPU
[12:51:52] [TASK] CPU Monitor starting
[12:51:53] [TASK] CPU Monitor completed (exec #508)
[12:51:53] [DISPATCH] Task 3 (Collect DISK) P2 gets CPU
[12:51:53] [TASK] Disk Monitor starting
[12:51:53] [TASK] Disk Monitor completed (exec #310)
[12:51:53] [DISPATCH] Task 4 (Collect Network) P0 gets CPU
[12:51:53] [TASK] Network Fetch starting
[12:51:53] [TASK] Network Fetch completed (exec #303)
[12:51:53] 
=== TICK 510 ===
[12:51:53] [READY] Task 1 (Collect CPU) ready - interval 1s elapsed
[12:51:53] [READY] Task 2 (Collect RAM) ready - interval 1s elapsed
[12:51:53] [READY] Task 5 (Analyzer) ready - interval 1s elapsed
[12:51:53] [DISPATCH] Executing 3 ready task(s) in priority order
[12:51:53] [DISPATCH] Task 1 (Collect CPU) P3 gets CPU
[12:51:53] [TASK] CPU Monitor starting
[12:51:54] [TASK] CPU Monitor completed (exec #509)
[12:51:54] [DISPATCH] Task 2 (Collect RAM) P3 gets CPU
[12:51:54] [TASK] RAM Monitor starting
[12:51:54] [TASK] RAM Monitor completed (exec #338)
[12:51:54] [DISPATCH] Task 5 (Analyzer) P3 gets CPU
[12:51:54] [TASK] Analyzer starting
[12:51:54] [ERROR] Analyzer failed with code 256 (may need 'make all' first)
[12:51:54] 
=== TICK 511 ===
[12:51:54] [READY] Task 1 (Collect CPU) ready - interval 1s elapsed
[12:51:54] [READY] Task 3 (Collect DISK) ready - interval 1s elapsed
[12:51:54] [READY] Task 4 (Collect Network) ready - interval 1s elapsed
[12:51:54] [DISPATCH] Executing 3 ready task(s) in priority order
[12:51:54] [DISPATCH] Task 1 (Collect CPU) P3 gets CPU
[12:51:54] [TASK] CPU Monitor starting
[12:51:55] [TASK] CPU Monitor completed (exec #510)
[12:51:55] [DISPATCH] Task 3 (Collect DISK) P2 gets CPU
[12:51:55] [TASK] Disk Monitor starting
[12:51:55] [TASK] Disk Monitor completed (exec #311)
[12:51:55] [DISPATCH] Task 4 (Collect Network) P0 gets CPU
[12:51:55] [TASK] Network Fetch starting
[12:51:55] [TASK] Network Fetch completed (exec #304)
[12:51:55] 
=== TICK 512 ===
[12:51:55] [READY] Task 1 (Collect CPU) ready - interval 1s elapsed
[12:51:55] [READY] Task 2 (Collect RAM) ready - interval 1s elapsed
[12:51:55] [READY] Task 5 (Analyzer) ready - interval 1s elapsed
[12:51:55] [DISPATCH] Executing 3 ready task(s) in priority order
[12:51:55] [DISPATCH] Task 1 (Collect CPU) P3 gets CPU
[12:51:55] [TASK] CPU Monitor starting
[12:51:56] [TASK] CPU Monitor completed (exec #511)
[12:51:56] [DISPATCH] Task 2 (Collect RAM) P3 gets CPU
[12:51:56] [TASK] RAM Monitor starting
[12:51:56] [TASK] RAM Monitor completed (exec #339)
[12:51:56] [DISPATCH] Task 5 (Analyzer) P3 gets CPU
[12:51:56] [TASK] Analyzer starting
[12:51:56] [ERROR] Analyzer failed with code 256 (may need 'make all' first)
[12:51:56] 
=== TICK 513 ===
[12:51:56] [READY] Task 1 (Collect CPU) ready - interval 1s elapsed
[12:51:56] [READY] Task 3 (Collect DISK) ready - interval 1s elapsed
[12:51:56] [READY] Task 4 (Collect Network) ready - interval 1s elapsed
[12:51:56] [DISPATCH] Executing 3 ready task(s) in priority order
[12:51:56] [DISPATCH] Task 1 (Collect CPU) P3 gets CPU
[12:51:56] [TASK] CPU Monitor starting
[12:51:57] [TASK] CPU Monitor completed (exec #512)
[12:51:57] [DISPATCH] Task 3 (Collect DISK) P2 gets CPU
[12:51:57] [TASK] Disk Monitor starting
[12:51:57] [TASK] Disk Monitor completed (exec #312)
[12:51:57] [DISPATCH] Task 4 (Collect Network) P0 gets CPU
[12:51:57] [TASK] Network Fetch starting
[12:51:57] [TASK] Network Fetch completed (exec #305)
[12:51:57] 
=== TICK 514 ===
[12:51:57] [READY] Task 1 (Collect CPU) ready - interval 1s elapsed
[12:51:57] [READY] Task 2 (Collect RAM) ready - interval 1s elapsed
[12:51:57] [READY] Task 5 (Analyzer) ready - interval 1s elapsed
[12:51:57] [DISPATCH] Executing 3 ready task(s) in priority order
[12:51:57] [DISPATCH] Task 1 (Collect CPU) P3 gets CPU
[12:51:57] [TASK] CPU Monitor starting
[12:51:58] [TASK] CPU Monitor completed (exec #513)
[12:51:58] [DISPATCH] Task 2 (Collect RAM) P3 gets CPU
[12:51:58] [TASK] RAM Monitor starting
[12:51:58] [TASK] RAM Monitor completed (exec #340)
[12:51:58] [DISPATCH] Task 5 (Analyzer) P3 gets CPU
[12:51:58] [TASK] Analyzer starting
[12:51:58] [ERROR] Analyzer failed with code 256 (may need 'make all' first)
[12:51:58] 
=== TICK 515 ===
[12:51:58] [READY] Task 1 (Collect CPU) ready - interval 1s elapsed
[12:51:58] [READY] Task 3 (Collect DISK) ready - interval 1s elapsed
[12:51:58] [READY] Task 4 (Collect Network) ready - interval 1s elapsed
[12:51:58] [DISPATCH] Executing 3 ready task(s) in priority order
[12:51:58] [DISPATCH] Task 1 (Collect CPU) P3 gets CPU
[12:51:58] [TASK] CPU Monitor starting
[12:51:59] [TASK] CPU Monitor completed (exec #514)
[12:51:59] [DISPATCH] Task 3 (Collect DISK) P2 gets CPU
[12:51:59] [TASK] Disk Monitor starting
[12:51:59] [TASK] Disk Monitor completed (exec #313)
[12:51:59] [DISPATCH] Task 4 (Collect Network) P0 gets CPU
[12:51:59] [TASK] Network Fetch starting
[12:51:59] [TASK] Network Fetch completed (exec #306)
[12:51:59] 
=== TICK 516 ===
[12:51:59] [READY] Task 1 (Collect CPU) ready - interval 1s elapsed
[12:51:59] [READY] Task 2 (Collect RAM) ready - interval 1s elapsed
[12:51:59] [READY] Task 5 (Analyzer) ready - interval 1s elapsed
[12:51:59] [READY] Task 6 (Report Generator) ready - interval 9s elapsed
[12:51:59] [DISPATCH] Executing 4 ready task(s) in priority order
[12:51:59] [DISPATCH] Task 1 (Collect CPU) P3 gets CPU
[12:51:59] [TASK] CPU Monitor starting
[12:52:00] [TASK] CPU Monitor completed (exec #515)
[12:52:00] [DISPATCH] Task 2 (Collect RAM) P3 gets CPU
[12:52:00] [TASK] RAM Monitor starting
[12:52:00] [TASK] RAM Monitor completed (exec #341)
[12:52:00] [DISPATCH] Task 5 (Analyzer) P3 gets CPU
[12:52:00] [TASK] Analyzer starting
[12:52:00] [ERROR] Analyzer failed with code 256 (may need 'make all' first)
[12:52:00] [DISPATCH] Task 6 (Report Generator) P3 gets CPU
[12:52:00] [TASK] Report Generator starting
[12:52:01] [TASK] Report Generator completed (exec #58)
[12:52:01] 
=== TICK 517 ===
[12:52:01] [READY] Task 1 (Collect CPU) ready - interval 1s elapsed
[12:52:01] [READY] Task 2 (Collect RAM) ready - interval 1s elapsed
[12:52:01] [READY] Task 3 (Collect DISK) ready - interval 1s elapsed
[12:52:01] [READY] Task 4 (Collect Network) ready - interval 1s elapsed
[12:52:01] [READY] Task 5 (Analyzer) ready - interval 1s elapsed
[12:52:01] [DISPATCH] Executing 5 ready task(s) in priority order
[12:52:01] [DISPATCH] Task 1 (Collect CPU) P3 gets CPU
[12:52:01] [TASK] CPU Monitor starting
[12:52:02] [TASK] CPU Monitor completed (exec #516)
[12:52:02] [DISPATCH] Task 2 (Collect RAM) P3 gets CPU
[12:52:02] [TASK] RAM Monitor starting
[12:52:02] [TASK] RAM Monitor completed (exec #342)
[12:52:02] [DISPATCH] Task 5 (Analyzer) P3 gets CPU
[12:52:02] [TASK] Analyzer starting
[12:52:02] [ERROR] Analyzer failed with code 256 (may need 'make all' first)
[12:52:02] [DISPATCH] Task 3 (Collect DISK) P2 gets CPU
[12:52:02] [TASK] Disk Monitor starting
[12:52:02] [TASK] Disk Monitor completed (exec #314)
[12:52:02] [DISPATCH] Task 4 (Collect Network) P0 gets CPU
[12:52:02] [TASK] Network Fetch starting
[12:52:02] [TASK] Network Fetch completed (exec #307)
[12:52:02] 
=== TICK 518 ===
[12:52:02] [READY] Task 1 (Collect CPU) ready - interval 1s elapsed
[12:52:02] [DISPATCH] Executing 1 ready task(s) in priority order
[12:52:02] [DISPATCH] Task 1 (Collect CPU) P3 gets CPU
[12:52:02] [TASK] CPU Monitor starting
[12:52:03] [TASK] CPU Monitor completed (exec #517)
[12:52:03] 
=== TICK 519 ===
[12:52:03] [READY] Task 1 (Collect CPU) ready - interval 1s elapsed
[12:52:03] [READY] Task 2 (Collect RAM) ready - interval 1s elapsed
[12:52:03] [READY] Task 3 (Collect DISK) ready - interval 1s elapsed
[12:52:03] [READY] Task 4 (Collect Network) ready - interval 1s elapsed
[12:52:03] [READY] Task 5 (Analyzer) ready - interval 1s elapsed
[12:52:03] [DISPATCH] Executing 5 ready task(s) in priority order
[12:52:03] [DISPATCH] Task 1 (Collect CPU) P3 gets CPU
[12:52:03] [TASK] CPU Monitor starting
[12:52:04] [TASK] CPU Monitor completed (exec #518)
[12:52:04] [DISPATCH] Task 2 (Collect RAM) P3 gets CPU
[12:52:04] [TASK] RAM Monitor starting
[12:52:04] [TASK] RAM Monitor completed (exec #343)
[12:52:04] [DISPATCH] Task 5 (Analyzer) P3 gets CPU
[12:52:04] [TASK] Analyzer starting
[12:52:04] [ERROR] Analyzer failed with code 256 (may need 'make all' first)
[12:52:04] [DISPATCH] Task 3 (Collect DISK) P2 gets CPU
[12:52:04] [TASK] Disk Monitor starting
[12:52:04] [TASK] Disk Monitor completed (exec #315)
[12:52:04] [DISPATCH] Task 4 (Collect Network) P0 gets CPU
[12:52:04] [TASK] Network Fetch starting
[12:52:04] [TASK] Network Fetch completed (exec #308)
[12:52:04] 
=== TICK 520 ===
[12:52:04] [READY] Task 1 (Collect CPU) ready - interval 1s elapsed
[12:52:04] [DISPATCH] Executing 1 ready task(s) in priority order
[12:52:04] [DISPATCH] Task 1 (Collect CPU) P3 gets CPU
[12:52:04] [TASK] CPU Monitor starting
[12:52:05] [TASK] CPU Monitor completed (exec #519)
[12:52:05] 
=== TICK 521 ===
[12:52:05] [READY] Task 1 (Collect CPU) ready - interval 1s elapsed
[12:52:05] [READY] Task 2 (Collect RAM) ready - interval 1s elapsed
[12:52:05] [READY] Task 3 (Collect DISK) ready - interval 1s elapsed
[12:52:05] [READY] Task 4 (Collect Network) ready - interval 1s elapsed
[12:52:05] [READY] Task 5 (Analyzer) ready - interval 1s elapsed
[12:52:05] [DISPATCH] Executing 5 ready task(s) in priority order
[12:52:05] [DISPATCH] Task 1 (Collect CPU) P3 gets CPU
[12:52:05] [TASK] CPU Monitor starting
[12:52:06] [TASK] CPU Monitor completed (exec #520)
[12:52:06] [DISPATCH] Task 2 (Collect RAM) P3 gets CPU
[12:52:06] [TASK] RAM Monitor starting
[12:52:06] [TASK] RAM Monitor completed (exec #344)
[12:52:06] [DISPATCH] Task 5 (Analyzer) P3 gets CPU
[12:52:06] [TASK] Analyzer starting
[12:52:06] [ERROR] Analyzer failed with code 256 (may need 'make all' first)
[12:52:06] [DISPATCH] Task 3 (Collect DISK) P2 gets CPU
[12:52:06] [TASK] Disk Monitor starting
[12:52:06] [TASK] Disk Monitor completed (exec #316)
[12:52:06] [DISPATCH] Task 4 (Collect Network) P0 gets CPU
[12:52:06] [TASK] Network Fetch starting
[12:52:06] [TASK] Network Fetch completed (exec #309)
[12:52:06] 
=== TICK 522 ===
[12:52:06] [READY] Task 1 (Collect CPU) ready - interval 1s elapsed
[12:52:06] [DISPATCH] Executing 1 ready task(s) in priority order
[12:52:06] [DISPATCH] Task 1 (Collect CPU) P3 gets CPU
[12:52:06] [TASK] CPU Monitor starting
[12:52:07] [TASK] CPU Monitor completed (exec #521)
[12:52:07] 
=== TICK 523 ===
[12:52:07] [READY] Task 1 (Collect CPU) ready - interval 1s elapsed
[12:52:07] [READY] Task 2 (Collect RAM) ready - interval 1s elapsed
[12:52:07] [READY] Task 3 (Collect DISK) ready - interval 1s elapsed
[12:52:07] [READY] Task 4 (Collect Network) ready - interval 1s elapsed
[12:52:07] [READY] Task 5 (Analyzer) ready - interval 1s elapsed
[12:52:07] [DISPATCH] Executing 5 ready task(s) in priority order
[12:52:07] [DISPATCH] Task 1 (Collect CPU) P3 gets CPU
[12:52:07] [TASK] CPU Monitor starting
[12:52:08] [TASK] CPU Monitor completed (exec #522)
[12:52:08] [DISPATCH] Task 2 (Collect RAM) P3 gets CPU
[12:52:08] [TASK] RAM Monitor starting
[12:52:08] [TASK] RAM Monitor completed (exec #345)
[12:52:08] [DISPATCH] Task 5 (Analyzer) P3 gets CPU
[12:52:08] [TASK] Analyzer starting
[12:52:08] [ERROR] Analyzer failed with code 256 (may need 'make all' first)
[12:52:08] [DISPATCH] Task 3 (Collect DISK) P2 gets CPU
[12:52:08] [TASK] Disk Monitor starting
[12:52:08] [TASK] Disk Monitor completed (exec #317)
[12:52:08] [DISPATCH] Task 4 (Collect Network) P0 gets CPU
[12:52:08] [TASK] Network Fetch starting
[12:52:08] [TASK] Network Fetch completed (exec #310)
[12:52:08] 
=== TICK 524 ===
[12:52:08] [READY] Task 1 (Collect CPU) ready - interval 1s elapsed
[12:52:08] [DISPATCH] Executing 1 ready task(s) in priority order
[12:52:08] [DISPATCH] Task 1 (Collect CPU) P3 gets CPU
[12:52:08] [TASK] CPU Monitor starting
[12:52:09] [TASK] CPU Monitor completed (exec #523)
[12:52:09] 
=== TICK 525 ===
[12:52:09] [READY] Task 1 (Collect CPU) ready - interval 1s elapsed
[12:52:09] [READY] Task 2 (Collect RAM) ready - interval 1s elapsed
[12:52:09] [READY] Task 3 (Collect DISK) ready - interval 1s elapsed
[12:52:09] [READY] Task 4 (Collect Network) ready - interval 1s elapsed
[12:52:09] [READY] Task 5 (Analyzer) ready - interval 1s elapsed
[12:52:09] [READY] Task 6 (Report Generator) ready - interval 9s elapsed
[12:52:09] [DISPATCH] Executing 6 ready task(s) in priority order
[12:52:09] [DISPATCH] Task 1 (Collect CPU) P3 gets CPU
[12:52:09] [TASK] CPU Monitor starting
[12:52:10] [TASK] CPU Monitor completed (exec #524)
[12:52:10] [DISPATCH] Task 2 (Collect RAM) P3 gets CPU
[12:52:10] [TASK] RAM Monitor starting
[12:52:10] [TASK] RAM Monitor completed (exec #346)
[12:52:10] [DISPATCH] Task 5 (Analyzer) P3 gets CPU
[12:52:10] [TASK] Analyzer starting
[12:52:10] [ERROR] Analyzer failed with code 256 (may need 'make all' first)
[12:52:10] [DISPATCH] Task 6 (Report Generator) P3 gets CPU
[12:52:10] [TASK] Report Generator starting
[12:52:11] [TASK] Report Generator completed (exec #59)
[12:52:11] [DISPATCH] Task 3 (Collect DISK) P2 gets CPU
[12:52:11] [TASK] Disk Monitor starting
[12:52:11] [TASK] Disk Monitor completed (exec #318)
[12:52:11] [DISPATCH] Task 4 (Collect Network) P0 gets CPU
[12:52:11] [TASK] Network Fetch starting
[12:52:11] [TASK] Network Fetch completed (exec #311)
[12:52:11] 
=== TICK 526 ===
[12:52:11] [READY] Task 1 (Collect CPU) ready - interval 1s elapsed
[12:52:11] [READY] Task 2 (Collect RAM) ready - interval 1s elapsed
[12:52:11] [READY] Task 5 (Analyzer) ready - interval 1s elapsed
[12:52:11] [DISPATCH] Executing 3 ready task(s) in priority order
[12:52:11] [DISPATCH] Task 1 (Collect CPU) P3 gets CPU
[12:52:11] [TASK] CPU Monitor starting
[12:52:12] [TASK] CPU Monitor completed (exec #525)
[12:52:12] [DISPATCH] Task 2 (Collect RAM) P3 gets CPU
[12:52:12] [TASK] RAM Monitor starting
[12:52:12] [TASK] RAM Monitor completed (exec #347)
[12:52:12] [DISPATCH] Task 5 (Analyzer) P3 gets CPU
[12:52:12] [TASK] Analyzer starting
[12:52:12] [ERROR] Analyzer failed with code 256 (may need 'make all' first)
[12:52:12] 
=== TICK 527 ===
[12:52:12] [READY] Task 1 (Collect CPU) ready - interval 1s elapsed
[12:52:12] [READY] Task 3 (Collect DISK) ready - interval 1s elapsed
[12:52:12] [READY] Task 4 (Collect Network) ready - interval 1s elapsed
[12:52:12] [DISPATCH] Executing 3 ready task(s) in priority order
[12:52:12] [DISPATCH] Task 1 (Collect CPU) P3 gets CPU
[12:52:12] [TASK] CPU Monitor starting
[12:52:13] [TASK] CPU Monitor completed (exec #526)
[12:52:13] [DISPATCH] Task 3 (Collect DISK) P2 gets CPU
[12:52:13] [TASK] Disk Monitor starting
[12:52:13] [TASK] Disk Monitor completed (exec #319)
[12:52:13] [DISPATCH] Task 4 (Collect Network) P0 gets CPU
[12:52:13] [TASK] Network Fetch starting
[12:52:13] [TASK] Network Fetch completed (exec #312)
[12:52:13] 
=== TICK 528 ===
[12:52:13] [READY] Task 1 (Collect CPU) ready - interval 1s elapsed
[12:52:13] [READY] Task 2 (Collect RAM) ready - interval 1s elapsed
[12:52:13] [READY] Task 5 (Analyzer) ready - interval 1s elapsed
[12:52:13] [DISPATCH] Executing 3 ready task(s) in priority order
[12:52:13] [DISPATCH] Task 1 (Collect CPU) P3 gets CPU
[12:52:13] [TASK] CPU Monitor starting
[12:52:14] [TASK] CPU Monitor completed (exec #527)
[12:52:14] [DISPATCH] Task 2 (Collect RAM) P3 gets CPU
[12:52:14] [TASK] RAM Monitor starting
[12:52:14] [TASK] RAM Monitor completed (exec #348)
[12:52:14] [DISPATCH] Task 5 (Analyzer) P3 gets CPU
[12:52:14] [TASK] Analyzer starting
[12:52:14] [ERROR] Analyzer failed with code 256 (may need 'make all' first)
[12:52:14] 
=== TICK 529 ===
[12:52:14] [READY] Task 1 (Collect CPU) ready - interval 1s elapsed
[12:52:14] [READY] Task 3 (Collect DISK) ready - interval 1s elapsed
[12:52:14] [READY] Task 4 (Collect Network) ready - interval 1s elapsed
[12:52:14] [DISPATCH] Executing 3 ready task(s) in priority order
[12:52:14] [DISPATCH] Task 1 (Collect CPU) P3 gets CPU
[12:52:14] [TASK] CPU Monitor starting
[12:52:15] [TASK] CPU Monitor completed (exec #528)
[12:52:15] [DISPATCH] Task 3 (Collect DISK) P2 gets CPU
[12:52:15] [TASK] Disk Monitor starting
[12:52:15] [TASK] Disk Monitor completed (exec #320)
[12:52:15] [DISPATCH] Task 4 (Collect Network) P0 gets CPU
[12:52:15] [TASK] Network Fetch starting
[12:52:15] [TASK] Network Fetch completed (exec #313)
[12:52:15] 
=== TICK 530 ===
[12:52:15] [READY] Task 1 (Collect CPU) ready - interval 1s elapsed
[12:52:15] [READY] Task 2 (Collect RAM) ready - interval 1s elapsed
[12:52:15] [READY] Task 5 (Analyzer) ready - interval 1s elapsed
[12:52:15] [DISPATCH] Executing 3 ready task(s) in priority order
[12:52:15] [DISPATCH] Task 1 (Collect CPU) P3 gets CPU
[12:52:15] [TASK] CPU Monitor starting
[12:52:16] [TASK] CPU Monitor completed (exec #529)
[12:52:16] [DISPATCH] Task 2 (Collect RAM) P3 gets CPU
[12:52:16] [TASK] RAM Monitor starting
[12:52:16] [TASK] RAM Monitor completed (exec #349)
[12:52:16] [DISPATCH] Task 5 (Analyzer) P3 gets CPU
[12:52:16] [TASK] Analyzer starting
[12:52:16] [ERROR] Analyzer failed with code 256 (may need 'make all' first)
[12:52:16] 
=== TICK 531 ===
[12:52:16] [READY] Task 1 (Collect CPU) ready - interval 1s elapsed
[12:52:16] [READY] Task 3 (Collect DISK) ready - interval 1s elapsed
[12:52:16] [READY] Task 4 (Collect Network) ready - interval 1s elapsed
[12:52:16] [DISPATCH] Executing 3 ready task(s) in priority order
[12:52:16] [DISPATCH] Task 1 (Collect CPU) P3 gets CPU
[12:52:16] [TASK] CPU Monitor starting
[12:52:17] [TASK] CPU Monitor completed (exec #530)
[12:52:17] [DISPATCH] Task 3 (Collect DISK) P2 gets CPU
[12:52:17] [TASK] Disk Monitor starting
[12:52:17] [TASK] Disk Monitor completed (exec #321)
[12:52:17] [DISPATCH] Task 4 (Collect Network) P0 gets CPU
[12:52:17] [TASK] Network Fetch starting
[12:52:17] [TASK] Network Fetch completed (exec #314)
[12:52:17] 
=== TICK 532 ===
[12:52:17] [READY] Task 1 (Collect CPU) ready - interval 1s elapsed
[12:52:17] [READY] Task 2 (Collect RAM) ready - interval 1s elapsed
[12:52:17] [READY] Task 5 (Analyzer) ready - interval 1s elapsed
[12:52:17] [DISPATCH] Executing 3 ready task(s) in priority order
[12:52:17] [DISPATCH] Task 1 (Collect CPU) P3 gets CPU
[12:52:17] [TASK] CPU Monitor starting
[12:52:18] [TASK] CPU Monitor completed (exec #531)
[12:52:18] [DISPATCH] Task 2 (Collect RAM) P3 gets CPU
[12:52:18] [TASK] RAM Monitor starting
[12:52:18] [TASK] RAM Monitor completed (exec #350)
[12:52:18] [DISPATCH] Task 5 (Analyzer) P3 gets CPU
[12:52:18] [TASK] Analyzer starting
[12:52:18] [ERROR] Analyzer failed with code 256 (may need 'make all' first)
[12:52:18] 
=== TICK 533 ===
[12:52:18] [READY] Task 1 (Collect CPU) ready - interval 1s elapsed
[12:52:18] [READY] Task 3 (Collect DISK) ready - interval 1s elapsed
[12:52:18] [READY] Task 4 (Collect Network) ready - interval 1s elapsed
[12:52:18] [DISPATCH] Executing 3 ready task(s) in priority order
[12:52:18] [DISPATCH] Task 1 (Collect CPU) P3 gets CPU
[12:52:18] [TASK] CPU Monitor starting
[12:52:19] [TASK] CPU Monitor completed (exec #532)
[12:52:19] [DISPATCH] Task 3 (Collect DISK) P2 gets CPU
[12:52:19] [TASK] Disk Monitor starting
[12:52:19] [TASK] Disk Monitor completed (exec #322)
[12:52:19] [DISPATCH] Task 4 (Collect Network) P0 gets CPU
[12:52:19] [TASK] Network Fetch starting
[12:52:19] [TASK] Network Fetch completed (exec #315)
[12:52:20] 
=== TICK 534 ===
[12:52:20] [READY] Task 1 (Collect CPU) ready - interval 1s elapsed
[12:52:20] [READY] Task 2 (Collect RAM) ready - interval 1s elapsed
[12:52:20] [READY] Task 3 (Collect DISK) ready - interval 1s elapsed
[12:52:20] [READY] Task 4 (Collect Network) ready - interval 1s elapsed
[12:52:20] [READY] Task 5 (Analyzer) ready - interval 1s elapsed
[12:52:20] [READY] Task 6 (Report Generator) ready - interval 9s elapsed
[12:52:20] [DISPATCH] Executing 6 ready task(s) in priority order
[12:52:20] [DISPATCH] Task 1 (Collect CPU) P3 gets CPU
[12:52:20] [TASK] CPU Monitor starting
[12:52:20] [TASK] CPU Monitor completed (exec #533)
[12:52:20] [DISPATCH] Task 2 (Collect RAM) P3 gets CPU
[12:52:20] [TASK] RAM Monitor starting
[12:52:20] [TASK] RAM Monitor completed (exec #351)
[12:52:20] [DISPATCH] Task 5 (Analyzer) P3 gets CPU
[12:52:20] [TASK] Analyzer starting
[12:52:20] [ERROR] Analyzer failed with code 256 (may need 'make all' first)
[12:52:20] [DISPATCH] Task 6 (Report Generator) P3 gets CPU
[12:52:20] [TASK] Report Generator starting
[12:52:21] [TASK] Report Generator completed (exec #60)
[12:52:21] [DISPATCH] Task 3 (Collect DISK) P2 gets CPU
[12:52:21] [TASK] Disk Monitor starting
[12:52:21] [TASK] Disk Monitor completed (exec #323)
[12:52:21] [DISPATCH] Task 4 (Collect Network) P0 gets CPU
[12:52:21] [TASK] Network Fetch starting
[12:52:21] [TASK] Network Fetch completed (exec #316)
[12:52:21] 
=== TICK 535 ===
[12:52:21] [READY] Task 1 (Collect CPU) ready - interval 1s elapsed
[12:52:21] [READY] Task 2 (Collect RAM) ready - interval 1s elapsed
[12:52:21] [READY] Task 5 (Analyzer) ready - interval 1s elapsed
[12:52:21] [DISPATCH] Executing 3 ready task(s) in priority order
[12:52:21] [DISPATCH] Task 1 (Collect CPU) P3 gets CPU
[12:52:21] [TASK] CPU Monitor starting
[12:52:22] [TASK] CPU Monitor completed (exec #534)
[12:52:22] [DISPATCH] Task 2 (Collect RAM) P3 gets CPU
[12:52:22] [TASK] RAM Monitor starting
[12:52:22] [TASK] RAM Monitor completed (exec #352)
[12:52:22] [DISPATCH] Task 5 (Analyzer) P3 gets CPU
[12:52:22] [TASK] Analyzer starting
[12:52:22] [ERROR] Analyzer failed with code 256 (may need 'make all' first)
[12:52:22] 
=== TICK 536 ===
[12:52:22] [READY] Task 1 (Collect CPU) ready - interval 1s elapsed
[12:52:22] [READY] Task 3 (Collect DISK) ready - interval 1s elapsed
[12:52:22] [READY] Task 4 (Collect Network) ready - interval 1s elapsed
[12:52:22] [DISPATCH] Executing 3 ready task(s) in priority order
[12:52:22] [DISPATCH] Task 1 (Collect CPU) P3 gets CPU
[12:52:22] [TASK] CPU Monitor starting
[12:52:23] [TASK] CPU Monitor completed (exec #535)
[12:52:23] [DISPATCH] Task 3 (Collect DISK) P2 gets CPU
[12:52:23] [TASK] Disk Monitor starting
[12:52:23] [TASK] Disk Monitor completed (exec #324)
[12:52:23] [DISPATCH] Task 4 (Collect Network) P0 gets CPU
[12:52:23] [TASK] Network Fetch starting
[12:52:23] [TASK] Network Fetch completed (exec #317)
[12:52:23] 
=== TICK 537 ===
[12:52:23] [READY] Task 1 (Collect CPU) ready - interval 1s elapsed
[12:52:23] [READY] Task 2 (Collect RAM) ready - interval 1s elapsed
[12:52:23] [READY] Task 5 (Analyzer) ready - interval 1s elapsed
[12:52:23] [DISPATCH] Executing 3 ready task(s) in priority order
[12:52:23] [DISPATCH] Task 1 (Collect CPU) P3 gets CPU
[12:52:23] [TASK] CPU Monitor starting
[12:52:24] [TASK] CPU Monitor completed (exec #536)
[12:52:24] [DISPATCH] Task 2 (Collect RAM) P3 gets CPU
[12:52:24] [TASK] RAM Monitor starting
[12:52:24] [TASK] RAM Monitor completed (exec #353)
[12:52:24] [DISPATCH] Task 5 (Analyzer) P3 gets CPU
[12:52:24] [TASK] Analyzer starting
[12:52:24] [ERROR] Analyzer failed with code 256 (may need 'make all' first)
[12:52:24] 
=== TICK 538 ===
[12:52:24] [READY] Task 1 (Collect CPU) ready - interval 1s elapsed
[12:52:24] [READY] Task 3 (Collect DISK) ready - interval 1s elapsed
[12:52:24] [READY] Task 4 (Collect Network) ready - interval 1s elapsed
[12:52:24] [DISPATCH] Executing 3 ready task(s) in priority order
[12:52:24] [DISPATCH] Task 1 (Collect CPU) P3 gets CPU
[12:52:24] [TASK] CPU Monitor starting
[12:52:25] [TASK] CPU Monitor completed (exec #537)
[12:52:25] [DISPATCH] Task 3 (Collect DISK) P2 gets CPU
[12:52:25] [TASK] Disk Monitor starting
[12:52:25] [TASK] Disk Monitor completed (exec #325)
[12:52:25] [DISPATCH] Task 4 (Collect Network) P0 gets CPU
[12:52:25] [TASK] Network Fetch starting
[12:52:25] [TASK] Network Fetch completed (exec #318)
[12:52:25] 
=== TICK 539 ===
[12:52:25] [READY] Task 1 (Collect CPU) ready - interval 1s elapsed
[12:52:25] [READY] Task 2 (Collect RAM) ready - interval 1s elapsed
[12:52:25] [READY] Task 5 (Analyzer) ready - interval 1s elapsed
[12:52:25] [DISPATCH] Executing 3 ready task(s) in priority order
[12:52:25] [DISPATCH] Task 1 (Collect CPU) P3 gets CPU
[12:52:25] [TASK] CPU Monitor starting
[12:52:26] [TASK] CPU Monitor completed (exec #538)
[12:52:26] [DISPATCH] Task 2 (Collect RAM) P3 gets CPU
[12:52:26] [TASK] RAM Monitor starting
[12:52:26] [TASK] RAM Monitor completed (exec #354)
[12:52:26] [DISPATCH] Task 5 (Analyzer) P3 gets CPU
[12:52:26] [TASK] Analyzer starting
[12:52:26] [ERROR] Analyzer failed with code 256 (may need 'make all' first)
[12:52:26] 
=== TICK 540 ===
[12:52:26] [READY] Task 1 (Collect CPU) ready - interval 1s elapsed
[12:52:26] [READY] Task 3 (Collect DISK) ready - interval 1s elapsed
[12:52:26] [READY] Task 4 (Collect Network) ready - interval 1s elapsed
[12:52:26] [DISPATCH] Executing 3 ready task(s) in priority order
[12:52:26] [DISPATCH] Task 1 (Collect CPU) P3 gets CPU
[12:52:26] [TASK] CPU Monitor starting
[12:52:27] [TASK] CPU Monitor completed (exec #539)
[12:52:27] [DISPATCH] Task 3 (Collect DISK) P2 gets CPU
[12:52:27] [TASK] Disk Monitor starting
[12:52:27] [TASK] Disk Monitor completed (exec #326)
[12:52:27] [DISPATCH] Task 4 (Collect Network) P0 gets CPU
[12:52:27] [TASK] Network Fetch starting
[12:52:27] [TASK] Network Fetch completed (exec #319)
[12:52:27] 
=== TICK 541 ===
[12:52:27] [READY] Task 1 (Collect CPU) ready - interval 1s elapsed
[12:52:27] [READY] Task 2 (Collect RAM) ready - interval 1s elapsed
[12:52:27] [READY] Task 5 (Analyzer) ready - interval 1s elapsed
[12:52:27] [DISPATCH] Executing 3 ready task(s) in priority order
[12:52:27] [DISPATCH] Task 1 (Collect CPU) P3 gets CPU
[12:52:27] [TASK] CPU Monitor starting
[12:52:28] [TASK] CPU Monitor completed (exec #540)
[12:52:28] [DISPATCH] Task 2 (Collect RAM) P3 gets CPU
[12:52:28] [TASK] RAM Monitor starting
[12:52:28] [TASK] RAM Monitor completed (exec #355)
[12:52:28] [DISPATCH] Task 5 (Analyzer) P3 gets CPU
[12:52:28] [TASK] Analyzer starting
[12:52:28] [ERROR] Analyzer failed with code 256 (may need 'make all' first)
[12:52:28] 
=== TICK 542 ===
[12:52:28] [READY] Task 1 (Collect CPU) ready - interval 1s elapsed
[12:52:28] [READY] Task 3 (Collect DISK) ready - interval 1s elapsed
[12:52:28] [READY] Task 4 (Collect Network) ready - interval 1s elapsed
[12:52:28] [DISPATCH] Executing 3 ready task(s) in priority order
[12:52:28] [DISPATCH] Task 1 (Collect CPU) P3 gets CPU
[12:52:28] [TASK] CPU Monitor starting
[12:52:29] [TASK] CPU Monitor completed (exec #541)
[12:52:29] [DISPATCH] Task 3 (Collect DISK) P2 gets CPU
[12:52:29] [TASK] Disk Monitor starting
[12:52:29] [TASK] Disk Monitor completed (exec #327)
[12:52:29] [DISPATCH] Task 4 (Collect Network) P0 gets CPU
[12:52:29] [TASK] Network Fetch starting
[12:52:29] [TASK] Network Fetch completed (exec #320)
[12:52:29] 
=== TICK 543 ===
[12:52:29] [READY] Task 1 (Collect CPU) ready - interval 1s elapsed
[12:52:29] [READY] Task 2 (Collect RAM) ready - interval 1s elapsed
[12:52:29] [READY] Task 5 (Analyzer) ready - interval 1s elapsed
[12:52:29] [READY] Task 6 (Report Generator) ready - interval 9s elapsed
[12:52:29] [DISPATCH] Executing 4 ready task(s) in priority order
[12:52:29] [DISPATCH] Task 1 (Collect CPU) P3 gets CPU
[12:52:29] [TASK] CPU Monitor starting
[12:52:30] [TASK] CPU Monitor completed (exec #542)
[12:52:30] [DISPATCH] Task 2 (Collect RAM) P3 gets CPU
[12:52:30] [TASK] RAM Monitor starting
[12:52:30] [TASK] RAM Monitor completed (exec #356)
[12:52:30] [DISPATCH] Task 5 (Analyzer) P3 gets CPU
[12:52:30] [TASK] Analyzer starting
[12:52:30] [ERROR] Analyzer failed with code 256 (may need 'make all' first)
[12:52:30] [DISPATCH] Task 6 (Report Generator) P3 gets CPU
[12:52:30] [TASK] Report Generator starting
[12:52:31] [TASK] Report Generator completed (exec #61)
[12:52:31] 
=== TICK 544 ===
[12:52:31] [READY] Task 1 (Collect CPU) ready - interval 1s elapsed
[12:52:31] [READY] Task 2 (Collect RAM) ready - interval 1s elapsed
[12:52:31] [READY] Task 3 (Collect DISK) ready - interval 1s elapsed
[12:52:31] [READY] Task 4 (Collect Network) ready - interval 1s elapsed
[12:52:31] [READY] Task 5 (Analyzer) ready - interval 1s elapsed
[12:52:31] [DISPATCH] Executing 5 ready task(s) in priority order
[12:52:31] [DISPATCH] Task 1 (Collect CPU) P3 gets CPU
[12:52:31] [TASK] CPU Monitor starting
[12:52:32] [TASK] CPU Monitor completed (exec #543)
[12:52:32] [DISPATCH] Task 2 (Collect RAM) P3 gets CPU
[12:52:32] [TASK] RAM Monitor starting
[12:52:32] [TASK] RAM Monitor completed (exec #357)
[12:52:32] [DISPATCH] Task 5 (Analyzer) P3 gets CPU
[12:52:32] [TASK] Analyzer starting
[12:52:32] [ERROR] Analyzer failed with code 256 (may need 'make all' first)
[12:52:32] [DISPATCH] Task 3 (Collect DISK) P2 gets CPU
[12:52:32] [TASK] Disk Monitor starting
[12:52:32] [TASK] Disk Monitor completed (exec #328)
[12:52:32] [DISPATCH] Task 4 (Collect Network) P0 gets CPU
[12:52:32] [TASK] Network Fetch starting
[12:52:32] [TASK] Network Fetch completed (exec #321)
[12:52:32] 
=== TICK 545 ===
[12:52:32] [READY] Task 1 (Collect CPU) ready - interval 1s elapsed
[12:52:32] [DISPATCH] Executing 1 ready task(s) in priority order
[12:52:32] [DISPATCH] Task 1 (Collect CPU) P3 gets CPU
[12:52:32] [TASK] CPU Monitor starting
[12:52:33] [TASK] CPU Monitor completed (exec #544)
[12:52:33] 
=== TICK 546 ===
[12:52:33] [READY] Task 1 (Collect CPU) ready - interval 1s elapsed
[12:52:33] [READY] Task 2 (Collect RAM) ready - interval 1s elapsed
[12:52:33] [READY] Task 3 (Collect DISK) ready - interval 1s elapsed
[12:52:33] [READY] Task 4 (Collect Network) ready - interval 1s elapsed
[12:52:33] [READY] Task 5 (Analyzer) ready - interval 1s elapsed
[12:52:33] [DISPATCH] Executing 5 ready task(s) in priority order
[12:52:33] [DISPATCH] Task 1 (Collect CPU) P3 gets CPU
[12:52:33] [TASK] CPU Monitor starting
[12:52:34] [TASK] CPU Monitor completed (exec #545)
[12:52:34] [DISPATCH] Task 2 (Collect RAM) P3 gets CPU
[12:52:34] [TASK] RAM Monitor starting
[12:52:34] [TASK] RAM Monitor completed (exec #358)
[12:52:34] [DISPATCH] Task 5 (Analyzer) P3 gets CPU
[12:52:34] [TASK] Analyzer starting
[12:52:34] [ERROR] Analyzer failed with code 256 (may need 'make all' first)
[12:52:34] [DISPATCH] Task 3 (Collect DISK) P2 gets CPU
[12:52:34] [TASK] Disk Monitor starting
[12:52:34] [TASK] Disk Monitor completed (exec #329)
[12:52:34] [DISPATCH] Task 4 (Collect Network) P0 gets CPU
[12:52:34] [TASK] Network Fetch starting
[12:52:34] [TASK] Network Fetch completed (exec #322)
[12:52:34] 
=== TICK 547 ===
[12:52:34] [READY] Task 1 (Collect CPU) ready - interval 1s elapsed
[12:52:34] [DISPATCH] Executing 1 ready task(s) in priority order
[12:52:34] [DISPATCH] Task 1 (Collect CPU) P3 gets CPU
[12:52:34] [TASK] CPU Monitor starting
[12:52:35] [TASK] CPU Monitor completed (exec #546)
[12:52:35] 
=== TICK 548 ===
[12:52:35] [READY] Task 1 (Collect CPU) ready - interval 1s elapsed
[12:52:35] [READY] Task 2 (Collect RAM) ready - interval 1s elapsed
[12:52:35] [READY] Task 3 (Collect DISK) ready - interval 1s elapsed
[12:52:35] [READY] Task 4 (Collect Network) ready - interval 1s elapsed
[12:52:35] [READY] Task 5 (Analyzer) ready - interval 1s elapsed
[12:52:35] [DISPATCH] Executing 5 ready task(s) in priority order
[12:52:35] [DISPATCH] Task 1 (Collect CPU) P3 gets CPU
[12:52:35] [TASK] CPU Monitor starting
[12:52:36] [TASK] CPU Monitor completed (exec #547)
[12:52:36] [DISPATCH] Task 2 (Collect RAM) P3 gets CPU
[12:52:36] [TASK] RAM Monitor starting
[12:52:36] [TASK] RAM Monitor completed (exec #359)
[12:52:36] [DISPATCH] Task 5 (Analyzer) P3 gets CPU
[12:52:36] [TASK] Analyzer starting
[12:52:36] [ERROR] Analyzer failed with code 256 (may need 'make all' first)
[12:52:36] [DISPATCH] Task 3 (Collect DISK) P2 gets CPU
[12:52:36] [TASK] Disk Monitor starting
[12:52:36] [TASK] Disk Monitor completed (exec #330)
[12:52:36] [DISPATCH] Task 4 (Collect Network) P0 gets CPU
[12:52:36] [TASK] Network Fetch starting
[12:52:36] [TASK] Network Fetch completed (exec #323)
[12:52:36] 
=== TICK 549 ===
[12:52:36] [READY] Task 1 (Collect CPU) ready - interval 1s elapsed
[12:52:36] [DISPATCH] Executing 1 ready task(s) in priority order
[12:52:36] [DISPATCH] Task 1 (Collect CPU) P3 gets CPU
[12:52:36] [TASK] CPU Monitor starting
[12:52:37] [TASK] CPU Monitor completed (exec #548)
[12:52:37] 
=== TICK 550 ===
[12:52:37] [READY] Task 1 (Collect CPU) ready - interval 1s elapsed
[12:52:37] [READY] Task 2 (Collect RAM) ready - interval 1s elapsed
[12:52:37] [READY] Task 3 (Collect DISK) ready - interval 1s elapsed
[12:52:37] [READY] Task 4 (Collect Network) ready - interval 1s elapsed
[12:52:37] [READY] Task 5 (Analyzer) ready - interval 1s elapsed
[12:52:37] [DISPATCH] Executing 5 ready task(s) in priority order
[12:52:37] [DISPATCH] Task 1 (Collect CPU) P3 gets CPU
[12:52:37] [TASK] CPU Monitor starting
[12:52:38] [TASK] CPU Monitor completed (exec #549)
[12:52:38] [DISPATCH] Task 2 (Collect RAM) P3 gets CPU
[12:52:38] [TASK] RAM Monitor starting
[12:52:38] [TASK] RAM Monitor completed (exec #360)
[12:52:38] [DISPATCH] Task 5 (Analyzer) P3 gets CPU
[12:52:38] [TASK] Analyzer starting
[12:52:38] [ERROR] Analyzer failed with code 256 (may need 'make all' first)
[12:52:38] [DISPATCH] Task 3 (Collect DISK) P2 gets CPU
[12:52:38] [TASK] Disk Monitor starting
[12:52:38] [TASK] Disk Monitor completed (exec #331)
[12:52:38] [DISPATCH] Task 4 (Collect Network) P0 gets CPU
[12:52:38] [TASK] Network Fetch starting
[12:52:38] [TASK] Network Fetch completed (exec #324)
[12:52:38] 
=== TICK 551 ===
[12:52:38] [READY] Task 1 (Collect CPU) ready - interval 1s elapsed
[12:52:38] [DISPATCH] Executing 1 ready task(s) in priority order
[12:52:38] [DISPATCH] Task 1 (Collect CPU) P3 gets CPU
[12:52:38] [TASK] CPU Monitor starting
[12:52:39] [TASK] CPU Monitor completed (exec #550)
[12:52:39] 
=== TICK 552 ===
[12:52:39] [READY] Task 1 (Collect CPU) ready - interval 1s elapsed
[12:52:39] [READY] Task 2 (Collect RAM) ready - interval 1s elapsed
[12:52:39] [READY] Task 3 (Collect DISK) ready - interval 1s elapsed
[12:52:39] [READY] Task 4 (Collect Network) ready - interval 1s elapsed
[12:52:39] [READY] Task 5 (Analyzer) ready - interval 1s elapsed
[12:52:39] [READY] Task 6 (Report Generator) ready - interval 9s elapsed
[12:52:39] [DISPATCH] Executing 6 ready task(s) in priority order
[12:52:39] [DISPATCH] Task 1 (Collect CPU) P3 gets CPU
[12:52:39] [TASK] CPU Monitor starting
[12:52:40] [TASK] CPU Monitor completed (exec #551)
[12:52:40] [DISPATCH] Task 2 (Collect RAM) P3 gets CPU
[12:52:40] [TASK] RAM Monitor starting
[12:52:40] [TASK] RAM Monitor completed (exec #361)
[12:52:40] [DISPATCH] Task 5 (Analyzer) P3 gets CPU
[12:52:40] [TASK] Analyzer starting
[12:52:40] [ERROR] Analyzer failed with code 256 (may need 'make all' first)
[12:52:40] [DISPATCH] Task 6 (Report Generator) P3 gets CPU
[12:52:40] [TASK] Report Generator starting
[12:52:41] [TASK] Report Generator completed (exec #62)
[12:52:41] [DISPATCH] Task 3 (Collect DISK) P2 gets CPU
[12:52:41] [TASK] Disk Monitor starting
[12:52:41] [TASK] Disk Monitor completed (exec #332)
[12:52:41] [DISPATCH] Task 4 (Collect Network) P0 gets CPU
[12:52:41] [TASK] Network Fetch starting
[12:52:41] [TASK] Network Fetch completed (exec #325)
[12:52:41] 
=== TICK 553 ===
[12:52:41] [READY] Task 1 (Collect CPU) ready - interval 1s elapsed
[12:52:41] [READY] Task 2 (Collect RAM) ready - interval 1s elapsed
[12:52:41] [READY] Task 5 (Analyzer) ready - interval 1s elapsed
[12:52:41] [DISPATCH] Executing 3 ready task(s) in priority order
[12:52:41] [DISPATCH] Task 1 (Collect CPU) P3 gets CPU
[12:52:41] [TASK] CPU Monitor starting
[12:52:42] [TASK] CPU Monitor completed (exec #552)
[12:52:42] [DISPATCH] Task 2 (Collect RAM) P3 gets CPU
[12:52:42] [TASK] RAM Monitor starting
[12:52:42] [TASK] RAM Monitor completed (exec #362)
[12:52:42] [DISPATCH] Task 5 (Analyzer) P3 gets CPU
[12:52:42] [TASK] Analyzer starting
[12:52:42] [ERROR] Analyzer failed with code 256 (may need 'make all' first)
[12:52:42] 
=== TICK 554 ===
[12:52:42] [READY] Task 1 (Collect CPU) ready - interval 1s elapsed
[12:52:42] [READY] Task 3 (Collect DISK) ready - interval 1s elapsed
[12:52:42] [READY] Task 4 (Collect Network) ready - interval 1s elapsed
[12:52:42] [DISPATCH] Executing 3 ready task(s) in priority order
[12:52:42] [DISPATCH] Task 1 (Collect CPU) P3 gets CPU
[12:52:42] [TASK] CPU Monitor starting
[12:52:43] [TASK] CPU Monitor completed (exec #553)
[12:52:43] [DISPATCH] Task 3 (Collect DISK) P2 gets CPU
[12:52:43] [TASK] Disk Monitor starting
[12:52:43] [TASK] Disk Monitor completed (exec #333)
[12:52:43] [DISPATCH] Task 4 (Collect Network) P0 gets CPU
[12:52:43] [TASK] Network Fetch starting
[12:52:43] [TASK] Network Fetch completed (exec #326)
[12:52:43] 
=== TICK 555 ===
[12:52:43] [READY] Task 1 (Collect CPU) ready - interval 1s elapsed
[12:52:43] [READY] Task 2 (Collect RAM) ready - interval 1s elapsed
[12:52:43] [READY] Task 5 (Analyzer) ready - interval 1s elapsed
[12:52:43] [DISPATCH] Executing 3 ready task(s) in priority order
[12:52:43] [DISPATCH] Task 1 (Collect CPU) P3 gets CPU
[12:52:43] [TASK] CPU Monitor starting
[12:52:44] [TASK] CPU Monitor completed (exec #554)
[12:52:44] [DISPATCH] Task 2 (Collect RAM) P3 gets CPU
[12:52:44] [TASK] RAM Monitor starting
[12:52:44] [TASK] RAM Monitor completed (exec #363)
[12:52:44] [DISPATCH] Task 5 (Analyzer) P3 gets CPU
[12:52:44] [TASK] Analyzer starting
[12:52:44] [ERROR] Analyzer failed with code 256 (may need 'make all' first)
[12:52:44] 
=== TICK 556 ===
[12:52:44] [READY] Task 1 (Collect CPU) ready - interval 1s elapsed
[12:52:44] [READY] Task 3 (Collect DISK) ready - interval 1s elapsed
[12:52:44] [READY] Task 4 (Collect Network) ready - interval 1s elapsed
[12:52:44] [DISPATCH] Executing 3 ready task(s) in priority order
[12:52:44] [DISPATCH] Task 1 (Collect CPU) P3 gets CPU
[12:52:44] [TASK] CPU Monitor starting
[12:52:45] [TASK] CPU Monitor completed (exec #555)
[12:52:45] [DISPATCH] Task 3 (Collect DISK) P2 gets CPU
[12:52:45] [TASK] Disk Monitor starting
[12:52:45] [TASK] Disk Monitor completed (exec #334)
[12:52:45] [DISPATCH] Task 4 (Collect Network) P0 gets CPU
[12:52:45] [TASK] Network Fetch starting
[12:52:45] [TASK] Network Fetch completed (exec #327)
[12:52:45] 
=== TICK 557 ===
[12:52:45] [READY] Task 1 (Collect CPU) ready - interval 1s elapsed
[12:52:45] [READY] Task 2 (Collect RAM) ready - interval 1s elapsed
[12:52:45] [READY] Task 5 (Analyzer) ready - interval 1s elapsed
[12:52:45] [DISPATCH] Executing 3 ready task(s) in priority order
[12:52:45] [DISPATCH] Task 1 (Collect CPU) P3 gets CPU
[12:52:45] [TASK] CPU Monitor starting
[12:52:46] [TASK] CPU Monitor completed (exec #556)
[12:52:46] [DISPATCH] Task 2 (Collect RAM) P3 gets CPU
[12:52:46] [TASK] RAM Monitor starting
[12:52:46] [TASK] RAM Monitor completed (exec #364)
[12:52:46] [DISPATCH] Task 5 (Analyzer) P3 gets CPU
[12:52:46] [TASK] Analyzer starting
[12:52:46] [ERROR] Analyzer failed with code 256 (may need 'make all' first)
[12:52:46] 
=== TICK 558 ===
[12:52:46] [READY] Task 1 (Collect CPU) ready - interval 1s elapsed
[12:52:46] [READY] Task 3 (Collect DISK) ready - interval 1s elapsed
[12:52:46] [READY] Task 4 (Collect Network) ready - interval 1s elapsed
[12:52:46] [DISPATCH] Executing 3 ready task(s) in priority order
[12:52:46] [DISPATCH] Task 1 (Collect CPU) P3 gets CPU
[12:52:46] [TASK] CPU Monitor starting
[12:52:47] [TASK] CPU Monitor completed (exec #557)
[12:52:47] [DISPATCH] Task 3 (Collect DISK) P2 gets CPU
[12:52:47] [TASK] Disk Monitor starting
[12:52:47] [TASK] Disk Monitor completed (exec #335)
[12:52:47] [DISPATCH] Task 4 (Collect Network) P0 gets CPU
[12:52:47] [TASK] Network Fetch starting
[12:52:47] [TASK] Network Fetch completed (exec #328)
[12:52:47] 
=== TICK 559 ===
[12:52:47] [READY] Task 1 (Collect CPU) ready - interval 1s elapsed
[12:52:47] [READY] Task 2 (Collect RAM) ready - interval 1s elapsed
[12:52:47] [READY] Task 5 (Analyzer) ready - interval 1s elapsed
[12:52:47] [DISPATCH] Executing 3 ready task(s) in priority order
[12:52:47] [DISPATCH] Task 1 (Collect CPU) P3 gets CPU
[12:52:47] [TASK] CPU Monitor starting
[12:52:48] [TASK] CPU Monitor completed (exec #558)
[12:52:48] [DISPATCH] Task 2 (Collect RAM) P3 gets CPU
[12:52:48] [TASK] RAM Monitor starting
[12:52:48] [TASK] RAM Monitor completed (exec #365)
[12:52:48] [DISPATCH] Task 5 (Analyzer) P3 gets CPU
[12:52:48] [TASK] Analyzer starting
[12:52:48] [ERROR] Analyzer failed with code 256 (may need 'make all' first)
[12:52:48] 
=== TICK 560 ===
[12:52:48] [READY] Task 1 (Collect CPU) ready - interval 1s elapsed
[12:52:48] [READY] Task 3 (Collect DISK) ready - interval 1s elapsed
[12:52:48] [READY] Task 4 (Collect Network) ready - interval 1s elapsed
[12:52:48] [DISPATCH] Executing 3 ready task(s) in priority order
[12:52:48] [DISPATCH] Task 1 (Collect CPU) P3 gets CPU
[12:52:48] [TASK] CPU Monitor starting
[12:52:49] [TASK] CPU Monitor completed (exec #559)
[12:52:49] [DISPATCH] Task 3 (Collect DISK) P2 gets CPU
[12:52:49] [TASK] Disk Monitor starting
[12:52:49] [TASK] Disk Monitor completed (exec #336)
[12:52:49] [DISPATCH] Task 4 (Collect Network) P0 gets CPU
[12:52:49] [TASK] Network Fetch starting
[12:52:49] [TASK] Network Fetch completed (exec #329)
[12:52:49] 
=== TICK 561 ===
[12:52:49] [READY] Task 1 (Collect CPU) ready - interval 1s elapsed
[12:52:49] [READY] Task 2 (Collect RAM) ready - interval 1s elapsed
[12:52:49] [READY] Task 5 (Analyzer) ready - interval 1s elapsed
[12:52:49] [READY] Task 6 (Report Generator) ready - interval 9s elapsed
[12:52:49] [DISPATCH] Executing 4 ready task(s) in priority order
[12:52:49] [DISPATCH] Task 1 (Collect CPU) P3 gets CPU
[12:52:49] [TASK] CPU Monitor starting
[12:52:50] [TASK] CPU Monitor completed (exec #560)
[12:52:50] [DISPATCH] Task 2 (Collect RAM) P3 gets CPU
[12:52:50] [TASK] RAM Monitor starting
[12:52:50] [TASK] RAM Monitor completed (exec #366)
[12:52:50] [DISPATCH] Task 5 (Analyzer) P3 gets CPU
[12:52:50] [TASK] Analyzer starting
[12:52:50] [ERROR] Analyzer failed with code 256 (may need 'make all' first)
[12:52:50] [DISPATCH] Task 6 (Report Generator) P3 gets CPU
[12:52:50] [TASK] Report Generator starting
[12:52:51] [TASK] Report Generator completed (exec #63)
[12:52:51] 
=== TICK 562 ===
[12:52:51] [READY] Task 1 (Collect CPU) ready - interval 1s elapsed
[12:52:51] [READY] Task 2 (Collect RAM) ready - interval 1s elapsed
[12:52:51] [READY] Task 3 (Collect DISK) ready - interval 1s elapsed
[12:52:51] [READY] Task 4 (Collect Network) ready - interval 1s elapsed
[12:52:51] [READY] Task 5 (Analyzer) ready - interval 1s elapsed
[12:52:51] [DISPATCH] Executing 5 ready task(s) in priority order
[12:52:51] [DISPATCH] Task 1 (Collect CPU) P3 gets CPU
[12:52:51] [TASK] CPU Monitor starting
[12:52:51] [TASK] CPU Monitor completed (exec #561)
[12:52:51] [DISPATCH] Task 2 (Collect RAM) P3 gets CPU
[12:52:51] [TASK] RAM Monitor starting
[12:52:51] [TASK] RAM Monitor completed (exec #367)
[12:52:51] [DISPATCH] Task 5 (Analyzer) P3 gets CPU
[12:52:51] [TASK] Analyzer starting
[12:52:51] [ERROR] Analyzer failed with code 256 (may need 'make all' first)
[12:52:51] [DISPATCH] Task 3 (Collect DISK) P2 gets CPU
[12:52:51] [TASK] Disk Monitor starting
[12:52:51] [TASK] Disk Monitor completed (exec #337)
[12:52:51] [DISPATCH] Task 4 (Collect Network) P0 gets CPU
[12:52:51] [TASK] Network Fetch starting
[12:52:52] [TASK] Network Fetch completed (exec #330)
[12:52:52] 
=== TICK 563 ===
[12:52:52] [READY] Task 1 (Collect CPU) ready - interval 1s elapsed
[12:52:52] [READY] Task 2 (Collect RAM) ready - interval 1s elapsed
[12:52:52] [READY] Task 3 (Collect DISK) ready - interval 1s elapsed
[12:52:52] [READY] Task 4 (Collect Network) ready - interval 1s elapsed
[12:52:52] [READY] Task 5 (Analyzer) ready - interval 1s elapsed
[12:52:52] [DISPATCH] Executing 5 ready task(s) in priority order
[12:52:52] [DISPATCH] Task 1 (Collect CPU) P3 gets CPU
[12:52:52] [TASK] CPU Monitor starting
[12:52:53] [TASK] CPU Monitor completed (exec #562)
[12:52:53] [DISPATCH] Task 2 (Collect RAM) P3 gets CPU
[12:52:53] [TASK] RAM Monitor starting
[12:52:53] [TASK] RAM Monitor completed (exec #368)
[12:52:53] [DISPATCH] Task 5 (Analyzer) P3 gets CPU
[12:52:53] [TASK] Analyzer starting
[12:52:53] [ERROR] Analyzer failed with code 256 (may need 'make all' first)
[12:52:53] [DISPATCH] Task 3 (Collect DISK) P2 gets CPU
[12:52:53] [TASK] Disk Monitor starting
[12:52:53] [TASK] Disk Monitor completed (exec #338)
[12:52:53] [DISPATCH] Task 4 (Collect Network) P0 gets CPU
[12:52:53] [TASK] Network Fetch starting
[12:52:53] [TASK] Network Fetch completed (exec #331)
[12:52:53] 
=== TICK 564 ===
[12:52:53] [READY] Task 1 (Collect CPU) ready - interval 1s elapsed
[12:52:53] [DISPATCH] Executing 1 ready task(s) in priority order
[12:52:53] [DISPATCH] Task 1 (Collect CPU) P3 gets CPU
[12:52:53] [TASK] CPU Monitor starting
[12:52:54] [TASK] CPU Monitor completed (exec #563)
[12:52:54] 
=== TICK 565 ===
[12:52:54] [READY] Task 1 (Collect CPU) ready - interval 1s elapsed
[12:52:54] [READY] Task 2 (Collect RAM) ready - interval 1s elapsed
[12:52:54] [READY] Task 3 (Collect DISK) ready - interval 1s elapsed
[12:52:54] [READY] Task 4 (Collect Network) ready - interval 1s elapsed
[12:52:54] [READY] Task 5 (Analyzer) ready - interval 1s elapsed
[12:52:54] [DISPATCH] Executing 5 ready task(s) in priority order
[12:52:54] [DISPATCH] Task 1 (Collect CPU) P3 gets CPU
[12:52:54] [TASK] CPU Monitor starting
[12:52:55] [TASK] CPU Monitor completed (exec #564)
[12:52:55] [DISPATCH] Task 2 (Collect RAM) P3 gets CPU
[12:52:55] [TASK] RAM Monitor starting
[12:52:55] [TASK] RAM Monitor completed (exec #369)
[12:52:55] [DISPATCH] Task 5 (Analyzer) P3 gets CPU
[12:52:55] [TASK] Analyzer starting
[12:52:55] [ERROR] Analyzer failed with code 256 (may need 'make all' first)
[12:52:55] [DISPATCH] Task 3 (Collect DISK) P2 gets CPU
[12:52:55] [TASK] Disk Monitor starting
[12:52:55] [TASK] Disk Monitor completed (exec #339)
[12:52:55] [DISPATCH] Task 4 (Collect Network) P0 gets CPU
[12:52:55] [TASK] Network Fetch starting
[12:52:55] [TASK] Network Fetch completed (exec #332)
[12:52:55] 
=== TICK 566 ===
[12:52:55] [READY] Task 1 (Collect CPU) ready - interval 1s elapsed
[12:52:55] [DISPATCH] Executing 1 ready task(s) in priority order
[12:52:55] [DISPATCH] Task 1 (Collect CPU) P3 gets CPU
[12:52:55] [TASK] CPU Monitor starting
[12:52:56] [TASK] CPU Monitor completed (exec #565)
[12:52:56] 
=== TICK 567 ===
[12:52:56] [READY] Task 1 (Collect CPU) ready - interval 1s elapsed
[12:52:56] [READY] Task 2 (Collect RAM) ready - interval 1s elapsed
[12:52:56] [READY] Task 3 (Collect DISK) ready - interval 1s elapsed
[12:52:56] [READY] Task 4 (Collect Network) ready - interval 1s elapsed
[12:52:56] [READY] Task 5 (Analyzer) ready - interval 1s elapsed
[12:52:56] [DISPATCH] Executing 5 ready task(s) in priority order
[12:52:56] [DISPATCH] Task 1 (Collect CPU) P3 gets CPU
[12:52:56] [TASK] CPU Monitor starting
[12:52:57] [TASK] CPU Monitor completed (exec #566)
[12:52:57] [DISPATCH] Task 2 (Collect RAM) P3 gets CPU
[12:52:57] [TASK] RAM Monitor starting
[12:52:57] [TASK] RAM Monitor completed (exec #370)
[12:52:57] [DISPATCH] Task 5 (Analyzer) P3 gets CPU
[12:52:57] [TASK] Analyzer starting
[12:52:57] [ERROR] Analyzer failed with code 256 (may need 'make all' first)
[12:52:57] [DISPATCH] Task 3 (Collect DISK) P2 gets CPU
[12:52:57] [TASK] Disk Monitor starting
[12:52:57] [TASK] Disk Monitor completed (exec #340)
[12:52:57] [DISPATCH] Task 4 (Collect Network) P0 gets CPU
[12:52:57] [TASK] Network Fetch starting
[12:52:57] [TASK] Network Fetch completed (exec #333)
[12:52:57] 
=== TICK 568 ===
[12:52:57] [READY] Task 1 (Collect CPU) ready - interval 1s elapsed
[12:52:57] [DISPATCH] Executing 1 ready task(s) in priority order
[12:52:57] [DISPATCH] Task 1 (Collect CPU) P3 gets CPU
[12:52:57] [TASK] CPU Monitor starting
[12:52:58] [TASK] CPU Monitor completed (exec #567)
[12:52:58] 
=== TICK 569 ===
[12:52:58] [READY] Task 1 (Collect CPU) ready - interval 1s elapsed
[12:52:58] [READY] Task 2 (Collect RAM) ready - interval 1s elapsed
[12:52:58] [READY] Task 3 (Collect DISK) ready - interval 1s elapsed
[12:52:58] [READY] Task 4 (Collect Network) ready - interval 1s elapsed
[12:52:58] [READY] Task 5 (Analyzer) ready - interval 1s elapsed
[12:52:58] [DISPATCH] Executing 5 ready task(s) in priority order
[12:52:58] [DISPATCH] Task 1 (Collect CPU) P3 gets CPU
[12:52:58] [TASK] CPU Monitor starting
[12:52:59] [TASK] CPU Monitor completed (exec #568)
[12:52:59] [DISPATCH] Task 2 (Collect RAM) P3 gets CPU
[12:52:59] [TASK] RAM Monitor starting
[12:52:59] [TASK] RAM Monitor completed (exec #371)
[12:52:59] [DISPATCH] Task 5 (Analyzer) P3 gets CPU
[12:52:59] [TASK] Analyzer starting
[12:52:59] [ERROR] Analyzer failed with code 256 (may need 'make all' first)
[12:52:59] [DISPATCH] Task 3 (Collect DISK) P2 gets CPU
[12:52:59] [TASK] Disk Monitor starting
[12:52:59] [TASK] Disk Monitor completed (exec #341)
[12:52:59] [DISPATCH] Task 4 (Collect Network) P0 gets CPU
[12:52:59] [TASK] Network Fetch starting
[12:52:59] [TASK] Network Fetch completed (exec #334)
[12:52:59] 
=== TICK 570 ===
[12:52:59] [READY] Task 1 (Collect CPU) ready - interval 1s elapsed
[12:52:59] [READY] Task 6 (Report Generator) ready - interval 9s elapsed
[12:52:59] [DISPATCH] Executing 2 ready task(s) in priority order
[12:52:59] [DISPATCH] Task 1 (Collect CPU) P3 gets CPU
[12:52:59] [TASK] CPU Monitor starting
[12:53:00] [TASK] CPU Monitor completed (exec #569)
[12:53:00] [DISPATCH] Task 6 (Report Generator) P3 gets CPU
[12:53:00] [TASK] Report Generator starting
[12:53:01] [TASK] Report Generator completed (exec #64)
[12:53:01] 
=== TICK 571 ===
[12:53:01] [READY] Task 1 (Collect CPU) ready - interval 1s elapsed
[12:53:01] [READY] Task 2 (Collect RAM) ready - interval 1s elapsed
[12:53:01] [READY] Task 3 (Collect DISK) ready - interval 1s elapsed
[12:53:01] [READY] Task 4 (Collect Network) ready - interval 1s elapsed
[12:53:01] [READY] Task 5 (Analyzer) ready - interval 1s elapsed
[12:53:01] [DISPATCH] Executing 5 ready task(s) in priority order
[12:53:01] [DISPATCH] Task 1 (Collect CPU) P3 gets CPU
[12:53:01] [TASK] CPU Monitor starting
[12:53:02] [TASK] CPU Monitor completed (exec #570)
[12:53:02] [DISPATCH] Task 2 (Collect RAM) P3 gets CPU
[12:53:02] [TASK] RAM Monitor starting
[12:53:02] [TASK] RAM Monitor completed (exec #372)
[12:53:02] [DISPATCH] Task 5 (Analyzer) P3 gets CPU
[12:53:02] [TASK] Analyzer starting
[12:53:02] [ERROR] Analyzer failed with code 256 (may need 'make all' first)
[12:53:02] [DISPATCH] Task 3 (Collect DISK) P2 gets CPU
[12:53:02] [TASK] Disk Monitor starting
[12:53:02] [TASK] Disk Monitor completed (exec #342)
[12:53:02] [DISPATCH] Task 4 (Collect Network) P0 gets CPU
[12:53:02] [TASK] Network Fetch starting
[12:53:02] [TASK] Network Fetch completed (exec #335)
[12:53:02] 
=== TICK 572 ===
[12:53:02] [READY] Task 1 (Collect CPU) ready - interval 1s elapsed
[12:53:02] [DISPATCH] Executing 1 ready task(s) in priority order
[12:53:02] [DISPATCH] Task 1 (Collect CPU) P3 gets CPU
[12:53:02] [TASK] CPU Monitor starting
[12:53:03] [TASK] CPU Monitor completed (exec #571)
[12:53:03] 
=== TICK 573 ===
[12:53:03] [READY] Task 1 (Collect CPU) ready - interval 1s elapsed
[12:53:03] [READY] Task 2 (Collect RAM) ready - interval 1s elapsed
[12:53:03] [READY] Task 3 (Collect DISK) ready - interval 1s elapsed
[12:53:03] [READY] Task 4 (Collect Network) ready - interval 1s elapsed
[12:53:03] [READY] Task 5 (Analyzer) ready - interval 1s elapsed
[12:53:03] [DISPATCH] Executing 5 ready task(s) in priority order
[12:53:03] [DISPATCH] Task 1 (Collect CPU) P3 gets CPU
[12:53:03] [TASK] CPU Monitor starting
[12:53:04] [TASK] CPU Monitor completed (exec #572)
[12:53:04] [DISPATCH] Task 2 (Collect RAM) P3 gets CPU
[12:53:04] [TASK] RAM Monitor starting
[12:53:04] [TASK] RAM Monitor completed (exec #373)
[12:53:04] [DISPATCH] Task 5 (Analyzer) P3 gets CPU
[12:53:04] [TASK] Analyzer starting
[12:53:04] [ERROR] Analyzer failed with code 256 (may need 'make all' first)
[12:53:04] [DISPATCH] Task 3 (Collect DISK) P2 gets CPU
[12:53:04] [TASK] Disk Monitor starting
[12:53:04] [TASK] Disk Monitor completed (exec #343)
[12:53:04] [DISPATCH] Task 4 (Collect Network) P0 gets CPU
[12:53:04] [TASK] Network Fetch starting
[12:53:04] [TASK] Network Fetch completed (exec #336)
[12:53:04] 
=== TICK 574 ===
[12:53:04] [READY] Task 1 (Collect CPU) ready - interval 1s elapsed
[12:53:04] [DISPATCH] Executing 1 ready task(s) in priority order
[12:53:04] [DISPATCH] Task 1 (Collect CPU) P3 gets CPU
[12:53:04] [TASK] CPU Monitor starting
[12:53:05] [TASK] CPU Monitor completed (exec #573)
[12:53:05] 
=== TICK 575 ===
[12:53:05] [READY] Task 1 (Collect CPU) ready - interval 1s elapsed
[12:53:05] [READY] Task 2 (Collect RAM) ready - interval 1s elapsed
[12:53:05] [READY] Task 3 (Collect DISK) ready - interval 1s elapsed
[12:53:05] [READY] Task 4 (Collect Network) ready - interval 1s elapsed
[12:53:05] [READY] Task 5 (Analyzer) ready - interval 1s elapsed
[12:53:05] [DISPATCH] Executing 5 ready task(s) in priority order
[12:53:05] [DISPATCH] Task 1 (Collect CPU) P3 gets CPU
[12:53:05] [TASK] CPU Monitor starting
[12:53:06] [TASK] CPU Monitor completed (exec #574)
[12:53:06] [DISPATCH] Task 2 (Collect RAM) P3 gets CPU
[12:53:06] [TASK] RAM Monitor starting
[12:53:06] [TASK] RAM Monitor completed (exec #374)
[12:53:06] [DISPATCH] Task 5 (Analyzer) P3 gets CPU
[12:53:06] [TASK] Analyzer starting
[12:53:06] [ERROR] Analyzer failed with code 256 (may need 'make all' first)
[12:53:06] [DISPATCH] Task 3 (Collect DISK) P2 gets CPU
[12:53:06] [TASK] Disk Monitor starting
[12:53:06] [TASK] Disk Monitor completed (exec #344)
[12:53:06] [DISPATCH] Task 4 (Collect Network) P0 gets CPU
[12:53:06] [TASK] Network Fetch starting
[12:53:06] [TASK] Network Fetch completed (exec #337)
[12:53:06] 
=== TICK 576 ===
[12:53:06] [READY] Task 1 (Collect CPU) ready - interval 1s elapsed
[12:53:06] [DISPATCH] Executing 1 ready task(s) in priority order
[12:53:06] [DISPATCH] Task 1 (Collect CPU) P3 gets CPU
[12:53:06] [TASK] CPU Monitor starting
[12:53:07] [TASK] CPU Monitor completed (exec #575)
[12:53:07] 
=== TICK 577 ===
[12:53:07] [READY] Task 1 (Collect CPU) ready - interval 1s elapsed
[12:53:07] [READY] Task 2 (Collect RAM) ready - interval 1s elapsed
[12:53:07] [READY] Task 3 (Collect DISK) ready - interval 1s elapsed
[12:53:07] [READY] Task 4 (Collect Network) ready - interval 1s elapsed
[12:53:07] [READY] Task 5 (Analyzer) ready - interval 1s elapsed
[12:53:07] [DISPATCH] Executing 5 ready task(s) in priority order
[12:53:07] [DISPATCH] Task 1 (Collect CPU) P3 gets CPU
[12:53:07] [TASK] CPU Monitor starting
[12:53:08] [TASK] CPU Monitor completed (exec #576)
[12:53:08] [DISPATCH] Task 2 (Collect RAM) P3 gets CPU
[12:53:08] [TASK] RAM Monitor starting
[12:53:08] [TASK] RAM Monitor completed (exec #375)
[12:53:08] [DISPATCH] Task 5 (Analyzer) P3 gets CPU
[12:53:08] [TASK] Analyzer starting
[12:53:08] [ERROR] Analyzer failed with code 256 (may need 'make all' first)
[12:53:08] [DISPATCH] Task 3 (Collect DISK) P2 gets CPU
[12:53:08] [TASK] Disk Monitor starting
[12:53:08] [TASK] Disk Monitor completed (exec #345)
[12:53:08] [DISPATCH] Task 4 (Collect Network) P0 gets CPU
[12:53:08] [TASK] Network Fetch starting
[12:53:08] [TASK] Network Fetch completed (exec #338)
[12:53:08] 
=== TICK 578 ===
[12:53:08] [READY] Task 1 (Collect CPU) ready - interval 1s elapsed
[12:53:08] [DISPATCH] Executing 1 ready task(s) in priority order
[12:53:08] [DISPATCH] Task 1 (Collect CPU) P3 gets CPU
[12:53:08] [TASK] CPU Monitor starting
[12:53:09] [TASK] CPU Monitor completed (exec #577)
[12:53:09] 
=== TICK 579 ===
[12:53:09] [READY] Task 1 (Collect CPU) ready - interval 1s elapsed
[12:53:09] [READY] Task 2 (Collect RAM) ready - interval 1s elapsed
[12:53:09] [READY] Task 3 (Collect DISK) ready - interval 1s elapsed
[12:53:09] [READY] Task 4 (Collect Network) ready - interval 1s elapsed
[12:53:09] [READY] Task 5 (Analyzer) ready - interval 1s elapsed
[12:53:09] [READY] Task 6 (Report Generator) ready - interval 9s elapsed
[12:53:09] [DISPATCH] Executing 6 ready task(s) in priority order
[12:53:09] [DISPATCH] Task 1 (Collect CPU) P3 gets CPU
[12:53:09] [TASK] CPU Monitor starting
[12:53:10] [TASK] CPU Monitor completed (exec #578)
[12:53:10] [DISPATCH] Task 2 (Collect RAM) P3 gets CPU
[12:53:10] [TASK] RAM Monitor starting
[12:53:10] [TASK] RAM Monitor completed (exec #376)
[12:53:10] [DISPATCH] Task 5 (Analyzer) P3 gets CPU
[12:53:10] [TASK] Analyzer starting
[12:53:10] [ERROR] Analyzer failed with code 256 (may need 'make all' first)
[12:53:10] [DISPATCH] Task 6 (Report Generator) P3 gets CPU
[12:53:10] [TASK] Report Generator starting
[12:53:11] [TASK] Report Generator completed (exec #65)
[12:53:11] [DISPATCH] Task 3 (Collect DISK) P2 gets CPU
[12:53:11] [TASK] Disk Monitor starting
[12:53:11] [TASK] Disk Monitor completed (exec #346)
[12:53:11] [DISPATCH] Task 4 (Collect Network) P0 gets CPU
[12:53:11] [TASK] Network Fetch starting
[12:53:11] [TASK] Network Fetch completed (exec #339)
[12:53:11] 
=== TICK 580 ===
[12:53:11] [READY] Task 1 (Collect CPU) ready - interval 1s elapsed
[12:53:11] [READY] Task 2 (Collect RAM) ready - interval 1s elapsed
[12:53:11] [READY] Task 5 (Analyzer) ready - interval 1s elapsed
[12:53:11] [DISPATCH] Executing 3 ready task(s) in priority order
[12:53:11] [DISPATCH] Task 1 (Collect CPU) P3 gets CPU
[12:53:11] [TASK] CPU Monitor starting
[12:53:12] [TASK] CPU Monitor completed (exec #579)
[12:53:12] [DISPATCH] Task 2 (Collect RAM) P3 gets CPU
[12:53:12] [TASK] RAM Monitor starting
[12:53:12] [TASK] RAM Monitor completed (exec #377)
[12:53:12] [DISPATCH] Task 5 (Analyzer) P3 gets CPU
[12:53:12] [TASK] Analyzer starting
[12:53:12] [ERROR] Analyzer failed with code 256 (may need 'make all' first)
[12:53:12] 
=== TICK 581 ===
[12:53:12] [READY] Task 1 (Collect CPU) ready - interval 1s elapsed
[12:53:12] [READY] Task 3 (Collect DISK) ready - interval 1s elapsed
[12:53:12] [READY] Task 4 (Collect Network) ready - interval 1s elapsed
[12:53:12] [DISPATCH] Executing 3 ready task(s) in priority order
[12:53:12] [DISPATCH] Task 1 (Collect CPU) P3 gets CPU
[12:53:12] [TASK] CPU Monitor starting
[12:53:13] [TASK] CPU Monitor completed (exec #580)
[12:53:13] [DISPATCH] Task 3 (Collect DISK) P2 gets CPU
[12:53:13] [TASK] Disk Monitor starting
[12:53:13] [TASK] Disk Monitor completed (exec #347)
[12:53:13] [DISPATCH] Task 4 (Collect Network) P0 gets CPU
[12:53:13] [TASK] Network Fetch starting
[12:53:13] [TASK] Network Fetch completed (exec #340)
[12:53:13] 
=== TICK 582 ===
[12:53:13] [READY] Task 1 (Collect CPU) ready - interval 1s elapsed
[12:53:13] [READY] Task 2 (Collect RAM) ready - interval 1s elapsed
[12:53:13] [READY] Task 5 (Analyzer) ready - interval 1s elapsed
[12:53:13] [DISPATCH] Executing 3 ready task(s) in priority order
[12:53:13] [DISPATCH] Task 1 (Collect CPU) P3 gets CPU
[12:53:13] [TASK] CPU Monitor starting
[12:53:14] [TASK] CPU Monitor completed (exec #581)
[12:53:14] [DISPATCH] Task 2 (Collect RAM) P3 gets CPU
[12:53:14] [TASK] RAM Monitor starting
[12:53:14] [TASK] RAM Monitor completed (exec #378)
[12:53:14] [DISPATCH] Task 5 (Analyzer) P3 gets CPU
[12:53:14] [TASK] Analyzer starting
[12:53:14] [ERROR] Analyzer failed with code 256 (may need 'make all' first)
[12:53:14] 
=== TICK 583 ===
[12:53:14] [READY] Task 1 (Collect CPU) ready - interval 1s elapsed
[12:53:14] [READY] Task 3 (Collect DISK) ready - interval 1s elapsed
[12:53:14] [READY] Task 4 (Collect Network) ready - interval 1s elapsed
[12:53:14] [DISPATCH] Executing 3 ready task(s) in priority order
[12:53:14] [DISPATCH] Task 1 (Collect CPU) P3 gets CPU
[12:53:14] [TASK] CPU Monitor starting
[12:53:14] [TASK] CPU Monitor completed (exec #582)
[12:53:14] [DISPATCH] Task 3 (Collect DISK) P2 gets CPU
[12:53:14] [TASK] Disk Monitor starting
[12:53:15] [TASK] Disk Monitor completed (exec #348)
[12:53:15] [DISPATCH] Task 4 (Collect Network) P0 gets CPU
[12:53:15] [TASK] Network Fetch starting
[12:53:15] [TASK] Network Fetch completed (exec #341)
[12:53:15] 
=== TICK 584 ===
[12:53:15] [READY] Task 1 (Collect CPU) ready - interval 1s elapsed
[12:53:15] [READY] Task 2 (Collect RAM) ready - interval 1s elapsed
[12:53:15] [READY] Task 3 (Collect DISK) ready - interval 1s elapsed
[12:53:15] [READY] Task 5 (Analyzer) ready - interval 1s elapsed
[12:53:15] [DISPATCH] Executing 4 ready task(s) in priority order
[12:53:15] [DISPATCH] Task 1 (Collect CPU) P3 gets CPU
[12:53:15] [TASK] CPU Monitor starting
[12:53:16] [TASK] CPU Monitor completed (exec #583)
[12:53:16] [DISPATCH] Task 2 (Collect RAM) P3 gets CPU
[12:53:16] [TASK] RAM Monitor starting
[12:53:16] [TASK] RAM Monitor completed (exec #379)
[12:53:16] [DISPATCH] Task 5 (Analyzer) P3 gets CPU
[12:53:16] [TASK] Analyzer starting
[12:53:16] [ERROR] Analyzer failed with code 256 (may need 'make all' first)
[12:53:16] [DISPATCH] Task 3 (Collect DISK) P2 gets CPU
[12:53:16] [TASK] Disk Monitor starting
[12:53:16] [TASK] Disk Monitor completed (exec #349)
[12:53:16] 
=== TICK 585 ===
[12:53:16] [READY] Task 1 (Collect CPU) ready - interval 1s elapsed
[12:53:16] [READY] Task 4 (Collect Network) ready - interval 1s elapsed
[12:53:16] [DISPATCH] Executing 2 ready task(s) in priority order
[12:53:16] [DISPATCH] Task 1 (Collect CPU) P3 gets CPU
[12:53:16] [TASK] CPU Monitor starting
[12:53:16] [TASK] CPU Monitor completed (exec #584)
[12:53:16] [DISPATCH] Task 4 (Collect Network) P0 gets CPU
[12:53:16] [TASK] Network Fetch starting
[12:53:17] [TASK] Network Fetch completed (exec #342)
[12:53:17] 
=== TICK 586 ===
[12:53:17] [READY] Task 1 (Collect CPU) ready - interval 1s elapsed
[12:53:17] [READY] Task 2 (Collect RAM) ready - interval 1s elapsed
[12:53:17] [READY] Task 3 (Collect DISK) ready - interval 1s elapsed
[12:53:17] [READY] Task 4 (Collect Network) ready - interval 1s elapsed
[12:53:17] [READY] Task 5 (Analyzer) ready - interval 1s elapsed
[12:53:17] [DISPATCH] Executing 5 ready task(s) in priority order
[12:53:17] [DISPATCH] Task 1 (Collect CPU) P3 gets CPU
[12:53:17] [TASK] CPU Monitor starting
[12:53:18] [TASK] CPU Monitor completed (exec #585)
[12:53:18] [DISPATCH] Task 2 (Collect RAM) P3 gets CPU
[12:53:18] [TASK] RAM Monitor starting
[12:53:18] [TASK] RAM Monitor completed (exec #380)
[12:53:18] [DISPATCH] Task 5 (Analyzer) P3 gets CPU
[12:53:18] [TASK] Analyzer starting
[12:53:18] [ERROR] Analyzer failed with code 256 (may need 'make all' first)
[12:53:18] [DISPATCH] Task 3 (Collect DISK) P2 gets CPU
[12:53:18] [TASK] Disk Monitor starting
[12:53:18] [TASK] Disk Monitor completed (exec #350)
[12:53:18] [DISPATCH] Task 4 (Collect Network) P0 gets CPU
[12:53:18] [TASK] Network Fetch starting
[12:53:18] [TASK] Network Fetch completed (exec #343)
[12:53:18] 
=== TICK 587 ===
[12:53:18] [READY] Task 1 (Collect CPU) ready - interval 1s elapsed
[12:53:18] [DISPATCH] Executing 1 ready task(s) in priority order
[12:53:18] [DISPATCH] Task 1 (Collect CPU) P3 gets CPU
[12:53:18] [TASK] CPU Monitor starting
[12:53:19] [TASK] CPU Monitor completed (exec #586)
[12:53:19] 
=== TICK 588 ===
[12:53:19] [READY] Task 1 (Collect CPU) ready - interval 1s elapsed
[12:53:19] [READY] Task 2 (Collect RAM) ready - interval 1s elapsed
[12:53:19] [READY] Task 3 (Collect DISK) ready - interval 1s elapsed
[12:53:19] [READY] Task 4 (Collect Network) ready - interval 1s elapsed
[12:53:19] [READY] Task 5 (Analyzer) ready - interval 1s elapsed
[12:53:19] [READY] Task 6 (Report Generator) ready - interval 9s elapsed
[12:53:19] [DISPATCH] Executing 6 ready task(s) in priority order
[12:53:19] [DISPATCH] Task 1 (Collect CPU) P3 gets CPU
[12:53:19] [TASK] CPU Monitor starting
[12:53:20] [TASK] CPU Monitor completed (exec #587)
[12:53:20] [DISPATCH] Task 2 (Collect RAM) P3 gets CPU
[12:53:20] [TASK] RAM Monitor starting
[12:53:20] [TASK] RAM Monitor completed (exec #381)
[12:53:20] [DISPATCH] Task 5 (Analyzer) P3 gets CPU
[12:53:20] [TASK] Analyzer starting
[12:53:20] [ERROR] Analyzer failed with code 256 (may need 'make all' first)
[12:53:20] [DISPATCH] Task 6 (Report Generator) P3 gets CPU
[12:53:20] [TASK] Report Generator starting
[12:53:20] [TASK] Report Generator completed (exec #66)
[12:53:20] [DISPATCH] Task 3 (Collect DISK) P2 gets CPU
[12:53:20] [TASK] Disk Monitor starting
[12:53:20] [TASK] Disk Monitor completed (exec #351)
[12:53:20] [DISPATCH] Task 4 (Collect Network) P0 gets CPU
[12:53:20] [TASK] Network Fetch starting
[12:53:20] [TASK] Network Fetch completed (exec #344)
[12:53:20] 
=== TICK 589 ===
[12:53:20] [READY] Task 1 (Collect CPU) ready - interval 1s elapsed
[12:53:20] [DISPATCH] Executing 1 ready task(s) in priority order
[12:53:20] [DISPATCH] Task 1 (Collect CPU) P3 gets CPU
[12:53:20] [TASK] CPU Monitor starting
[12:53:21] [TASK] CPU Monitor completed (exec #588)
[12:53:21] 
=== TICK 590 ===
[12:53:21] [READY] Task 1 (Collect CPU) ready - interval 1s elapsed
[12:53:21] [READY] Task 2 (Collect RAM) ready - interval 1s elapsed
[12:53:21] [READY] Task 3 (Collect DISK) ready - interval 1s elapsed
[12:53:21] [READY] Task 4 (Collect Network) ready - interval 1s elapsed
[12:53:21] [READY] Task 5 (Analyzer) ready - interval 1s elapsed
[12:53:21] [DISPATCH] Executing 5 ready task(s) in priority order
[12:53:21] [DISPATCH] Task 1 (Collect CPU) P3 gets CPU
[12:53:21] [TASK] CPU Monitor starting
[12:53:22] [TASK] CPU Monitor completed (exec #589)
[12:53:22] [DISPATCH] Task 2 (Collect RAM) P3 gets CPU
[12:53:22] [TASK] RAM Monitor starting
[12:53:22] [TASK] RAM Monitor completed (exec #382)
[12:53:22] [DISPATCH] Task 5 (Analyzer) P3 gets CPU
[12:53:22] [TASK] Analyzer starting
[12:53:22] [ERROR] Analyzer failed with code 256 (may need 'make all' first)
[12:53:22] [DISPATCH] Task 3 (Collect DISK) P2 gets CPU
[12:53:22] [TASK] Disk Monitor starting
[12:53:22] [TASK] Disk Monitor completed (exec #352)
[12:53:22] [DISPATCH] Task 4 (Collect Network) P0 gets CPU
[12:53:22] [TASK] Network Fetch starting
[12:53:22] [TASK] Network Fetch completed (exec #345)
[12:53:22] 
=== TICK 591 ===
[12:53:22] [READY] Task 1 (Collect CPU) ready - interval 1s elapsed
[12:53:22] [DISPATCH] Executing 1 ready task(s) in priority order
[12:53:22] [DISPATCH] Task 1 (Collect CPU) P3 gets CPU
[12:53:22] [TASK] CPU Monitor starting
[12:53:23] [TASK] CPU Monitor completed (exec #590)
[12:53:23] 
=== TICK 592 ===
[12:53:23] [READY] Task 1 (Collect CPU) ready - interval 1s elapsed
[12:53:23] [READY] Task 2 (Collect RAM) ready - interval 1s elapsed
[12:53:23] [READY] Task 3 (Collect DISK) ready - interval 1s elapsed
[12:53:23] [READY] Task 4 (Collect Network) ready - interval 1s elapsed
[12:53:23] [READY] Task 5 (Analyzer) ready - interval 1s elapsed
[12:53:23] [DISPATCH] Executing 5 ready task(s) in priority order
[12:53:23] [DISPATCH] Task 1 (Collect CPU) P3 gets CPU
[12:53:23] [TASK] CPU Monitor starting
[12:53:24] [TASK] CPU Monitor completed (exec #591)
[12:53:24] [DISPATCH] Task 2 (Collect RAM) P3 gets CPU
[12:53:24] [TASK] RAM Monitor starting
[12:53:24] [TASK] RAM Monitor completed (exec #383)
[12:53:24] [DISPATCH] Task 5 (Analyzer) P3 gets CPU
[12:53:24] [TASK] Analyzer starting
[12:53:24] [ERROR] Analyzer failed with code 256 (may need 'make all' first)
[12:53:24] [DISPATCH] Task 3 (Collect DISK) P2 gets CPU
[12:53:24] [TASK] Disk Monitor starting
[12:53:24] [TASK] Disk Monitor completed (exec #353)
[12:53:24] [DISPATCH] Task 4 (Collect Network) P0 gets CPU
[12:53:24] [TASK] Network Fetch starting
[12:53:24] [TASK] Network Fetch completed (exec #346)
[12:53:24] 
=== TICK 593 ===
[12:53:24] [READY] Task 1 (Collect CPU) ready - interval 1s elapsed
[12:53:24] [DISPATCH] Executing 1 ready task(s) in priority order
[12:53:24] [DISPATCH] Task 1 (Collect CPU) P3 gets CPU
[12:53:24] [TASK] CPU Monitor starting
[12:53:26] [TASK] CPU Monitor completed (exec #592)
[12:53:26] 
=== TICK 594 ===
[12:53:26] [READY] Task 1 (Collect CPU) ready - interval 1s elapsed
[12:53:26] [READY] Task 2 (Collect RAM) ready - interval 1s elapsed
[12:53:26] [READY] Task 3 (Collect DISK) ready - interval 1s elapsed
[12:53:26] [READY] Task 4 (Collect Network) ready - interval 1s elapsed
[12:53:26] [READY] Task 5 (Analyzer) ready - interval 1s elapsed
[12:53:26] [DISPATCH] Executing 5 ready task(s) in priority order
[12:53:26] [DISPATCH] Task 1 (Collect CPU) P3 gets CPU
[12:53:26] [TASK] CPU Monitor starting
[12:53:27] [TASK] CPU Monitor completed (exec #593)
[12:53:27] [DISPATCH] Task 2 (Collect RAM) P3 gets CPU
[12:53:27] [TASK] RAM Monitor starting
[12:53:27] [TASK] RAM Monitor completed (exec #384)
[12:53:27] [DISPATCH] Task 5 (Analyzer) P3 gets CPU
[12:53:27] [TASK] Analyzer starting
[12:53:27] [ERROR] Analyzer failed with code 256 (may need 'make all' first)
[12:53:27] [DISPATCH] Task 3 (Collect DISK) P2 gets CPU
[12:53:27] [TASK] Disk Monitor starting
[12:53:27] [TASK] Disk Monitor completed (exec #354)
[12:53:27] [DISPATCH] Task 4 (Collect Network) P0 gets CPU
[12:53:27] [TASK] Network Fetch starting
[12:53:27] [TASK] Network Fetch completed (exec #347)
[12:53:27] 
=== TICK 595 ===
[12:53:27] [READY] Task 1 (Collect CPU) ready - interval 1s elapsed
[12:53:27] [DISPATCH] Executing 1 ready task(s) in priority order
[12:53:27] [DISPATCH] Task 1 (Collect CPU) P3 gets CPU
[12:53:27] [TASK] CPU Monitor starting
[12:53:28] [TASK] CPU Monitor completed (exec #594)
[12:53:28] 
=== TICK 596 ===
[12:53:28] [READY] Task 1 (Collect CPU) ready - interval 1s elapsed
[12:53:28] [READY] Task 2 (Collect RAM) ready - interval 1s elapsed
[12:53:28] [READY] Task 3 (Collect DISK) ready - interval 1s elapsed
[12:53:28] [READY] Task 4 (Collect Network) ready - interval 1s elapsed
[12:53:28] [READY] Task 5 (Analyzer) ready - interval 1s elapsed
[12:53:28] [DISPATCH] Executing 5 ready task(s) in priority order
[12:53:28] [DISPATCH] Task 1 (Collect CPU) P3 gets CPU
[12:53:28] [TASK] CPU Monitor starting
[12:53:29] [TASK] CPU Monitor completed (exec #595)
[12:53:29] [DISPATCH] Task 2 (Collect RAM) P3 gets CPU
[12:53:29] [TASK] RAM Monitor starting
[12:53:29] [TASK] RAM Monitor completed (exec #385)
[12:53:29] [DISPATCH] Task 5 (Analyzer) P3 gets CPU
[12:53:29] [TASK] Analyzer starting
[12:53:29] [ERROR] Analyzer failed with code 256 (may need 'make all' first)
[12:53:29] [DISPATCH] Task 3 (Collect DISK) P2 gets CPU
[12:53:29] [TASK] Disk Monitor starting
[12:53:29] [TASK] Disk Monitor completed (exec #355)
[12:53:29] [DISPATCH] Task 4 (Collect Network) P0 gets CPU
[12:53:29] [TASK] Network Fetch starting
[12:53:29] [TASK] Network Fetch completed (exec #348)
[12:53:29] 
=== TICK 597 ===
[12:53:29] [READY] Task 1 (Collect CPU) ready - interval 1s elapsed
[12:53:29] [READY] Task 6 (Report Generator) ready - interval 9s elapsed
[12:53:29] [DISPATCH] Executing 2 ready task(s) in priority order
[12:53:29] [DISPATCH] Task 1 (Collect CPU) P3 gets CPU
[12:53:29] [TASK] CPU Monitor starting
[12:53:29] [TASK] CPU Monitor completed (exec #596)
[12:53:29] [DISPATCH] Task 6 (Report Generator) P3 gets CPU
[12:53:29] [TASK] Report Generator starting
[12:53:30] [TASK] Report Generator completed (exec #67)
[12:53:30] 
=== TICK 598 ===
[12:53:30] [READY] Task 1 (Collect CPU) ready - interval 1s elapsed
[12:53:30] [READY] Task 2 (Collect RAM) ready - interval 1s elapsed
[12:53:30] [READY] Task 3 (Collect DISK) ready - interval 1s elapsed
[12:53:30] [READY] Task 4 (Collect Network) ready - interval 1s elapsed
[12:53:30] [READY] Task 5 (Analyzer) ready - interval 1s elapsed
[12:53:30] [DISPATCH] Executing 5 ready task(s) in priority order
[12:53:30] [DISPATCH] Task 1 (Collect CPU) P3 gets CPU
[12:53:30] [TASK] CPU Monitor starting
[12:53:31] [TASK] CPU Monitor completed (exec #597)
[12:53:31] [DISPATCH] Task 2 (Collect RAM) P3 gets CPU
[12:53:31] [TASK] RAM Monitor starting
[12:53:31] [TASK] RAM Monitor completed (exec #386)
[12:53:31] [DISPATCH] Task 5 (Analyzer) P3 gets CPU
[12:53:31] [TASK] Analyzer starting
[12:53:31] [ERROR] Analyzer failed with code 256 (may need 'make all' first)
[12:53:31] [DISPATCH] Task 3 (Collect DISK) P2 gets CPU
[12:53:31] [TASK] Disk Monitor starting
[12:53:31] [TASK] Disk Monitor completed (exec #356)
[12:53:31] [DISPATCH] Task 4 (Collect Network) P0 gets CPU
[12:53:31] [TASK] Network Fetch starting
[12:53:31] [TASK] Network Fetch completed (exec #349)
[12:53:31] 
=== TICK 599 ===
[12:53:31] [READY] Task 1 (Collect CPU) ready - interval 1s elapsed
[12:53:31] [DISPATCH] Executing 1 ready task(s) in priority order
[12:53:31] [DISPATCH] Task 1 (Collect CPU) P3 gets CPU
[12:53:31] [TASK] CPU Monitor starting
[12:53:32] [TASK] CPU Monitor completed (exec #598)
[12:53:32] 
=== TICK 600 ===
[12:53:32] [READY] Task 1 (Collect CPU) ready - interval 1s elapsed
[12:53:32] [READY] Task 2 (Collect RAM) ready - interval 1s elapsed
[12:53:32] [READY] Task 3 (Collect DISK) ready - interval 1s elapsed
[12:53:32] [READY] Task 4 (Collect Network) ready - interval 1s elapsed
[12:53:32] [READY] Task 5 (Analyzer) ready - interval 1s elapsed
[12:53:32] [DISPATCH] Executing 5 ready task(s) in priority order
[12:53:32] [DISPATCH] Task 1 (Collect CPU) P3 gets CPU
[12:53:32] [TASK] CPU Monitor starting
[12:53:33] [TASK] CPU Monitor completed (exec #599)
[12:53:33] [DISPATCH] Task 2 (Collect RAM) P3 gets CPU
[12:53:33] [TASK] RAM Monitor starting
[12:53:33] [TASK] RAM Monitor completed (exec #387)
[12:53:33] [DISPATCH] Task 5 (Analyzer) P3 gets CPU
[12:53:33] [TASK] Analyzer starting
[12:53:33] [ERROR] Analyzer failed with code 256 (may need 'make all' first)
[12:53:33] [DISPATCH] Task 3 (Collect DISK) P2 gets CPU
[12:53:33] [TASK] Disk Monitor starting
[12:53:33] [TASK] Disk Monitor completed (exec #357)
[12:53:33] [DISPATCH] Task 4 (Collect Network) P0 gets CPU
[12:53:33] [TASK] Network Fetch starting
[12:53:33] [TASK] Network Fetch completed (exec #350)
[12:53:33] 
=== TICK 601 ===
[12:53:33] [READY] Task 1 (Collect CPU) ready - interval 1s elapsed
[12:53:33] [DISPATCH] Executing 1 ready task(s) in priority order
[12:53:33] [DISPATCH] Task 1 (Collect CPU) P3 gets CPU
[12:53:33] [TASK] CPU Monitor starting
[12:53:33] [TASK] CPU Monitor completed (exec #600)
[12:53:33] 
=== TICK 602 ===
[12:53:33] 
=== TICK 603 ===
[12:53:34] 
=== TICK 604 ===
[12:53:34] [READY] Task 1 (Collect CPU) ready - interval 1s elapsed
[12:53:34] [READY] Task 2 (Collect RAM) ready - interval 1s elapsed
[12:53:34] [READY] Task 3 (Collect DISK) ready - interval 1s elapsed
[12:53:34] [READY] Task 4 (Collect Network) ready - interval 1s elapsed
[12:53:34] [READY] Task 5 (Analyzer) ready - interval 1s elapsed
[12:53:34] [DISPATCH] Executing 5 ready task(s) in priority order
[12:53:34] [DISPATCH] Task 1 (Collect CPU) P3 gets CPU
[12:53:34] [TASK] CPU Monitor starting
[12:53:35] [TASK] CPU Monitor completed (exec #601)
[12:53:35] [DISPATCH] Task 2 (Collect RAM) P3 gets CPU
[12:53:35] [TASK] RAM Monitor starting
[12:53:35] [TASK] RAM Monitor completed (exec #388)
[12:53:35] [DISPATCH] Task 5 (Analyzer) P3 gets CPU
[12:53:35] [TASK] Analyzer starting
[12:53:35] [ERROR] Analyzer failed with code 256 (may need 'make all' first)
[12:53:35] [DISPATCH] Task 3 (Collect DISK) P2 gets CPU
[12:53:35] [TASK] Disk Monitor starting
[12:53:35] [TASK] Disk Monitor completed (exec #358)
[12:53:35] [DISPATCH] Task 4 (Collect Network) P0 gets CPU
[12:53:35] [TASK] Network Fetch starting
[12:53:35] [TASK] Network Fetch completed (exec #351)
[12:53:35] 
=== TICK 605 ===
[12:53:35] [READY] Task 1 (Collect CPU) ready - interval 1s elapsed
[12:53:35] [DISPATCH] Executing 1 ready task(s) in priority order
[12:53:35] [DISPATCH] Task 1 (Collect CPU) P3 gets CPU
[12:53:35] [TASK] CPU Monitor starting
[12:53:36] [TASK] CPU Monitor completed (exec #602)
[12:53:36] 
=== TICK 606 ===
[12:53:36] [READY] Task 1 (Collect CPU) ready - interval 1s elapsed
[12:53:36] [READY] Task 2 (Collect RAM) ready - interval 1s elapsed
[12:53:36] [READY] Task 3 (Collect DISK) ready - interval 1s elapsed
[12:53:36] [READY] Task 4 (Collect Network) ready - interval 1s elapsed
[12:53:36] [READY] Task 5 (Analyzer) ready - interval 1s elapsed
[12:53:36] [DISPATCH] Executing 5 ready task(s) in priority order
[12:53:36] [DISPATCH] Task 1 (Collect CPU) P3 gets CPU
[12:53:36] [TASK] CPU Monitor starting
[12:53:37] [TASK] CPU Monitor completed (exec #603)
[12:53:37] [DISPATCH] Task 2 (Collect RAM) P3 gets CPU
[12:53:37] [TASK] RAM Monitor starting
[12:53:37] [TASK] RAM Monitor completed (exec #389)
[12:53:37] [DISPATCH] Task 5 (Analyzer) P3 gets CPU
[12:53:37] [TASK] Analyzer starting
[12:53:37] [ERROR] Analyzer failed with code 256 (may need 'make all' first)
[12:53:37] [DISPATCH] Task 3 (Collect DISK) P2 gets CPU
[12:53:37] [TASK] Disk Monitor starting
[12:53:37] [TASK] Disk Monitor completed (exec #359)
[12:53:37] [DISPATCH] Task 4 (Collect Network) P0 gets CPU
[12:53:37] [TASK] Network Fetch starting
[12:53:37] [TASK] Network Fetch completed (exec #352)
[12:53:37] 
=== TICK 607 ===
[12:53:37] [READY] Task 1 (Collect CPU) ready - interval 1s elapsed
[12:53:37] [DISPATCH] Executing 1 ready task(s) in priority order
[12:53:37] [DISPATCH] Task 1 (Collect CPU) P3 gets CPU
[12:53:37] [TASK] CPU Monitor starting
[12:53:38] [TASK] CPU Monitor completed (exec #604)
[12:53:38] 
=== TICK 608 ===
[12:53:38] [READY] Task 1 (Collect CPU) ready - interval 1s elapsed
[12:53:38] [READY] Task 2 (Collect RAM) ready - interval 1s elapsed
[12:53:38] [READY] Task 3 (Collect DISK) ready - interval 1s elapsed
[12:53:38] [READY] Task 4 (Collect Network) ready - interval 1s elapsed
[12:53:38] [READY] Task 5 (Analyzer) ready - interval 1s elapsed
[12:53:38] [READY] Task 6 (Report Generator) ready - interval 9s elapsed
[12:53:38] [DISPATCH] Executing 6 ready task(s) in priority order
[12:53:38] [DISPATCH] Task 1 (Collect CPU) P3 gets CPU
[12:53:38] [TASK] CPU Monitor starting
[12:53:38] [TASK] CPU Monitor completed (exec #605)
[12:53:38] [DISPATCH] Task 2 (Collect RAM) P3 gets CPU
[12:53:38] [TASK] RAM Monitor starting
[12:53:38] [TASK] RAM Monitor completed (exec #390)
[12:53:38] [DISPATCH] Task 5 (Analyzer) P3 gets CPU
[12:53:38] [TASK] Analyzer starting
[12:53:38] [ERROR] Analyzer failed with code 256 (may need 'make all' first)
[12:53:38] [DISPATCH] Task 6 (Report Generator) P3 gets CPU
[12:53:38] [TASK] Report Generator starting
[12:53:39] [TASK] Report Generator completed (exec #68)
[12:53:39] [DISPATCH] Task 3 (Collect DISK) P2 gets CPU
[12:53:39] [TASK] Disk Monitor starting
[12:53:39] [TASK] Disk Monitor completed (exec #360)
[12:53:39] [DISPATCH] Task 4 (Collect Network) P0 gets CPU
[12:53:39] [TASK] Network Fetch starting
[12:53:39] [TASK] Network Fetch completed (exec #353)
[12:53:39] 
=== TICK 609 ===
[12:53:39] [READY] Task 1 (Collect CPU) ready - interval 1s elapsed
[12:53:39] [READY] Task 2 (Collect RAM) ready - interval 1s elapsed
[12:53:39] [READY] Task 5 (Analyzer) ready - interval 1s elapsed
[12:53:39] [DISPATCH] Executing 3 ready task(s) in priority order
[12:53:39] [DISPATCH] Task 1 (Collect CPU) P3 gets CPU
[12:53:39] [TASK] CPU Monitor starting
[12:53:40] [TASK] CPU Monitor completed (exec #606)
[12:53:40] [DISPATCH] Task 2 (Collect RAM) P3 gets CPU
[12:53:40] [TASK] RAM Monitor starting
[12:53:40] [TASK] RAM Monitor completed (exec #391)
[12:53:40] [DISPATCH] Task 5 (Analyzer) P3 gets CPU
[12:53:40] [TASK] Analyzer starting
[12:53:40] [ERROR] Analyzer failed with code 256 (may need 'make all' first)
[12:53:40] 
=== TICK 610 ===
[12:53:40] [READY] Task 1 (Collect CPU) ready - interval 1s elapsed
[12:53:40] [READY] Task 3 (Collect DISK) ready - interval 1s elapsed
[12:53:40] [READY] Task 4 (Collect Network) ready - interval 1s elapsed
[12:53:40] [DISPATCH] Executing 3 ready task(s) in priority order
[12:53:40] [DISPATCH] Task 1 (Collect CPU) P3 gets CPU
[12:53:40] [TASK] CPU Monitor starting
[12:53:41] [TASK] CPU Monitor completed (exec #607)
[12:53:41] [DISPATCH] Task 3 (Collect DISK) P2 gets CPU
[12:53:41] [TASK] Disk Monitor starting
[12:53:41] [TASK] Disk Monitor completed (exec #361)
[12:53:41] [DISPATCH] Task 4 (Collect Network) P0 gets CPU
[12:53:41] [TASK] Network Fetch starting
[12:53:41] [TASK] Network Fetch completed (exec #354)
[12:53:41] 
=== TICK 611 ===
[12:53:41] [READY] Task 1 (Collect CPU) ready - interval 1s elapsed
[12:53:41] [READY] Task 2 (Collect RAM) ready - interval 1s elapsed
[12:53:41] [READY] Task 5 (Analyzer) ready - interval 1s elapsed
[12:53:41] [DISPATCH] Executing 3 ready task(s) in priority order
[12:53:41] [DISPATCH] Task 1 (Collect CPU) P3 gets CPU
[12:53:41] [TASK] CPU Monitor starting
[12:53:41] [TASK] CPU Monitor completed (exec #608)
[12:53:41] [DISPATCH] Task 2 (Collect RAM) P3 gets CPU
[12:53:41] [TASK] RAM Monitor starting
[12:53:41] [TASK] RAM Monitor completed (exec #392)
[12:53:41] [DISPATCH] Task 5 (Analyzer) P3 gets CPU
[12:53:41] [TASK] Analyzer starting
[12:53:41] [ERROR] Analyzer failed with code 256 (may need 'make all' first)
[12:53:41] 
=== TICK 612 ===
[12:53:41] 
=== TICK 613 ===
[12:53:42] 
=== TICK 614 ===
[12:53:42] [READY] Task 1 (Collect CPU) ready - interval 1s elapsed
[12:53:42] [READY] Task 2 (Collect RAM) ready - interval 1s elapsed
[12:53:42] [READY] Task 3 (Collect DISK) ready - interval 1s elapsed
[12:53:42] [READY] Task 4 (Collect Network) ready - interval 1s elapsed
[12:53:42] [READY] Task 5 (Analyzer) ready - interval 1s elapsed
[12:53:42] [DISPATCH] Executing 5 ready task(s) in priority order
[12:53:42] [DISPATCH] Task 1 (Collect CPU) P3 gets CPU
[12:53:42] [TASK] CPU Monitor starting
[12:53:43] [TASK] CPU Monitor completed (exec #609)
[12:53:43] [DISPATCH] Task 2 (Collect RAM) P3 gets CPU
[12:53:43] [TASK] RAM Monitor starting
[12:53:43] [TASK] RAM Monitor completed (exec #393)
[12:53:43] [DISPATCH] Task 5 (Analyzer) P3 gets CPU
[12:53:43] [TASK] Analyzer starting
[12:53:43] [ERROR] Analyzer failed with code 256 (may need 'make all' first)
[12:53:43] [DISPATCH] Task 3 (Collect DISK) P2 gets CPU
[12:53:43] [TASK] Disk Monitor starting
[12:53:43] [TASK] Disk Monitor completed (exec #362)
[12:53:43] [DISPATCH] Task 4 (Collect Network) P0 gets CPU
[12:53:43] [TASK] Network Fetch starting
[12:53:43] [TASK] Network Fetch completed (exec #355)
[12:53:43] 
=== TICK 615 ===
[12:53:43] [READY] Task 1 (Collect CPU) ready - interval 1s elapsed
[12:53:43] [DISPATCH] Executing 1 ready task(s) in priority order
[12:53:43] [DISPATCH] Task 1 (Collect CPU) P3 gets CPU
[12:53:43] [TASK] CPU Monitor starting
[12:53:44] [TASK] CPU Monitor completed (exec #610)
[12:53:44] 
=== TICK 616 ===
[12:53:44] [READY] Task 1 (Collect CPU) ready - interval 1s elapsed
[12:53:44] [READY] Task 2 (Collect RAM) ready - interval 1s elapsed
[12:53:44] [READY] Task 3 (Collect DISK) ready - interval 1s elapsed
[12:53:44] [READY] Task 4 (Collect Network) ready - interval 1s elapsed
[12:53:44] [READY] Task 5 (Analyzer) ready - interval 1s elapsed
[12:53:44] [DISPATCH] Executing 5 ready task(s) in priority order
[12:53:44] [DISPATCH] Task 1 (Collect CPU) P3 gets CPU
[12:53:44] [TASK] CPU Monitor starting

=== CS350 GUI Scheduler Session Started ===
Started: Wed Dec 31 12:53:52 2025

[12:53:52] 
=== TICK 1 ===
[12:53:53] 
=== TICK 2 ===
[12:53:53] [READY] Task 1 (Collect CPU) ready - interval 1s elapsed
[12:53:53] [READY] Task 2 (Collect RAM) ready - interval 1s elapsed
[12:53:53] [READY] Task 3 (Collect DISK) ready - interval 1s elapsed
[12:53:53] [READY] Task 4 (Collect Network) ready - interval 1s elapsed
[12:53:53] [READY] Task 5 (Analyzer) ready - interval 1s elapsed
[12:53:53] [DISPATCH] Executing 5 ready task(s) in priority order
[12:53:53] [DISPATCH] Task 1 (Collect CPU) P3 gets CPU
[12:53:53] [TASK] CPU Monitor starting
[12:53:54] [TASK] CPU Monitor completed (exec #1)
[12:53:54] [DISPATCH] Task 2 (Collect RAM) P3 gets CPU
[12:53:54] [TASK] RAM Monitor starting
[12:53:54] [TASK] RAM Monitor completed (exec #1)
[12:53:54] [DISPATCH] Task 5 (Analyzer) P3 gets CPU
[12:53:54] [TASK] Analyzer starting
[12:53:54] [ERROR] Analyzer failed with code 256 (may need 'make all' first)
[12:53:54] [DISPATCH] Task 3 (Collect DISK) P2 gets CPU
[12:53:54] [TASK] Disk Monitor starting
[12:53:54] [TASK] Disk Monitor completed (exec #1)
[12:53:54] [DISPATCH] Task 4 (Collect Network) P0 gets CPU
[12:53:54] [TASK] Network Fetch starting
[12:53:54] [TASK] Network Fetch completed (exec #1)
[12:53:54] 
=== TICK 3 ===
[12:53:54] [READY] Task 1 (Collect CPU) ready - interval 1s elapsed
[12:53:54] [DISPATCH] Executing 1 ready task(s) in priority order
[12:53:54] [DISPATCH] Task 1 (Collect CPU) P3 gets CPU
[12:53:54] [TASK] CPU Monitor starting
[12:53:55] [TASK] CPU Monitor completed (exec #2)
[12:53:55] 
=== TICK 4 ===
[12:53:55] [READY] Task 1 (Collect CPU) ready - interval 1s elapsed
[12:53:55] [READY] Task 2 (Collect RAM) ready - interval 1s elapsed
[12:53:55] [READY] Task 3 (Collect DISK) ready - interval 1s elapsed
[12:53:55] [READY] Task 4 (Collect Network) ready - interval 1s elapsed
[12:53:55] [READY] Task 5 (Analyzer) ready - interval 1s elapsed
[12:53:55] [DISPATCH] Executing 5 ready task(s) in priority order
[12:53:55] [DISPATCH] Task 1 (Collect CPU) P3 gets CPU
[12:53:55] [TASK] CPU Monitor starting
[12:53:56] [TASK] CPU Monitor completed (exec #3)
[12:53:56] [DISPATCH] Task 2 (Collect RAM) P3 gets CPU
[12:53:56] [TASK] RAM Monitor starting
[12:53:56] [TASK] RAM Monitor completed (exec #2)
[12:53:56] [DISPATCH] Task 5 (Analyzer) P3 gets CPU
[12:53:56] [TASK] Analyzer starting
[12:53:56] [ERROR] Analyzer failed with code 256 (may need 'make all' first)
[12:53:56] [DISPATCH] Task 3 (Collect DISK) P2 gets CPU
[12:53:56] [TASK] Disk Monitor starting
[12:53:56] [TASK] Disk Monitor completed (exec #2)
[12:53:56] [DISPATCH] Task 4 (Collect Network) P0 gets CPU
[12:53:56] [TASK] Network Fetch starting
[12:53:56] [TASK] Network Fetch completed (exec #2)
[12:53:56] 
=== TICK 5 ===
[12:53:56] [READY] Task 1 (Collect CPU) ready - interval 1s elapsed
[12:53:56] [DISPATCH] Executing 1 ready task(s) in priority order
[12:53:56] [DISPATCH] Task 1 (Collect CPU) P3 gets CPU
[12:53:56] [TASK] CPU Monitor starting
[12:53:57] [TASK] CPU Monitor completed (exec #4)
[12:53:57] 
=== TICK 6 ===
[12:53:57] [READY] Task 1 (Collect CPU) ready - interval 1s elapsed
[12:53:57] [READY] Task 2 (Collect RAM) ready - interval 1s elapsed
[12:53:57] [READY] Task 3 (Collect DISK) ready - interval 1s elapsed
[12:53:57] [READY] Task 4 (Collect Network) ready - interval 1s elapsed
[12:53:57] [READY] Task 5 (Analyzer) ready - interval 1s elapsed
[12:53:57] [DISPATCH] Executing 5 ready task(s) in priority order
[12:53:57] [DISPATCH] Task 1 (Collect CPU) P3 gets CPU
[12:53:57] [TASK] CPU Monitor starting
[12:53:59] [TASK] CPU Monitor completed (exec #5)
[12:53:59] [DISPATCH] Task 2 (Collect RAM) P3 gets CPU
[12:53:59] [TASK] RAM Monitor starting
[12:53:59] [TASK] RAM Monitor completed (exec #3)
[12:53:59] [DISPATCH] Task 5 (Analyzer) P3 gets CPU
[12:53:59] [TASK] Analyzer starting
[12:53:59] [ERROR] Analyzer failed with code 256 (may need 'make all' first)
[12:53:59] [DISPATCH] Task 3 (Collect DISK) P2 gets CPU
[12:53:59] [TASK] Disk Monitor starting
[12:53:59] [TASK] Disk Monitor completed (exec #3)
[12:53:59] [DISPATCH] Task 4 (Collect Network) P0 gets CPU
[12:53:59] [TASK] Network Fetch starting
[12:53:59] [TASK] Network Fetch completed (exec #3)
[12:53:59] 
=== TICK 7 ===
[12:53:59] [READY] Task 1 (Collect CPU) ready - interval 1s elapsed
[12:53:59] [DISPATCH] Executing 1 ready task(s) in priority order
[12:53:59] [DISPATCH] Task 1 (Collect CPU) P3 gets CPU
[12:53:59] [TASK] CPU Monitor starting
[12:54:00] [TASK] CPU Monitor completed (exec #6)
[12:54:00] 
=== TICK 8 ===
[12:54:00] [READY] Task 1 (Collect CPU) ready - interval 1s elapsed
[12:54:00] [READY] Task 2 (Collect RAM) ready - interval 1s elapsed
[12:54:00] [READY] Task 3 (Collect DISK) ready - interval 1s elapsed
[12:54:00] [READY] Task 4 (Collect Network) ready - interval 1s elapsed
[12:54:00] [READY] Task 5 (Analyzer) ready - interval 1s elapsed
[12:54:00] [DISPATCH] Executing 5 ready task(s) in priority order
[12:54:00] [DISPATCH] Task 1 (Collect CPU) P3 gets CPU
[12:54:00] [TASK] CPU Monitor starting
[12:54:01] [TASK] CPU Monitor completed (exec #7)
[12:54:01] [DISPATCH] Task 2 (Collect RAM) P3 gets CPU
[12:54:01] [TASK] RAM Monitor starting
[12:54:01] [TASK] RAM Monitor completed (exec #4)
[12:54:01] [DISPATCH] Task 5 (Analyzer) P3 gets CPU
[12:54:01] [TASK] Analyzer starting
[12:54:01] [ERROR] Analyzer failed with code 256 (may need 'make all' first)
[12:54:01] [DISPATCH] Task 3 (Collect DISK) P2 gets CPU
[12:54:01] [TASK] Disk Monitor starting
[12:54:01] [TASK] Disk Monitor completed (exec #4)
[12:54:01] [DISPATCH] Task 4 (Collect Network) P0 gets CPU
[12:54:01] [TASK] Network Fetch starting
[12:54:01] [TASK] Network Fetch completed (exec #4)
[12:54:01] 
=== TICK 9 ===
[12:54:01] [READY] Task 1 (Collect CPU) ready - interval 1s elapsed
[12:54:01] [READY] Task 6 (Report Generator) ready - interval 9s elapsed
[12:54:01] [DISPATCH] Executing 2 ready task(s) in priority order
[12:54:01] [DISPATCH] Task 1 (Collect CPU) P3 gets CPU
[12:54:01] [TASK] CPU Monitor starting
[12:54:02] [TASK] CPU Monitor completed (exec #8)
[12:54:02] [DISPATCH] Task 6 (Report Generator) P3 gets CPU
[12:54:02] [TASK] Report Generator starting
[12:54:03] [TASK] Report Generator completed (exec #1)
[12:54:03] 
=== TICK 10 ===
[12:54:03] [READY] Task 1 (Collect CPU) ready - interval 1s elapsed
[12:54:03] [READY] Task 2 (Collect RAM) ready - interval 1s elapsed
[12:54:03] [READY] Task 3 (Collect DISK) ready - interval 1s elapsed
[12:54:03] [READY] Task 4 (Collect Network) ready - interval 1s elapsed
[12:54:03] [READY] Task 5 (Analyzer) ready - interval 1s elapsed
[12:54:03] [DISPATCH] Executing 5 ready task(s) in priority order
[12:54:03] [DISPATCH] Task 1 (Collect CPU) P3 gets CPU
[12:54:03] [TASK] CPU Monitor starting
[12:54:03] [TASK] CPU Monitor completed (exec #9)
[12:54:03] [DISPATCH] Task 2 (Collect RAM) P3 gets CPU
[12:54:03] [TASK] RAM Monitor starting
[12:54:03] [TASK] RAM Monitor completed (exec #5)
[12:54:03] [DISPATCH] Task 5 (Analyzer) P3 gets CPU
[12:54:03] [TASK] Analyzer starting
[12:54:03] [ERROR] Analyzer failed with code 256 (may need 'make all' first)
[12:54:03] [DISPATCH] Task 3 (Collect DISK) P2 gets CPU
[12:54:03] [TASK] Disk Monitor starting
[12:54:03] [TASK] Disk Monitor completed (exec #5)
[12:54:03] [DISPATCH] Task 4 (Collect Network) P0 gets CPU
[12:54:03] [TASK] Network Fetch starting
[12:54:03] [TASK] Network Fetch completed (exec #5)
[12:54:04] 
=== TICK 11 ===
[12:54:04] [READY] Task 1 (Collect CPU) ready - interval 1s elapsed
[12:54:04] [READY] Task 2 (Collect RAM) ready - interval 1s elapsed
[12:54:04] [READY] Task 3 (Collect DISK) ready - interval 1s elapsed
[12:54:04] [READY] Task 4 (Collect Network) ready - interval 1s elapsed
[12:54:04] [READY] Task 5 (Analyzer) ready - interval 1s elapsed
[12:54:04] [DISPATCH] Executing 5 ready task(s) in priority order
[12:54:04] [DISPATCH] Task 1 (Collect CPU) P3 gets CPU
[12:54:04] [TASK] CPU Monitor starting
[12:54:04] [TASK] CPU Monitor completed (exec #10)
[12:54:04] [DISPATCH] Task 2 (Collect RAM) P3 gets CPU
[12:54:04] [TASK] RAM Monitor starting
[12:54:04] [TASK] RAM Monitor completed (exec #6)
[12:54:04] [DISPATCH] Task 5 (Analyzer) P3 gets CPU
[12:54:04] [TASK] Analyzer starting
[12:54:04] [ERROR] Analyzer failed with code 256 (may need 'make all' first)
[12:54:04] [DISPATCH] Task 3 (Collect DISK) P2 gets CPU
[12:54:04] [TASK] Disk Monitor starting
[12:54:04] [TASK] Disk Monitor completed (exec #6)
[12:54:04] [DISPATCH] Task 4 (Collect Network) P0 gets CPU
[12:54:04] [TASK] Network Fetch starting
[12:54:04] [TASK] Network Fetch completed (exec #6)
[12:54:05] 
=== TICK 12 ===
[12:54:05] [READY] Task 1 (Collect CPU) ready - interval 1s elapsed
[12:54:05] [READY] Task 2 (Collect RAM) ready - interval 1s elapsed
[12:54:05] [READY] Task 3 (Collect DISK) ready - interval 1s elapsed
[12:54:05] [READY] Task 4 (Collect Network) ready - interval 1s elapsed
[12:54:05] [READY] Task 5 (Analyzer) ready - interval 1s elapsed
[12:54:05] [DISPATCH] Executing 5 ready task(s) in priority order
[12:54:05] [DISPATCH] Task 1 (Collect CPU) P3 gets CPU
[12:54:05] [TASK] CPU Monitor starting
[12:54:05] [TASK] CPU Monitor completed (exec #11)
[12:54:05] [DISPATCH] Task 2 (Collect RAM) P3 gets CPU
[12:54:05] [TASK] RAM Monitor starting
[12:54:05] [TASK] RAM Monitor completed (exec #7)
[12:54:05] [DISPATCH] Task 5 (Analyzer) P3 gets CPU
[12:54:05] [TASK] Analyzer starting
[12:54:05] [ERROR] Analyzer failed with code 256 (may need 'make all' first)
[12:54:05] [DISPATCH] Task 3 (Collect DISK) P2 gets CPU
[12:54:05] [TASK] Disk Monitor starting
[12:54:05] [TASK] Disk Monitor completed (exec #7)
[12:54:05] [DISPATCH] Task 4 (Collect Network) P0 gets CPU
[12:54:05] [TASK] Network Fetch starting
[12:54:05] [TASK] Network Fetch completed (exec #7)
[12:54:06] 
=== TICK 13 ===
[12:54:06] [READY] Task 1 (Collect CPU) ready - interval 1s elapsed
[12:54:06] [READY] Task 2 (Collect RAM) ready - interval 1s elapsed
[12:54:06] [READY] Task 3 (Collect DISK) ready - interval 1s elapsed
[12:54:06] [READY] Task 4 (Collect Network) ready - interval 1s elapsed
[12:54:06] [READY] Task 5 (Analyzer) ready - interval 1s elapsed
[12:54:06] [DISPATCH] Executing 5 ready task(s) in priority order
[12:54:06] [DISPATCH] Task 1 (Collect CPU) P3 gets CPU
[12:54:06] [TASK] CPU Monitor starting
[12:54:06] [TASK] CPU Monitor completed (exec #12)
[12:54:06] [DISPATCH] Task 2 (Collect RAM) P3 gets CPU
[12:54:06] [TASK] RAM Monitor starting
[12:54:06] [TASK] RAM Monitor completed (exec #8)
[12:54:06] [DISPATCH] Task 5 (Analyzer) P3 gets CPU
[12:54:06] [TASK] Analyzer starting
[12:54:06] [ERROR] Analyzer failed with code 256 (may need 'make all' first)
[12:54:06] [DISPATCH] Task 3 (Collect DISK) P2 gets CPU
[12:54:06] [TASK] Disk Monitor starting
[12:54:06] [TASK] Disk Monitor completed (exec #8)
[12:54:06] [DISPATCH] Task 4 (Collect Network) P0 gets CPU
[12:54:06] [TASK] Network Fetch starting
[12:54:06] [TASK] Network Fetch completed (exec #8)
[12:54:07] 
=== TICK 14 ===
[12:54:07] [READY] Task 1 (Collect CPU) ready - interval 1s elapsed
[12:54:07] [READY] Task 2 (Collect RAM) ready - interval 1s elapsed
[12:54:07] [READY] Task 3 (Collect DISK) ready - interval 1s elapsed
[12:54:07] [READY] Task 4 (Collect Network) ready - interval 1s elapsed
[12:54:07] [READY] Task 5 (Analyzer) ready - interval 1s elapsed
[12:54:07] [DISPATCH] Executing 5 ready task(s) in priority order
[12:54:07] [DISPATCH] Task 1 (Collect CPU) P3 gets CPU
[12:54:07] [TASK] CPU Monitor starting
[12:54:07] [TASK] CPU Monitor completed (exec #13)
[12:54:07] [DISPATCH] Task 2 (Collect RAM) P3 gets CPU
[12:54:07] [TASK] RAM Monitor starting
[12:54:07] [TASK] RAM Monitor completed (exec #9)
[12:54:07] [DISPATCH] Task 5 (Analyzer) P3 gets CPU
[12:54:07] [TASK] Analyzer starting
[12:54:07] [ERROR] Analyzer failed with code 256 (may need 'make all' first)
[12:54:07] [DISPATCH] Task 3 (Collect DISK) P2 gets CPU
[12:54:07] [TASK] Disk Monitor starting
[12:54:07] [TASK] Disk Monitor completed (exec #9)
[12:54:07] [DISPATCH] Task 4 (Collect Network) P0 gets CPU
[12:54:07] [TASK] Network Fetch starting
[12:54:07] [TASK] Network Fetch completed (exec #9)
[12:54:08] 
=== TICK 15 ===
[12:54:08] [READY] Task 1 (Collect CPU) ready - interval 1s elapsed
[12:54:08] [READY] Task 2 (Collect RAM) ready - interval 1s elapsed
[12:54:08] [READY] Task 3 (Collect DISK) ready - interval 1s elapsed
[12:54:08] [READY] Task 4 (Collect Network) ready - interval 1s elapsed
[12:54:08] [READY] Task 5 (Analyzer) ready - interval 1s elapsed
[12:54:08] [DISPATCH] Executing 5 ready task(s) in priority order
[12:54:08] [DISPATCH] Task 1 (Collect CPU) P3 gets CPU
[12:54:08] [TASK] CPU Monitor starting
[12:54:08] [TASK] CPU Monitor completed (exec #14)
[12:54:08] [DISPATCH] Task 2 (Collect RAM) P3 gets CPU
[12:54:08] [TASK] RAM Monitor starting
[12:54:08] [TASK] RAM Monitor completed (exec #10)
[12:54:08] [DISPATCH] Task 5 (Analyzer) P3 gets CPU
[12:54:08] [TASK] Analyzer starting
[12:54:08] [ERROR] Analyzer failed with code 256 (may need 'make all' first)
[12:54:08] [DISPATCH] Task 3 (Collect DISK) P2 gets CPU
[12:54:08] [TASK] Disk Monitor starting
[12:54:08] [TASK] Disk Monitor completed (exec #10)
[12:54:08] [DISPATCH] Task 4 (Collect Network) P0 gets CPU
[12:54:08] [TASK] Network Fetch starting
[12:54:08] [TASK] Network Fetch completed (exec #10)
[12:54:09] 
=== TICK 16 ===
[12:54:09] [READY] Task 1 (Collect CPU) ready - interval 1s elapsed
[12:54:09] [READY] Task 2 (Collect RAM) ready - interval 1s elapsed
[12:54:09] [READY] Task 3 (Collect DISK) ready - interval 1s elapsed
[12:54:09] [READY] Task 4 (Collect Network) ready - interval 1s elapsed
[12:54:09] [READY] Task 5 (Analyzer) ready - interval 1s elapsed
[12:54:09] [DISPATCH] Executing 5 ready task(s) in priority order
[12:54:09] [DISPATCH] Task 1 (Collect CPU) P3 gets CPU
[12:54:09] [TASK] CPU Monitor starting
[12:54:09] [TASK] CPU Monitor completed (exec #15)
[12:54:09] [DISPATCH] Task 2 (Collect RAM) P3 gets CPU
[12:54:09] [TASK] RAM Monitor starting
[12:54:09] [TASK] RAM Monitor completed (exec #11)
[12:54:09] [DISPATCH] Task 5 (Analyzer) P3 gets CPU
[12:54:09] [TASK] Analyzer starting
[12:54:09] [ERROR] Analyzer failed with code 256 (may need 'make all' first)
[12:54:09] [DISPATCH] Task 3 (Collect DISK) P2 gets CPU
[12:54:09] [TASK] Disk Monitor starting
[12:54:09] [TASK] Disk Monitor completed (exec #11)
[12:54:09] [DISPATCH] Task 4 (Collect Network) P0 gets CPU
[12:54:09] [TASK] Network Fetch starting
[12:54:09] [TASK] Network Fetch completed (exec #11)
[12:54:10] 
=== TICK 17 ===
[12:54:10] [READY] Task 1 (Collect CPU) ready - interval 1s elapsed
[12:54:10] [READY] Task 2 (Collect RAM) ready - interval 1s elapsed
[12:54:10] [READY] Task 3 (Collect DISK) ready - interval 1s elapsed
[12:54:10] [READY] Task 4 (Collect Network) ready - interval 1s elapsed
[12:54:10] [READY] Task 5 (Analyzer) ready - interval 1s elapsed
[12:54:10] [DISPATCH] Executing 5 ready task(s) in priority order
[12:54:10] [DISPATCH] Task 1 (Collect CPU) P3 gets CPU
[12:54:10] [TASK] CPU Monitor starting
[12:54:10] [TASK] CPU Monitor completed (exec #16)
[12:54:10] [DISPATCH] Task 2 (Collect RAM) P3 gets CPU
[12:54:10] [TASK] RAM Monitor starting
[12:54:10] [TASK] RAM Monitor completed (exec #12)
[12:54:10] [DISPATCH] Task 5 (Analyzer) P3 gets CPU
[12:54:10] [TASK] Analyzer starting
[12:54:10] [ERROR] Analyzer failed with code 256 (may need 'make all' first)
[12:54:10] [DISPATCH] Task 3 (Collect DISK) P2 gets CPU
[12:54:10] [TASK] Disk Monitor starting
[12:54:10] [TASK] Disk Monitor completed (exec #12)
[12:54:10] [DISPATCH] Task 4 (Collect Network) P0 gets CPU
[12:54:10] [TASK] Network Fetch starting
[12:54:10] [TASK] Network Fetch completed (exec #12)
[12:54:11] 
=== TICK 18 ===
[12:54:11] [READY] Task 1 (Collect CPU) ready - interval 1s elapsed
[12:54:11] [READY] Task 2 (Collect RAM) ready - interval 1s elapsed
[12:54:11] [READY] Task 3 (Collect DISK) ready - interval 1s elapsed
[12:54:11] [READY] Task 4 (Collect Network) ready - interval 1s elapsed
[12:54:11] [READY] Task 5 (Analyzer) ready - interval 1s elapsed
[12:54:11] [READY] Task 6 (Report Generator) ready - interval 9s elapsed
[12:54:11] [DISPATCH] Executing 6 ready task(s) in priority order
[12:54:11] [DISPATCH] Task 1 (Collect CPU) P3 gets CPU
[12:54:11] [TASK] CPU Monitor starting
[12:54:11] [TASK] CPU Monitor completed (exec #17)
[12:54:11] [DISPATCH] Task 2 (Collect RAM) P3 gets CPU
[12:54:11] [TASK] RAM Monitor starting
[12:54:11] [TASK] RAM Monitor completed (exec #13)
[12:54:11] [DISPATCH] Task 5 (Analyzer) P3 gets CPU
[12:54:11] [TASK] Analyzer starting
[12:54:11] [ERROR] Analyzer failed with code 256 (may need 'make all' first)
[12:54:11] [DISPATCH] Task 6 (Report Generator) P3 gets CPU
[12:54:11] [TASK] Report Generator starting
[12:54:12] [TASK] Report Generator completed (exec #2)
[12:54:12] [DISPATCH] Task 3 (Collect DISK) P2 gets CPU
[12:54:12] [TASK] Disk Monitor starting
[12:54:12] [TASK] Disk Monitor completed (exec #13)
[12:54:12] [DISPATCH] Task 4 (Collect Network) P0 gets CPU
[12:54:12] [TASK] Network Fetch starting
[12:54:12] [TASK] Network Fetch completed (exec #13)
[12:54:12] 
=== TICK 19 ===
[12:54:12] [READY] Task 1 (Collect CPU) ready - interval 1s elapsed
[12:54:12] [READY] Task 2 (Collect RAM) ready - interval 1s elapsed
[12:54:12] [READY] Task 5 (Analyzer) ready - interval 1s elapsed
[12:54:12] [DISPATCH] Executing 3 ready task(s) in priority order
[12:54:12] [DISPATCH] Task 1 (Collect CPU) P3 gets CPU
[12:54:12] [TASK] CPU Monitor starting
[12:54:13] [TASK] CPU Monitor completed (exec #18)
[12:54:13] [DISPATCH] Task 2 (Collect RAM) P3 gets CPU
[12:54:13] [TASK] RAM Monitor starting
[12:54:13] [TASK] RAM Monitor completed (exec #14)
[12:54:13] [DISPATCH] Task 5 (Analyzer) P3 gets CPU
[12:54:13] [TASK] Analyzer starting
[12:54:13] [ERROR] Analyzer failed with code 256 (may need 'make all' first)
[12:54:13] 
=== TICK 20 ===
[12:54:13] [READY] Task 1 (Collect CPU) ready - interval 1s elapsed
[12:54:13] [READY] Task 3 (Collect DISK) ready - interval 1s elapsed
[12:54:13] [READY] Task 4 (Collect Network) ready - interval 1s elapsed
[12:54:13] [DISPATCH] Executing 3 ready task(s) in priority order
[12:54:13] [DISPATCH] Task 1 (Collect CPU) P3 gets CPU
[12:54:13] [TASK] CPU Monitor starting
[12:54:14] [TASK] CPU Monitor completed (exec #19)
[12:54:14] [DISPATCH] Task 3 (Collect DISK) P2 gets CPU
[12:54:14] [TASK] Disk Monitor starting
[12:54:14] [TASK] Disk Monitor completed (exec #14)
[12:54:14] [DISPATCH] Task 4 (Collect Network) P0 gets CPU
[12:54:14] [TASK] Network Fetch starting
[12:54:14] [TASK] Network Fetch completed (exec #14)
[12:54:14] 
=== TICK 21 ===
[12:54:14] [READY] Task 1 (Collect CPU) ready - interval 1s elapsed
[12:54:14] [READY] Task 2 (Collect RAM) ready - interval 1s elapsed
[12:54:14] [READY] Task 5 (Analyzer) ready - interval 1s elapsed
[12:54:14] [DISPATCH] Executing 3 ready task(s) in priority order
[12:54:14] [DISPATCH] Task 1 (Collect CPU) P3 gets CPU
[12:54:14] [TASK] CPU Monitor starting
[12:54:15] [TASK] CPU Monitor completed (exec #20)
[12:54:15] [DISPATCH] Task 2 (Collect RAM) P3 gets CPU
[12:54:15] [TASK] RAM Monitor starting
[12:54:15] [TASK] RAM Monitor completed (exec #15)
[12:54:15] [DISPATCH] Task 5 (Analyzer) P3 gets CPU
[12:54:15] [TASK] Analyzer starting
[12:54:15] [ERROR] Analyzer failed with code 256 (may need 'make all' first)
[12:54:15] 
=== TICK 22 ===
[12:54:15] [READY] Task 1 (Collect CPU) ready - interval 1s elapsed
[12:54:15] [READY] Task 3 (Collect DISK) ready - interval 1s elapsed
[12:54:15] [READY] Task 4 (Collect Network) ready - interval 1s elapsed
[12:54:15] [DISPATCH] Executing 3 ready task(s) in priority order
[12:54:15] [DISPATCH] Task 1 (Collect CPU) P3 gets CPU
[12:54:15] [TASK] CPU Monitor starting
[12:54:16] [TASK] CPU Monitor completed (exec #21)
[12:54:16] [DISPATCH] Task 3 (Collect DISK) P2 gets CPU
[12:54:16] [TASK] Disk Monitor starting
[12:54:16] [TASK] Disk Monitor completed (exec #15)
[12:54:16] [DISPATCH] Task 4 (Collect Network) P0 gets CPU
[12:54:16] [TASK] Network Fetch starting
[12:54:16] [TASK] Network Fetch completed (exec #15)
[12:54:16] 
=== TICK 23 ===
[12:54:16] [READY] Task 1 (Collect CPU) ready - interval 1s elapsed
[12:54:16] [READY] Task 2 (Collect RAM) ready - interval 1s elapsed
[12:54:16] [READY] Task 5 (Analyzer) ready - interval 1s elapsed
[12:54:16] [DISPATCH] Executing 3 ready task(s) in priority order
[12:54:16] [DISPATCH] Task 1 (Collect CPU) P3 gets CPU
[12:54:16] [TASK] CPU Monitor starting
[12:54:17] [TASK] CPU Monitor completed (exec #22)
[12:54:17] [DISPATCH] Task 2 (Collect RAM) P3 gets CPU
[12:54:17] [TASK] RAM Monitor starting
[12:54:17] [TASK] RAM Monitor completed (exec #16)
[12:54:17] [DISPATCH] Task 5 (Analyzer) P3 gets CPU
[12:54:17] [TASK] Analyzer starting
[12:54:17] [ERROR] Analyzer failed with code 256 (may need 'make all' first)
[12:54:17] 
=== TICK 24 ===
[12:54:17] [READY] Task 1 (Collect CPU) ready - interval 1s elapsed
[12:54:17] [READY] Task 3 (Collect DISK) ready - interval 1s elapsed
[12:54:17] [READY] Task 4 (Collect Network) ready - interval 1s elapsed
[12:54:17] [DISPATCH] Executing 3 ready task(s) in priority order
[12:54:17] [DISPATCH] Task 1 (Collect CPU) P3 gets CPU
[12:54:17] [TASK] CPU Monitor starting
[12:54:18] [TASK] CPU Monitor completed (exec #23)
[12:54:18] [DISPATCH] Task 3 (Collect DISK) P2 gets CPU
[12:54:18] [TASK] Disk Monitor starting
[12:54:18] [TASK] Disk Monitor completed (exec #16)
[12:54:18] [DISPATCH] Task 4 (Collect Network) P0 gets CPU
[12:54:18] [TASK] Network Fetch starting
[12:54:18] [TASK] Network Fetch completed (exec #16)
[12:54:18] 
=== TICK 25 ===
[12:54:18] [READY] Task 1 (Collect CPU) ready - interval 1s elapsed
[12:54:18] [READY] Task 2 (Collect RAM) ready - interval 1s elapsed
[12:54:18] [READY] Task 5 (Analyzer) ready - interval 1s elapsed
[12:54:18] [DISPATCH] Executing 3 ready task(s) in priority order
[12:54:18] [DISPATCH] Task 1 (Collect CPU) P3 gets CPU
[12:54:18] [TASK] CPU Monitor starting
[12:54:19] [TASK] CPU Monitor completed (exec #24)
[12:54:19] [DISPATCH] Task 2 (Collect RAM) P3 gets CPU
[12:54:19] [TASK] RAM Monitor starting
[12:54:19] [TASK] RAM Monitor completed (exec #17)
[12:54:19] [DISPATCH] Task 5 (Analyzer) P3 gets CPU
[12:54:19] [TASK] Analyzer starting
[12:54:19] [ERROR] Analyzer failed with code 256 (may need 'make all' first)
[12:54:19] 
=== TICK 26 ===
[12:54:19] [READY] Task 1 (Collect CPU) ready - interval 1s elapsed
[12:54:19] [READY] Task 3 (Collect DISK) ready - interval 1s elapsed
[12:54:19] [READY] Task 4 (Collect Network) ready - interval 1s elapsed
[12:54:19] [DISPATCH] Executing 3 ready task(s) in priority order
[12:54:19] [DISPATCH] Task 1 (Collect CPU) P3 gets CPU
[12:54:19] [TASK] CPU Monitor starting
[12:54:20] [TASK] CPU Monitor completed (exec #25)
[12:54:20] [DISPATCH] Task 3 (Collect DISK) P2 gets CPU
[12:54:20] [TASK] Disk Monitor starting
[12:54:20] [TASK] Disk Monitor completed (exec #17)
[12:54:20] [DISPATCH] Task 4 (Collect Network) P0 gets CPU
[12:54:20] [TASK] Network Fetch starting
[12:54:20] [TASK] Network Fetch completed (exec #17)
[12:54:20] 
=== TICK 27 ===
[12:54:20] [READY] Task 1 (Collect CPU) ready - interval 1s elapsed
[12:54:20] [READY] Task 2 (Collect RAM) ready - interval 1s elapsed
[12:54:20] [READY] Task 5 (Analyzer) ready - interval 1s elapsed
[12:54:20] [READY] Task 6 (Report Generator) ready - interval 9s elapsed
[12:54:20] [DISPATCH] Executing 4 ready task(s) in priority order
[12:54:20] [DISPATCH] Task 1 (Collect CPU) P3 gets CPU
[12:54:20] [TASK] CPU Monitor starting
[12:54:21] [TASK] CPU Monitor completed (exec #26)
[12:54:21] [DISPATCH] Task 2 (Collect RAM) P3 gets CPU
[12:54:21] [TASK] RAM Monitor starting
[12:54:21] [TASK] RAM Monitor completed (exec #18)
[12:54:21] [DISPATCH] Task 5 (Analyzer) P3 gets CPU
[12:54:21] [TASK] Analyzer starting
[12:54:21] [ERROR] Analyzer failed with code 256 (may need 'make all' first)
[12:54:21] [DISPATCH] Task 6 (Report Generator) P3 gets CPU
[12:54:21] [TASK] Report Generator starting
[12:54:22] [TASK] Report Generator completed (exec #3)
[12:54:22] 
=== TICK 28 ===
[12:54:22] [READY] Task 1 (Collect CPU) ready - interval 1s elapsed
[12:54:22] [READY] Task 2 (Collect RAM) ready - interval 1s elapsed
[12:54:22] [READY] Task 3 (Collect DISK) ready - interval 1s elapsed
[12:54:22] [READY] Task 4 (Collect Network) ready - interval 1s elapsed
[12:54:22] [READY] Task 5 (Analyzer) ready - interval 1s elapsed
[12:54:22] [DISPATCH] Executing 5 ready task(s) in priority order
[12:54:22] [DISPATCH] Task 1 (Collect CPU) P3 gets CPU
[12:54:22] [TASK] CPU Monitor starting
[12:54:23] [TASK] CPU Monitor completed (exec #27)
[12:54:23] [DISPATCH] Task 2 (Collect RAM) P3 gets CPU
[12:54:23] [TASK] RAM Monitor starting
[12:54:23] [TASK] RAM Monitor completed (exec #19)
[12:54:23] [DISPATCH] Task 5 (Analyzer) P3 gets CPU
[12:54:23] [TASK] Analyzer starting
[12:54:23] [ERROR] Analyzer failed with code 256 (may need 'make all' first)
[12:54:23] [DISPATCH] Task 3 (Collect DISK) P2 gets CPU
[12:54:23] [TASK] Disk Monitor starting
[12:54:23] [TASK] Disk Monitor completed (exec #18)
[12:54:23] [DISPATCH] Task 4 (Collect Network) P0 gets CPU
[12:54:23] [TASK] Network Fetch starting
[12:54:23] [TASK] Network Fetch completed (exec #18)
[12:54:23] 
=== TICK 29 ===
[12:54:23] [READY] Task 1 (Collect CPU) ready - interval 1s elapsed
[12:54:23] [DISPATCH] Executing 1 ready task(s) in priority order
[12:54:23] [DISPATCH] Task 1 (Collect CPU) P3 gets CPU
[12:54:23] [TASK] CPU Monitor starting
[12:54:24] [TASK] CPU Monitor completed (exec #28)
[12:54:24] 
=== TICK 30 ===
[12:54:24] [READY] Task 1 (Collect CPU) ready - interval 1s elapsed
[12:54:24] [READY] Task 2 (Collect RAM) ready - interval 1s elapsed
[12:54:24] [READY] Task 3 (Collect DISK) ready - interval 1s elapsed
[12:54:24] [READY] Task 4 (Collect Network) ready - interval 1s elapsed
[12:54:24] [READY] Task 5 (Analyzer) ready - interval 1s elapsed
[12:54:24] [DISPATCH] Executing 5 ready task(s) in priority order
[12:54:24] [DISPATCH] Task 1 (Collect CPU) P3 gets CPU
[12:54:24] [TASK] CPU Monitor starting
[12:54:25] [TASK] CPU Monitor completed (exec #29)
[12:54:25] [DISPATCH] Task 2 (Collect RAM) P3 gets CPU
[12:54:25] [TASK] RAM Monitor starting
[12:54:25] [TASK] RAM Monitor completed (exec #20)
[12:54:25] [DISPATCH] Task 5 (Analyzer) P3 gets CPU
[12:54:25] [TASK] Analyzer starting
[12:54:25] [ERROR] Analyzer failed with code 256 (may need 'make all' first)
[12:54:25] [DISPATCH] Task 3 (Collect DISK) P2 gets CPU
[12:54:25] [TASK] Disk Monitor starting
[12:54:25] [TASK] Disk Monitor completed (exec #19)
[12:54:25] [DISPATCH] Task 4 (Collect Network) P0 gets CPU
[12:54:25] [TASK] Network Fetch starting
[12:54:25] [TASK] Network Fetch completed (exec #19)
[12:54:25] 
=== TICK 31 ===
[12:54:25] [READY] Task 1 (Collect CPU) ready - interval 1s elapsed
[12:54:25] [DISPATCH] Executing 1 ready task(s) in priority order
[12:54:25] [DISPATCH] Task 1 (Collect CPU) P3 gets CPU
[12:54:25] [TASK] CPU Monitor starting
[12:54:26] [TASK] CPU Monitor completed (exec #30)
[12:54:26] 
=== TICK 32 ===
[12:54:26] [READY] Task 1 (Collect CPU) ready - interval 1s elapsed
[12:54:26] [READY] Task 2 (Collect RAM) ready - interval 1s elapsed
[12:54:26] [READY] Task 3 (Collect DISK) ready - interval 1s elapsed
[12:54:26] [READY] Task 4 (Collect Network) ready - interval 1s elapsed
[12:54:26] [READY] Task 5 (Analyzer) ready - interval 1s elapsed
[12:54:26] [DISPATCH] Executing 5 ready task(s) in priority order
[12:54:26] [DISPATCH] Task 1 (Collect CPU) P3 gets CPU
[12:54:26] [TASK] CPU Monitor starting
[12:54:27] [TASK] CPU Monitor completed (exec #31)
[12:54:27] [DISPATCH] Task 2 (Collect RAM) P3 gets CPU
[12:54:27] [TASK] RAM Monitor starting
[12:54:27] [TASK] RAM Monitor completed (exec #21)
[12:54:27] [DISPATCH] Task 5 (Analyzer) P3 gets CPU
[12:54:27] [TASK] Analyzer starting
[12:54:27] [ERROR] Analyzer failed with code 256 (may need 'make all' first)
[12:54:27] [DISPATCH] Task 3 (Collect DISK) P2 gets CPU
[12:54:27] [TASK] Disk Monitor starting
[12:54:27] [TASK] Disk Monitor completed (exec #20)
[12:54:27] [DISPATCH] Task 4 (Collect Network) P0 gets CPU
[12:54:27] [TASK] Network Fetch starting
[12:54:27] [TASK] Network Fetch completed (exec #20)
[12:54:27] 
=== TICK 33 ===
[12:54:27] [READY] Task 1 (Collect CPU) ready - interval 1s elapsed
[12:54:27] [DISPATCH] Executing 1 ready task(s) in priority order
[12:54:27] [DISPATCH] Task 1 (Collect CPU) P3 gets CPU
[12:54:27] [TASK] CPU Monitor starting
[12:54:28] [TASK] CPU Monitor completed (exec #32)
[12:54:28] 
=== TICK 34 ===
[12:54:28] [READY] Task 1 (Collect CPU) ready - interval 1s elapsed
[12:54:28] [READY] Task 2 (Collect RAM) ready - interval 1s elapsed
[12:54:28] [READY] Task 3 (Collect DISK) ready - interval 1s elapsed
[12:54:28] [READY] Task 4 (Collect Network) ready - interval 1s elapsed
[12:54:28] [READY] Task 5 (Analyzer) ready - interval 1s elapsed
[12:54:28] [DISPATCH] Executing 5 ready task(s) in priority order
[12:54:28] [DISPATCH] Task 1 (Collect CPU) P3 gets CPU
[12:54:28] [TASK] CPU Monitor starting
[12:54:29] [TASK] CPU Monitor completed (exec #33)
[12:54:29] [DISPATCH] Task 2 (Collect RAM) P3 gets CPU
[12:54:29] [TASK] RAM Monitor starting
[12:54:29] [TASK] RAM Monitor completed (exec #22)
[12:54:29] [DISPATCH] Task 5 (Analyzer) P3 gets CPU
[12:54:29] [TASK] Analyzer starting
[12:54:29] [ERROR] Analyzer failed with code 256 (may need 'make all' first)
[12:54:29] [DISPATCH] Task 3 (Collect DISK) P2 gets CPU
[12:54:29] [TASK] Disk Monitor starting
[12:54:29] [TASK] Disk Monitor completed (exec #21)
[12:54:29] [DISPATCH] Task 4 (Collect Network) P0 gets CPU
[12:54:29] [TASK] Network Fetch starting
[12:54:29] [TASK] Network Fetch completed (exec #21)
[12:54:29] 
=== TICK 35 ===
[12:54:29] [READY] Task 1 (Collect CPU) ready - interval 1s elapsed
[12:54:29] [DISPATCH] Executing 1 ready task(s) in priority order
[12:54:29] [DISPATCH] Task 1 (Collect CPU) P3 gets CPU
[12:54:29] [TASK] CPU Monitor starting
[12:54:30] [TASK] CPU Monitor completed (exec #34)
[12:54:30] 
=== TICK 36 ===
[12:54:30] [READY] Task 1 (Collect CPU) ready - interval 1s elapsed
[12:54:30] [READY] Task 2 (Collect RAM) ready - interval 1s elapsed
[12:54:30] [READY] Task 3 (Collect DISK) ready - interval 1s elapsed
[12:54:30] [READY] Task 4 (Collect Network) ready - interval 1s elapsed
[12:54:30] [READY] Task 5 (Analyzer) ready - interval 1s elapsed
[12:54:30] [READY] Task 6 (Report Generator) ready - interval 9s elapsed
[12:54:30] [DISPATCH] Executing 6 ready task(s) in priority order
[12:54:30] [DISPATCH] Task 1 (Collect CPU) P3 gets CPU
[12:54:30] [TASK] CPU Monitor starting
[12:54:32] [TASK] CPU Monitor completed (exec #35)
[12:54:32] [DISPATCH] Task 2 (Collect RAM) P3 gets CPU
[12:54:32] [TASK] RAM Monitor starting
[12:54:32] [TASK] RAM Monitor completed (exec #23)
[12:54:32] [DISPATCH] Task 5 (Analyzer) P3 gets CPU
[12:54:32] [TASK] Analyzer starting
[12:54:32] [ERROR] Analyzer failed with code 256 (may need 'make all' first)
[12:54:32] [DISPATCH] Task 6 (Report Generator) P3 gets CPU
[12:54:32] [TASK] Report Generator starting
[12:54:33] [TASK] Report Generator completed (exec #4)
[12:54:33] [DISPATCH] Task 3 (Collect DISK) P2 gets CPU
[12:54:33] [TASK] Disk Monitor starting
[12:54:33] [TASK] Disk Monitor completed (exec #22)
[12:54:33] [DISPATCH] Task 4 (Collect Network) P0 gets CPU
[12:54:33] [TASK] Network Fetch starting
[12:54:33] [TASK] Network Fetch completed (exec #22)
[12:54:33] 
=== TICK 37 ===
[12:54:33] [READY] Task 1 (Collect CPU) ready - interval 1s elapsed
[12:54:33] [READY] Task 2 (Collect RAM) ready - interval 1s elapsed
[12:54:33] [READY] Task 5 (Analyzer) ready - interval 1s elapsed
[12:54:33] [DISPATCH] Executing 3 ready task(s) in priority order
[12:54:33] [DISPATCH] Task 1 (Collect CPU) P3 gets CPU
[12:54:33] [TASK] CPU Monitor starting
[12:54:34] [TASK] CPU Monitor completed (exec #36)
[12:54:34] [DISPATCH] Task 2 (Collect RAM) P3 gets CPU
[12:54:34] [TASK] RAM Monitor starting
[12:54:34] [TASK] RAM Monitor completed (exec #24)
[12:54:34] [DISPATCH] Task 5 (Analyzer) P3 gets CPU
[12:54:34] [TASK] Analyzer starting
[12:54:34] [ERROR] Analyzer failed with code 256 (may need 'make all' first)
[12:54:34] 
=== TICK 38 ===
[12:54:34] [READY] Task 1 (Collect CPU) ready - interval 1s elapsed
[12:54:34] [READY] Task 3 (Collect DISK) ready - interval 1s elapsed
[12:54:34] [READY] Task 4 (Collect Network) ready - interval 1s elapsed
[12:54:34] [DISPATCH] Executing 3 ready task(s) in priority order
[12:54:34] [DISPATCH] Task 1 (Collect CPU) P3 gets CPU
[12:54:34] [TASK] CPU Monitor starting
[12:54:35] [TASK] CPU Monitor completed (exec #37)
[12:54:35] [DISPATCH] Task 3 (Collect DISK) P2 gets CPU
[12:54:35] [TASK] Disk Monitor starting
[12:54:35] [TASK] Disk Monitor completed (exec #23)
[12:54:35] [DISPATCH] Task 4 (Collect Network) P0 gets CPU
[12:54:35] [TASK] Network Fetch starting
[12:54:35] [TASK] Network Fetch completed (exec #23)
[12:54:35] 
=== TICK 39 ===
[12:54:35] [READY] Task 1 (Collect CPU) ready - interval 1s elapsed
[12:54:35] [READY] Task 2 (Collect RAM) ready - interval 1s elapsed
[12:54:35] [READY] Task 5 (Analyzer) ready - interval 1s elapsed
[12:54:35] [DISPATCH] Executing 3 ready task(s) in priority order
[12:54:35] [DISPATCH] Task 1 (Collect CPU) P3 gets CPU
[12:54:35] [TASK] CPU Monitor starting
[12:54:36] [TASK] CPU Monitor completed (exec #38)
[12:54:36] [DISPATCH] Task 2 (Collect RAM) P3 gets CPU
[12:54:36] [TASK] RAM Monitor starting
[12:54:36] [TASK] RAM Monitor completed (exec #25)
[12:54:36] [DISPATCH] Task 5 (Analyzer) P3 gets CPU
[12:54:36] [TASK] Analyzer starting
[12:54:36] [ERROR] Analyzer failed with code 256 (may need 'make all' first)
[12:54:36] 
=== TICK 40 ===
[12:54:36] [READY] Task 1 (Collect CPU) ready - interval 1s elapsed
[12:54:36] [READY] Task 3 (Collect DISK) ready - interval 1s elapsed
[12:54:36] [READY] Task 4 (Collect Network) ready - interval 1s elapsed
[12:54:36] [DISPATCH] Executing 3 ready task(s) in priority order
[12:54:36] [DISPATCH] Task 1 (Collect CPU) P3 gets CPU
[12:54:36] [TASK] CPU Monitor starting
[12:54:37] [TASK] CPU Monitor completed (exec #39)
[12:54:37] [DISPATCH] Task 3 (Collect DISK) P2 gets CPU
[12:54:37] [TASK] Disk Monitor starting
[12:54:37] [TASK] Disk Monitor completed (exec #24)
[12:54:37] [DISPATCH] Task 4 (Collect Network) P0 gets CPU
[12:54:37] [TASK] Network Fetch starting
[12:54:37] [TASK] Network Fetch completed (exec #24)
[12:54:37] 
=== TICK 41 ===
[12:54:37] [READY] Task 1 (Collect CPU) ready - interval 1s elapsed
[12:54:37] [READY] Task 2 (Collect RAM) ready - interval 1s elapsed
[12:54:37] [READY] Task 5 (Analyzer) ready - interval 1s elapsed
[12:54:37] [DISPATCH] Executing 3 ready task(s) in priority order
[12:54:37] [DISPATCH] Task 1 (Collect CPU) P3 gets CPU
[12:54:37] [TASK] CPU Monitor starting
[12:54:38] [TASK] CPU Monitor completed (exec #40)
[12:54:38] [DISPATCH] Task 2 (Collect RAM) P3 gets CPU
[12:54:38] [TASK] RAM Monitor starting
[12:54:38] [TASK] RAM Monitor completed (exec #26)
[12:54:38] [DISPATCH] Task 5 (Analyzer) P3 gets CPU
[12:54:38] [TASK] Analyzer starting
[12:54:38] [ERROR] Analyzer failed with code 256 (may need 'make all' first)
[12:54:38] 
=== TICK 42 ===
[12:54:38] [READY] Task 1 (Collect CPU) ready - interval 1s elapsed
[12:54:38] [READY] Task 3 (Collect DISK) ready - interval 1s elapsed
[12:54:38] [READY] Task 4 (Collect Network) ready - interval 1s elapsed
[12:54:38] [DISPATCH] Executing 3 ready task(s) in priority order
[12:54:38] [DISPATCH] Task 1 (Collect CPU) P3 gets CPU
[12:54:38] [TASK] CPU Monitor starting
[12:54:39] [TASK] CPU Monitor completed (exec #41)
[12:54:39] [DISPATCH] Task 3 (Collect DISK) P2 gets CPU
[12:54:39] [TASK] Disk Monitor starting
[12:54:39] [TASK] Disk Monitor completed (exec #25)
[12:54:39] [DISPATCH] Task 4 (Collect Network) P0 gets CPU
[12:54:39] [TASK] Network Fetch starting
[12:54:39] [TASK] Network Fetch completed (exec #25)
[12:54:39] 
=== TICK 43 ===
[12:54:39] [READY] Task 1 (Collect CPU) ready - interval 1s elapsed
[12:54:39] [READY] Task 2 (Collect RAM) ready - interval 1s elapsed
[12:54:39] [READY] Task 5 (Analyzer) ready - interval 1s elapsed
[12:54:39] [DISPATCH] Executing 3 ready task(s) in priority order
[12:54:39] [DISPATCH] Task 1 (Collect CPU) P3 gets CPU
[12:54:39] [TASK] CPU Monitor starting
[12:54:40] [TASK] CPU Monitor completed (exec #42)
[12:54:40] [DISPATCH] Task 2 (Collect RAM) P3 gets CPU
[12:54:40] [TASK] RAM Monitor starting
[12:54:40] [TASK] RAM Monitor completed (exec #27)
[12:54:40] [DISPATCH] Task 5 (Analyzer) P3 gets CPU
[12:54:40] [TASK] Analyzer starting
[12:54:40] [ERROR] Analyzer failed with code 256 (may need 'make all' first)
[12:54:40] 
=== TICK 44 ===
[12:54:40] [READY] Task 1 (Collect CPU) ready - interval 1s elapsed
[12:54:40] [READY] Task 3 (Collect DISK) ready - interval 1s elapsed
[12:54:40] [READY] Task 4 (Collect Network) ready - interval 1s elapsed
[12:54:40] [DISPATCH] Executing 3 ready task(s) in priority order
[12:54:40] [DISPATCH] Task 1 (Collect CPU) P3 gets CPU
[12:54:40] [TASK] CPU Monitor starting
[12:54:41] [TASK] CPU Monitor completed (exec #43)
[12:54:41] [DISPATCH] Task 3 (Collect DISK) P2 gets CPU
[12:54:41] [TASK] Disk Monitor starting
[12:54:41] [TASK] Disk Monitor completed (exec #26)
[12:54:41] [DISPATCH] Task 4 (Collect Network) P0 gets CPU
[12:54:41] [TASK] Network Fetch starting
[12:54:41] [TASK] Network Fetch completed (exec #26)
[12:54:41] 
=== TICK 45 ===
[12:54:41] [READY] Task 1 (Collect CPU) ready - interval 1s elapsed
[12:54:41] [READY] Task 2 (Collect RAM) ready - interval 1s elapsed
[12:54:41] [READY] Task 5 (Analyzer) ready - interval 1s elapsed
[12:54:41] [READY] Task 6 (Report Generator) ready - interval 9s elapsed
[12:54:41] [DISPATCH] Executing 4 ready task(s) in priority order
[12:54:41] [DISPATCH] Task 1 (Collect CPU) P3 gets CPU
[12:54:41] [TASK] CPU Monitor starting
[12:54:42] [TASK] CPU Monitor completed (exec #44)
[12:54:42] [DISPATCH] Task 2 (Collect RAM) P3 gets CPU
[12:54:42] [TASK] RAM Monitor starting
[12:54:42] [TASK] RAM Monitor completed (exec #28)
[12:54:42] [DISPATCH] Task 5 (Analyzer) P3 gets CPU
[12:54:42] [TASK] Analyzer starting
[12:54:42] [ERROR] Analyzer failed with code 256 (may need 'make all' first)
[12:54:42] [DISPATCH] Task 6 (Report Generator) P3 gets CPU
[12:54:42] [TASK] Report Generator starting
[12:54:43] [TASK] Report Generator completed (exec #5)
[12:54:43] 
=== TICK 46 ===
[12:54:43] [READY] Task 1 (Collect CPU) ready - interval 1s elapsed
[12:54:43] [READY] Task 2 (Collect RAM) ready - interval 1s elapsed
[12:54:43] [READY] Task 3 (Collect DISK) ready - interval 1s elapsed
[12:54:43] [READY] Task 4 (Collect Network) ready - interval 1s elapsed
[12:54:43] [READY] Task 5 (Analyzer) ready - interval 1s elapsed
[12:54:43] [DISPATCH] Executing 5 ready task(s) in priority order
[12:54:43] [DISPATCH] Task 1 (Collect CPU) P3 gets CPU
[12:54:43] [TASK] CPU Monitor starting
[12:54:44] [TASK] CPU Monitor completed (exec #45)
[12:54:44] [DISPATCH] Task 2 (Collect RAM) P3 gets CPU
[12:54:44] [TASK] RAM Monitor starting
[12:54:44] [TASK] RAM Monitor completed (exec #29)
[12:54:44] [DISPATCH] Task 5 (Analyzer) P3 gets CPU
[12:54:44] [TASK] Analyzer starting
[12:54:44] [ERROR] Analyzer failed with code 256 (may need 'make all' first)
[12:54:44] [DISPATCH] Task 3 (Collect DISK) P2 gets CPU
[12:54:44] [TASK] Disk Monitor starting
[12:54:44] [TASK] Disk Monitor completed (exec #27)
[12:54:44] [DISPATCH] Task 4 (Collect Network) P0 gets CPU
[12:54:44] [TASK] Network Fetch starting
[12:54:44] [TASK] Network Fetch completed (exec #27)
[12:54:44] 
=== TICK 47 ===
[12:54:44] [READY] Task 1 (Collect CPU) ready - interval 1s elapsed
[12:54:44] [DISPATCH] Executing 1 ready task(s) in priority order
[12:54:44] [DISPATCH] Task 1 (Collect CPU) P3 gets CPU
[12:54:44] [TASK] CPU Monitor starting
[12:54:45] [TASK] CPU Monitor completed (exec #46)
[12:54:45] 
=== TICK 48 ===
[12:54:45] [READY] Task 1 (Collect CPU) ready - interval 1s elapsed
[12:54:45] [READY] Task 2 (Collect RAM) ready - interval 1s elapsed
[12:54:45] [READY] Task 3 (Collect DISK) ready - interval 1s elapsed
[12:54:45] [READY] Task 4 (Collect Network) ready - interval 1s elapsed
[12:54:45] [READY] Task 5 (Analyzer) ready - interval 1s elapsed
[12:54:45] [DISPATCH] Executing 5 ready task(s) in priority order
[12:54:45] [DISPATCH] Task 1 (Collect CPU) P3 gets CPU
[12:54:45] [TASK] CPU Monitor starting
[12:54:46] [TASK] CPU Monitor completed (exec #47)
[12:54:46] [DISPATCH] Task 2 (Collect RAM) P3 gets CPU
[12:54:46] [TASK] RAM Monitor starting
[12:54:46] [TASK] RAM Monitor completed (exec #30)
[12:54:46] [DISPATCH] Task 5 (Analyzer) P3 gets CPU
[12:54:46] [TASK] Analyzer starting
[12:54:46] [ERROR] Analyzer failed with code 256 (may need 'make all' first)
[12:54:46] [DISPATCH] Task 3 (Collect DISK) P2 gets CPU
[12:54:46] [TASK] Disk Monitor starting
[12:54:46] [TASK] Disk Monitor completed (exec #28)
[12:54:46] [DISPATCH] Task 4 (Collect Network) P0 gets CPU
[12:54:46] [TASK] Network Fetch starting
[12:54:46] [TASK] Network Fetch completed (exec #28)
[12:54:46] 
=== TICK 49 ===
[12:54:46] [READY] Task 1 (Collect CPU) ready - interval 1s elapsed
[12:54:46] [DISPATCH] Executing 1 ready task(s) in priority order
[12:54:46] [DISPATCH] Task 1 (Collect CPU) P3 gets CPU
[12:54:46] [TASK] CPU Monitor starting
[12:54:47] [TASK] CPU Monitor completed (exec #48)
[12:54:47] 
=== TICK 50 ===
[12:54:47] [READY] Task 1 (Collect CPU) ready - interval 1s elapsed
[12:54:47] [READY] Task 2 (Collect RAM) ready - interval 1s elapsed
[12:54:47] [READY] Task 3 (Collect DISK) ready - interval 1s elapsed
[12:54:47] [READY] Task 4 (Collect Network) ready - interval 1s elapsed
[12:54:47] [READY] Task 5 (Analyzer) ready - interval 1s elapsed
[12:54:47] [DISPATCH] Executing 5 ready task(s) in priority order
[12:54:47] [DISPATCH] Task 1 (Collect CPU) P3 gets CPU
[12:54:47] [TASK] CPU Monitor starting
[12:54:48] [TASK] CPU Monitor completed (exec #49)
[12:54:48] [DISPATCH] Task 2 (Collect RAM) P3 gets CPU
[12:54:48] [TASK] RAM Monitor starting
[12:54:48] [TASK] RAM Monitor completed (exec #31)
[12:54:48] [DISPATCH] Task 5 (Analyzer) P3 gets CPU
[12:54:48] [TASK] Analyzer starting
[12:54:48] [ERROR] Analyzer failed with code 256 (may need 'make all' first)
[12:54:48] [DISPATCH] Task 3 (Collect DISK) P2 gets CPU
[12:54:48] [TASK] Disk Monitor starting
[12:54:48] [TASK] Disk Monitor completed (exec #29)
[12:54:48] [DISPATCH] Task 4 (Collect Network) P0 gets CPU
[12:54:48] [TASK] Network Fetch starting
[12:54:48] [TASK] Network Fetch completed (exec #29)
[12:54:48] 
=== TICK 51 ===
[12:54:48] [READY] Task 1 (Collect CPU) ready - interval 1s elapsed
[12:54:48] [DISPATCH] Executing 1 ready task(s) in priority order
[12:54:48] [DISPATCH] Task 1 (Collect CPU) P3 gets CPU
[12:54:48] [TASK] CPU Monitor starting
[12:54:49] [TASK] CPU Monitor completed (exec #50)
[12:54:49] 
=== TICK 52 ===
[12:54:49] [READY] Task 1 (Collect CPU) ready - interval 1s elapsed
[12:54:49] [READY] Task 2 (Collect RAM) ready - interval 1s elapsed
[12:54:49] [READY] Task 3 (Collect DISK) ready - interval 1s elapsed
[12:54:49] [READY] Task 4 (Collect Network) ready - interval 1s elapsed
[12:54:49] [READY] Task 5 (Analyzer) ready - interval 1s elapsed
[12:54:49] [DISPATCH] Executing 5 ready task(s) in priority order
[12:54:49] [DISPATCH] Task 1 (Collect CPU) P3 gets CPU
[12:54:49] [TASK] CPU Monitor starting
[12:54:50] [TASK] CPU Monitor completed (exec #51)
[12:54:50] [DISPATCH] Task 2 (Collect RAM) P3 gets CPU
[12:54:50] [TASK] RAM Monitor starting
[12:54:50] [TASK] RAM Monitor completed (exec #32)
[12:54:50] [DISPATCH] Task 5 (Analyzer) P3 gets CPU
[12:54:50] [TASK] Analyzer starting
[12:54:50] [ERROR] Analyzer failed with code 256 (may need 'make all' first)
[12:54:50] [DISPATCH] Task 3 (Collect DISK) P2 gets CPU
[12:54:50] [TASK] Disk Monitor starting
[12:54:50] [TASK] Disk Monitor completed (exec #30)
[12:54:50] [DISPATCH] Task 4 (Collect Network) P0 gets CPU
[12:54:50] [TASK] Network Fetch starting
[12:54:50] [TASK] Network Fetch completed (exec #30)
[12:54:50] 
=== TICK 53 ===
[12:54:50] [READY] Task 1 (Collect CPU) ready - interval 1s elapsed
[12:54:50] [DISPATCH] Executing 1 ready task(s) in priority order
[12:54:50] [DISPATCH] Task 1 (Collect CPU) P3 gets CPU
[12:54:50] [TASK] CPU Monitor starting
[12:54:51] [TASK] CPU Monitor completed (exec #52)
[12:54:51] 
=== TICK 54 ===
[12:54:51] [READY] Task 1 (Collect CPU) ready - interval 1s elapsed
[12:54:51] [READY] Task 2 (Collect RAM) ready - interval 1s elapsed
[12:54:51] [READY] Task 3 (Collect DISK) ready - interval 1s elapsed
[12:54:51] [READY] Task 4 (Collect Network) ready - interval 1s elapsed
[12:54:51] [READY] Task 5 (Analyzer) ready - interval 1s elapsed
[12:54:51] [READY] Task 6 (Report Generator) ready - interval 9s elapsed
[12:54:51] [DISPATCH] Executing 6 ready task(s) in priority order
[12:54:51] [DISPATCH] Task 1 (Collect CPU) P3 gets CPU
[12:54:51] [TASK] CPU Monitor starting
[12:54:52] [TASK] CPU Monitor completed (exec #53)
[12:54:52] [DISPATCH] Task 2 (Collect RAM) P3 gets CPU
[12:54:52] [TASK] RAM Monitor starting
[12:54:52] [TASK] RAM Monitor completed (exec #33)
[12:54:52] [DISPATCH] Task 5 (Analyzer) P3 gets CPU
[12:54:52] [TASK] Analyzer starting
[12:54:52] [ERROR] Analyzer failed with code 256 (may need 'make all' first)
[12:54:52] [DISPATCH] Task 6 (Report Generator) P3 gets CPU
[12:54:52] [TASK] Report Generator starting
[12:54:53] [TASK] Report Generator completed (exec #6)
[12:54:53] [DISPATCH] Task 3 (Collect DISK) P2 gets CPU
[12:54:53] [TASK] Disk Monitor starting
[12:54:53] [TASK] Disk Monitor completed (exec #31)
[12:54:53] [DISPATCH] Task 4 (Collect Network) P0 gets CPU
[12:54:53] [TASK] Network Fetch starting
[12:54:53] [TASK] Network Fetch completed (exec #31)
[12:54:53] 
=== TICK 55 ===
[12:54:53] [READY] Task 1 (Collect CPU) ready - interval 1s elapsed
[12:54:53] [READY] Task 2 (Collect RAM) ready - interval 1s elapsed
[12:54:53] [READY] Task 5 (Analyzer) ready - interval 1s elapsed
[12:54:53] [DISPATCH] Executing 3 ready task(s) in priority order
[12:54:53] [DISPATCH] Task 1 (Collect CPU) P3 gets CPU
[12:54:53] [TASK] CPU Monitor starting
[12:54:53] [TASK] CPU Monitor completed (exec #54)
[12:54:53] [DISPATCH] Task 2 (Collect RAM) P3 gets CPU
[12:54:53] [TASK] RAM Monitor starting
[12:54:53] [TASK] RAM Monitor completed (exec #34)
[12:54:53] [DISPATCH] Task 5 (Analyzer) P3 gets CPU
[12:54:53] [TASK] Analyzer starting
[12:54:53] [ERROR] Analyzer failed with code 256 (may need 'make all' first)
[12:54:53] 
=== Scheduler Session Ended ===
[12:54:53] Total ticks: 55
[12:54:53] Task execution counts: T1=54, T2=34, T3=31, T4=31

=== CS350 GUI Scheduler Session Started ===
Started: Wed Dec 31 12:56:34 2025

[12:56:34] 
=== TICK 1 ===
[12:56:35] 
=== TICK 2 ===
[12:56:35] [READY] Task 1 (Collect CPU) ready - interval 1s elapsed
[12:56:35] [READY] Task 2 (Collect RAM) ready - interval 1s elapsed
[12:56:35] [READY] Task 3 (Collect DISK) ready - interval 1s elapsed
[12:56:35] [READY] Task 4 (Collect Network) ready - interval 1s elapsed
[12:56:35] [READY] Task 5 (Analyzer) ready - interval 1s elapsed
[12:56:35] [DISPATCH] Executing 5 ready task(s) in priority order
[12:56:35] [DISPATCH] Task 1 (Collect CPU) P3 gets CPU
[12:56:35] [TASK] CPU Monitor starting
[12:56:36] [TASK] CPU Monitor completed (exec #1)
[12:56:36] [DISPATCH] Task 2 (Collect RAM) P3 gets CPU
[12:56:36] [TASK] RAM Monitor starting
[12:56:36] [TASK] RAM Monitor completed (exec #1)
[12:56:36] [DISPATCH] Task 5 (Analyzer) P3 gets CPU
[12:56:36] [TASK] Analyzer starting
[12:56:36] [TASK] Analyzer completed (exec #1)
[12:56:36] [DISPATCH] Task 3 (Collect DISK) P2 gets CPU
[12:56:36] [TASK] Disk Monitor starting
[12:56:36] [TASK] Disk Monitor completed (exec #1)
[12:56:36] [DISPATCH] Task 4 (Collect Network) P0 gets CPU
[12:56:36] [TASK] Network Fetch starting
[12:56:36] [TASK] Network Fetch completed (exec #1)
[12:56:36] 
=== TICK 3 ===
[12:56:36] [READY] Task 1 (Collect CPU) ready - interval 1s elapsed
[12:56:36] [DISPATCH] Executing 1 ready task(s) in priority order
[12:56:36] [DISPATCH] Task 1 (Collect CPU) P3 gets CPU
[12:56:36] [TASK] CPU Monitor starting
[12:56:37] [TASK] CPU Monitor completed (exec #2)
[12:56:37] 
=== TICK 4 ===
[12:56:37] [READY] Task 1 (Collect CPU) ready - interval 1s elapsed
[12:56:37] [READY] Task 2 (Collect RAM) ready - interval 1s elapsed
[12:56:37] [READY] Task 3 (Collect DISK) ready - interval 1s elapsed
[12:56:37] [READY] Task 4 (Collect Network) ready - interval 1s elapsed
[12:56:37] [READY] Task 5 (Analyzer) ready - interval 1s elapsed
[12:56:37] [DISPATCH] Executing 5 ready task(s) in priority order
[12:56:37] [DISPATCH] Task 1 (Collect CPU) P3 gets CPU
[12:56:37] [TASK] CPU Monitor starting
[12:56:38] [TASK] CPU Monitor completed (exec #3)
[12:56:38] [DISPATCH] Task 2 (Collect RAM) P3 gets CPU
[12:56:38] [TASK] RAM Monitor starting
[12:56:38] [TASK] RAM Monitor completed (exec #2)
[12:56:38] [DISPATCH] Task 5 (Analyzer) P3 gets CPU
[12:56:38] [TASK] Analyzer starting
[12:56:38] [TASK] Analyzer completed (exec #2)
[12:56:38] [DISPATCH] Task 3 (Collect DISK) P2 gets CPU
[12:56:38] [TASK] Disk Monitor starting
[12:56:38] [TASK] Disk Monitor completed (exec #2)
[12:56:38] [DISPATCH] Task 4 (Collect Network) P0 gets CPU
[12:56:38] [TASK] Network Fetch starting
[12:56:38] [TASK] Network Fetch completed (exec #2)
[12:56:38] 
=== TICK 5 ===
[12:56:38] [READY] Task 1 (Collect CPU) ready - interval 1s elapsed
[12:56:38] [DISPATCH] Executing 1 ready task(s) in priority order
[12:56:38] [DISPATCH] Task 1 (Collect CPU) P3 gets CPU
[12:56:38] [TASK] CPU Monitor starting
[12:56:39] [TASK] CPU Monitor completed (exec #4)
[12:56:39] 
=== TICK 6 ===
[12:56:39] [READY] Task 1 (Collect CPU) ready - interval 1s elapsed
[12:56:39] [READY] Task 2 (Collect RAM) ready - interval 1s elapsed
[12:56:39] [READY] Task 3 (Collect DISK) ready - interval 1s elapsed
[12:56:39] [READY] Task 4 (Collect Network) ready - interval 1s elapsed
[12:56:39] [READY] Task 5 (Analyzer) ready - interval 1s elapsed
[12:56:39] [DISPATCH] Executing 5 ready task(s) in priority order
[12:56:39] [DISPATCH] Task 1 (Collect CPU) P3 gets CPU
[12:56:39] [TASK] CPU Monitor starting
[12:56:40] [TASK] CPU Monitor completed (exec #5)
[12:56:40] [DISPATCH] Task 2 (Collect RAM) P3 gets CPU
[12:56:40] [TASK] RAM Monitor starting
[12:56:40] [TASK] RAM Monitor completed (exec #3)
[12:56:40] [DISPATCH] Task 5 (Analyzer) P3 gets CPU
[12:56:40] [TASK] Analyzer starting
[12:56:40] [TASK] Analyzer completed (exec #3)
[12:56:40] [DISPATCH] Task 3 (Collect DISK) P2 gets CPU
[12:56:40] [TASK] Disk Monitor starting
[12:56:40] [TASK] Disk Monitor completed (exec #3)
[12:56:40] [DISPATCH] Task 4 (Collect Network) P0 gets CPU
[12:56:40] [TASK] Network Fetch starting
[12:56:40] [TASK] Network Fetch completed (exec #3)
[12:56:40] 
=== TICK 7 ===
[12:56:40] [READY] Task 1 (Collect CPU) ready - interval 1s elapsed
[12:56:40] [DISPATCH] Executing 1 ready task(s) in priority order
[12:56:40] [DISPATCH] Task 1 (Collect CPU) P3 gets CPU
[12:56:40] [TASK] CPU Monitor starting
[12:56:41] [TASK] CPU Monitor completed (exec #6)
[12:56:41] 
=== TICK 8 ===
[12:56:41] [READY] Task 1 (Collect CPU) ready - interval 1s elapsed
[12:56:41] [READY] Task 2 (Collect RAM) ready - interval 1s elapsed
[12:56:41] [READY] Task 3 (Collect DISK) ready - interval 1s elapsed
[12:56:41] [READY] Task 4 (Collect Network) ready - interval 1s elapsed
[12:56:41] [READY] Task 5 (Analyzer) ready - interval 1s elapsed
[12:56:41] [DISPATCH] Executing 5 ready task(s) in priority order
[12:56:41] [DISPATCH] Task 1 (Collect CPU) P3 gets CPU
[12:56:41] [TASK] CPU Monitor starting
[12:56:42] [TASK] CPU Monitor completed (exec #7)
[12:56:42] [DISPATCH] Task 2 (Collect RAM) P3 gets CPU
[12:56:42] [TASK] RAM Monitor starting
[12:56:42] [TASK] RAM Monitor completed (exec #4)
[12:56:42] [DISPATCH] Task 5 (Analyzer) P3 gets CPU
[12:56:42] [TASK] Analyzer starting
[12:56:42] [TASK] Analyzer completed (exec #4)
[12:56:42] [DISPATCH] Task 3 (Collect DISK) P2 gets CPU
[12:56:42] [TASK] Disk Monitor starting
[12:56:42] [TASK] Disk Monitor completed (exec #4)
[12:56:42] [DISPATCH] Task 4 (Collect Network) P0 gets CPU
[12:56:42] [TASK] Network Fetch starting
[12:56:42] [TASK] Network Fetch completed (exec #4)
[12:56:42] 
=== TICK 9 ===
[12:56:42] [READY] Task 1 (Collect CPU) ready - interval 1s elapsed
[12:56:42] [DISPATCH] Executing 1 ready task(s) in priority order
[12:56:42] [DISPATCH] Task 1 (Collect CPU) P3 gets CPU
[12:56:42] [TASK] CPU Monitor starting
[12:56:43] [TASK] CPU Monitor completed (exec #8)
[12:56:43] 
=== TICK 10 ===
[12:56:43] [READY] Task 1 (Collect CPU) ready - interval 1s elapsed
[12:56:43] [READY] Task 2 (Collect RAM) ready - interval 1s elapsed
[12:56:43] [READY] Task 3 (Collect DISK) ready - interval 1s elapsed
[12:56:43] [READY] Task 4 (Collect Network) ready - interval 1s elapsed
[12:56:43] [READY] Task 5 (Analyzer) ready - interval 1s elapsed
[12:56:43] [READY] Task 6 (Report Generator) ready - interval 9s elapsed
[12:56:43] [DISPATCH] Executing 6 ready task(s) in priority order
[12:56:43] [DISPATCH] Task 1 (Collect CPU) P3 gets CPU
[12:56:43] [TASK] CPU Monitor starting
[12:56:44] [TASK] CPU Monitor completed (exec #9)
[12:56:44] [DISPATCH] Task 2 (Collect RAM) P3 gets CPU
[12:56:44] [TASK] RAM Monitor starting
[12:56:44] [TASK] RAM Monitor completed (exec #5)
[12:56:44] [DISPATCH] Task 5 (Analyzer) P3 gets CPU
[12:56:44] [TASK] Analyzer starting
[12:56:45] [TASK] Analyzer completed (exec #5)
[12:56:45] [DISPATCH] Task 6 (Report Generator) P3 gets CPU
[12:56:45] [TASK] Report Generator starting
[12:56:45] [TASK] Report Generator completed (exec #1)
[12:56:45] [DISPATCH] Task 3 (Collect DISK) P2 gets CPU
[12:56:45] [TASK] Disk Monitor starting
[12:56:45] [TASK] Disk Monitor completed (exec #5)
[12:56:45] [DISPATCH] Task 4 (Collect Network) P0 gets CPU
[12:56:45] [TASK] Network Fetch starting
[12:56:45] [TASK] Network Fetch completed (exec #5)
[12:56:45] 
=== TICK 11 ===
[12:56:45] [READY] Task 1 (Collect CPU) ready - interval 1s elapsed
[12:56:45] [READY] Task 2 (Collect RAM) ready - interval 1s elapsed
[12:56:45] [READY] Task 5 (Analyzer) ready - interval 1s elapsed
[12:56:45] [DISPATCH] Executing 3 ready task(s) in priority order
[12:56:45] [DISPATCH] Task 1 (Collect CPU) P3 gets CPU
[12:56:45] [TASK] CPU Monitor starting
[12:56:46] [TASK] CPU Monitor completed (exec #10)
[12:56:46] [DISPATCH] Task 2 (Collect RAM) P3 gets CPU
[12:56:46] [TASK] RAM Monitor starting
[12:56:46] [TASK] RAM Monitor completed (exec #6)
[12:56:46] [DISPATCH] Task 5 (Analyzer) P3 gets CPU
[12:56:46] [TASK] Analyzer starting
[12:56:46] [TASK] Analyzer completed (exec #6)
[12:56:46] 
=== TICK 12 ===
[12:56:46] [READY] Task 1 (Collect CPU) ready - interval 1s elapsed
[12:56:46] [READY] Task 3 (Collect DISK) ready - interval 1s elapsed
[12:56:46] [READY] Task 4 (Collect Network) ready - interval 1s elapsed
[12:56:46] [DISPATCH] Executing 3 ready task(s) in priority order
[12:56:46] [DISPATCH] Task 1 (Collect CPU) P3 gets CPU
[12:56:46] [TASK] CPU Monitor starting
[12:56:47] [TASK] CPU Monitor completed (exec #11)
[12:56:47] [DISPATCH] Task 3 (Collect DISK) P2 gets CPU
[12:56:47] [TASK] Disk Monitor starting
[12:56:47] [TASK] Disk Monitor completed (exec #6)
[12:56:47] [DISPATCH] Task 4 (Collect Network) P0 gets CPU
[12:56:47] [TASK] Network Fetch starting
[12:56:47] [TASK] Network Fetch completed (exec #6)
[12:56:47] 
=== TICK 13 ===
[12:56:47] [READY] Task 1 (Collect CPU) ready - interval 1s elapsed
[12:56:47] [READY] Task 2 (Collect RAM) ready - interval 1s elapsed
[12:56:47] [READY] Task 5 (Analyzer) ready - interval 1s elapsed
[12:56:47] [DISPATCH] Executing 3 ready task(s) in priority order
[12:56:47] [DISPATCH] Task 1 (Collect CPU) P3 gets CPU
[12:56:47] [TASK] CPU Monitor starting
[12:56:48] [TASK] CPU Monitor completed (exec #12)
[12:56:48] [DISPATCH] Task 2 (Collect RAM) P3 gets CPU
[12:56:48] [TASK] RAM Monitor starting
[12:56:48] [TASK] RAM Monitor completed (exec #7)
[12:56:48] [DISPATCH] Task 5 (Analyzer) P3 gets CPU
[12:56:48] [TASK] Analyzer starting
[12:56:48] [ERROR] Analyzer failed with code 256 (may need 'make all' first)
[12:56:48] 
=== TICK 14 ===
[12:56:48] [READY] Task 1 (Collect CPU) ready - interval 1s elapsed
[12:56:48] [READY] Task 3 (Collect DISK) ready - interval 1s elapsed
[12:56:48] [READY] Task 4 (Collect Network) ready - interval 1s elapsed
[12:56:48] [DISPATCH] Executing 3 ready task(s) in priority order
[12:56:48] [DISPATCH] Task 1 (Collect CPU) P3 gets CPU
[12:56:48] [TASK] CPU Monitor starting
[12:56:49] [TASK] CPU Monitor completed (exec #13)
[12:56:49] [DISPATCH] Task 3 (Collect DISK) P2 gets CPU
[12:56:49] [TASK] Disk Monitor starting
[12:56:49] [TASK] Disk Monitor completed (exec #7)
[12:56:49] [DISPATCH] Task 4 (Collect Network) P0 gets CPU
[12:56:49] [TASK] Network Fetch starting
[12:56:49] [TASK] Network Fetch completed (exec #7)
[12:56:49] 
=== TICK 15 ===
[12:56:49] [READY] Task 1 (Collect CPU) ready - interval 1s elapsed
[12:56:49] [READY] Task 2 (Collect RAM) ready - interval 1s elapsed
[12:56:49] [READY] Task 5 (Analyzer) ready - interval 1s elapsed
[12:56:49] [DISPATCH] Executing 3 ready task(s) in priority order
[12:56:49] [DISPATCH] Task 1 (Collect CPU) P3 gets CPU
[12:56:49] [TASK] CPU Monitor starting
[12:56:50] [TASK] CPU Monitor completed (exec #14)
[12:56:50] [DISPATCH] Task 2 (Collect RAM) P3 gets CPU
[12:56:50] [TASK] RAM Monitor starting
[12:56:50] [TASK] RAM Monitor completed (exec #8)
[12:56:50] [DISPATCH] Task 5 (Analyzer) P3 gets CPU
[12:56:50] [TASK] Analyzer starting
[12:56:50] [TASK] Analyzer completed (exec #8)
[12:56:50] 
=== TICK 16 ===
[12:56:50] [READY] Task 1 (Collect CPU) ready - interval 1s elapsed
[12:56:50] [READY] Task 3 (Collect DISK) ready - interval 1s elapsed
[12:56:50] [READY] Task 4 (Collect Network) ready - interval 1s elapsed
[12:56:50] [DISPATCH] Executing 3 ready task(s) in priority order
[12:56:50] [DISPATCH] Task 1 (Collect CPU) P3 gets CPU
[12:56:50] [TASK] CPU Monitor starting
[12:56:51] [TASK] CPU Monitor completed (exec #15)
[12:56:51] [DISPATCH] Task 3 (Collect DISK) P2 gets CPU
[12:56:51] [TASK] Disk Monitor starting
[12:56:51] [TASK] Disk Monitor completed (exec #8)
[12:56:51] [DISPATCH] Task 4 (Collect Network) P0 gets CPU
[12:56:51] [TASK] Network Fetch starting
[12:56:51] [TASK] Network Fetch completed (exec #8)
[12:56:51] 
=== TICK 17 ===
[12:56:51] [READY] Task 1 (Collect CPU) ready - interval 1s elapsed
[12:56:51] [READY] Task 2 (Collect RAM) ready - interval 1s elapsed
[12:56:51] [READY] Task 5 (Analyzer) ready - interval 1s elapsed
[12:56:51] [DISPATCH] Executing 3 ready task(s) in priority order
[12:56:51] [DISPATCH] Task 1 (Collect CPU) P3 gets CPU
[12:56:51] [TASK] CPU Monitor starting
[12:56:52] [TASK] CPU Monitor completed (exec #16)
[12:56:52] [DISPATCH] Task 2 (Collect RAM) P3 gets CPU
[12:56:52] [TASK] RAM Monitor starting
[12:56:52] [TASK] RAM Monitor completed (exec #9)
[12:56:52] [DISPATCH] Task 5 (Analyzer) P3 gets CPU
[12:56:52] [TASK] Analyzer starting
[12:56:52] [TASK] Analyzer completed (exec #9)
[12:56:52] 
=== TICK 18 ===
[12:56:52] [READY] Task 1 (Collect CPU) ready - interval 1s elapsed
[12:56:52] [READY] Task 3 (Collect DISK) ready - interval 1s elapsed
[12:56:52] [READY] Task 4 (Collect Network) ready - interval 1s elapsed
[12:56:52] [DISPATCH] Executing 3 ready task(s) in priority order
[12:56:52] [DISPATCH] Task 1 (Collect CPU) P3 gets CPU
[12:56:52] [TASK] CPU Monitor starting
[12:56:53] [TASK] CPU Monitor completed (exec #17)
[12:56:53] [DISPATCH] Task 3 (Collect DISK) P2 gets CPU
[12:56:53] [TASK] Disk Monitor starting
[12:56:53] [TASK] Disk Monitor completed (exec #9)
[12:56:53] [DISPATCH] Task 4 (Collect Network) P0 gets CPU
[12:56:53] [TASK] Network Fetch starting
[12:56:53] [TASK] Network Fetch completed (exec #9)
[12:56:53] 
=== TICK 19 ===
[12:56:53] [READY] Task 1 (Collect CPU) ready - interval 1s elapsed
[12:56:53] [READY] Task 2 (Collect RAM) ready - interval 1s elapsed
[12:56:53] [READY] Task 5 (Analyzer) ready - interval 1s elapsed
[12:56:53] [DISPATCH] Executing 3 ready task(s) in priority order
[12:56:53] [DISPATCH] Task 1 (Collect CPU) P3 gets CPU
[12:56:53] [TASK] CPU Monitor starting
[12:56:54] [TASK] CPU Monitor completed (exec #18)
[12:56:54] [DISPATCH] Task 2 (Collect RAM) P3 gets CPU
[12:56:54] [TASK] RAM Monitor starting
[12:56:54] [TASK] RAM Monitor completed (exec #10)
[12:56:54] [DISPATCH] Task 5 (Analyzer) P3 gets CPU
[12:56:54] [TASK] Analyzer starting
[12:56:54] [TASK] Analyzer completed (exec #10)
[12:56:54] 
=== TICK 20 ===
[12:56:54] [READY] Task 1 (Collect CPU) ready - interval 1s elapsed
[12:56:54] [READY] Task 3 (Collect DISK) ready - interval 1s elapsed
[12:56:54] [READY] Task 4 (Collect Network) ready - interval 1s elapsed
[12:56:54] [READY] Task 6 (Report Generator) ready - interval 9s elapsed
[12:56:54] [DISPATCH] Executing 4 ready task(s) in priority order
[12:56:54] [DISPATCH] Task 1 (Collect CPU) P3 gets CPU
[12:56:54] [TASK] CPU Monitor starting
[12:56:55] [TASK] CPU Monitor completed (exec #19)
[12:56:55] [DISPATCH] Task 6 (Report Generator) P3 gets CPU
[12:56:55] [TASK] Report Generator starting
[12:56:56] [TASK] Report Generator completed (exec #2)
[12:56:56] [DISPATCH] Task 3 (Collect DISK) P2 gets CPU
[12:56:56] [TASK] Disk Monitor starting
[12:56:56] [TASK] Disk Monitor completed (exec #10)
[12:56:56] [DISPATCH] Task 4 (Collect Network) P0 gets CPU
[12:56:56] [TASK] Network Fetch starting
[12:56:57] [TASK] Network Fetch completed (exec #10)
[12:56:57] 
=== TICK 21 ===
[12:56:57] [READY] Task 1 (Collect CPU) ready - interval 1s elapsed
[12:56:57] [READY] Task 2 (Collect RAM) ready - interval 1s elapsed
[12:56:57] [READY] Task 3 (Collect DISK) ready - interval 1s elapsed
[12:56:57] [READY] Task 4 (Collect Network) ready - interval 1s elapsed
[12:56:57] [READY] Task 5 (Analyzer) ready - interval 1s elapsed
[12:56:57] [DISPATCH] Executing 5 ready task(s) in priority order
[12:56:57] [DISPATCH] Task 1 (Collect CPU) P3 gets CPU
[12:56:57] [TASK] CPU Monitor starting
[12:56:57] [TASK] CPU Monitor completed (exec #20)
[12:56:57] [DISPATCH] Task 2 (Collect RAM) P3 gets CPU
[12:56:57] [TASK] RAM Monitor starting
[12:56:57] [TASK] RAM Monitor completed (exec #11)
[12:56:57] [DISPATCH] Task 5 (Analyzer) P3 gets CPU
[12:56:57] [TASK] Analyzer starting
[12:56:57] [TASK] Analyzer completed (exec #11)
[12:56:57] [DISPATCH] Task 3 (Collect DISK) P2 gets CPU
[12:56:57] [TASK] Disk Monitor starting
[12:56:57] [TASK] Disk Monitor completed (exec #11)
[12:56:57] [DISPATCH] Task 4 (Collect Network) P0 gets CPU
[12:56:57] [TASK] Network Fetch starting
[12:56:57] [TASK] Network Fetch completed (exec #11)
[12:56:58] 
=== TICK 22 ===
[12:56:58] [READY] Task 1 (Collect CPU) ready - interval 1s elapsed
[12:56:58] [READY] Task 2 (Collect RAM) ready - interval 1s elapsed
[12:56:58] [READY] Task 3 (Collect DISK) ready - interval 1s elapsed
[12:56:58] [READY] Task 4 (Collect Network) ready - interval 1s elapsed
[12:56:58] [READY] Task 5 (Analyzer) ready - interval 1s elapsed
[12:56:58] [DISPATCH] Executing 5 ready task(s) in priority order
[12:56:58] [DISPATCH] Task 1 (Collect CPU) P3 gets CPU
[12:56:58] [TASK] CPU Monitor starting
[12:56:58] [TASK] CPU Monitor completed (exec #21)
[12:56:58] [DISPATCH] Task 2 (Collect RAM) P3 gets CPU
[12:56:58] [TASK] RAM Monitor starting
[12:56:58] [TASK] RAM Monitor completed (exec #12)
[12:56:58] [DISPATCH] Task 5 (Analyzer) P3 gets CPU
[12:56:58] [TASK] Analyzer starting
[12:56:58] [ERROR] Analyzer failed with code 512 (may need 'make all' first)
[12:56:58] [DISPATCH] Task 3 (Collect DISK) P2 gets CPU
[12:56:58] [TASK] Disk Monitor starting
[12:56:58] [TASK] Disk Monitor completed (exec #12)
[12:56:58] [DISPATCH] Task 4 (Collect Network) P0 gets CPU
[12:56:58] [TASK] Network Fetch starting
[12:56:58] [TASK] Network Fetch completed (exec #12)
[12:56:59] 
=== TICK 23 ===
[12:56:59] [READY] Task 1 (Collect CPU) ready - interval 1s elapsed
[12:56:59] [READY] Task 2 (Collect RAM) ready - interval 1s elapsed
[12:56:59] [READY] Task 3 (Collect DISK) ready - interval 1s elapsed
[12:56:59] [READY] Task 4 (Collect Network) ready - interval 1s elapsed
[12:56:59] [READY] Task 5 (Analyzer) ready - interval 1s elapsed
[12:56:59] [DISPATCH] Executing 5 ready task(s) in priority order
[12:56:59] [DISPATCH] Task 1 (Collect CPU) P3 gets CPU
[12:56:59] [TASK] CPU Monitor starting
[12:56:59] [TASK] CPU Monitor completed (exec #22)
[12:56:59] [DISPATCH] Task 2 (Collect RAM) P3 gets CPU
[12:56:59] [TASK] RAM Monitor starting
[12:56:59] [TASK] RAM Monitor completed (exec #13)
[12:56:59] [DISPATCH] Task 5 (Analyzer) P3 gets CPU
[12:56:59] [TASK] Analyzer starting
[12:56:59] [ERROR] Analyzer failed with code 512 (may need 'make all' first)
[12:56:59] [DISPATCH] Task 3 (Collect DISK) P2 gets CPU
[12:56:59] [TASK] Disk Monitor starting
[12:56:59] [TASK] Disk Monitor completed (exec #13)
[12:56:59] [DISPATCH] Task 4 (Collect Network) P0 gets CPU
[12:56:59] [TASK] Network Fetch starting
[12:56:59] [TASK] Network Fetch completed (exec #13)
[12:57:00] 
=== TICK 24 ===
[12:57:00] [READY] Task 1 (Collect CPU) ready - interval 1s elapsed
[12:57:00] [READY] Task 2 (Collect RAM) ready - interval 1s elapsed
[12:57:00] [READY] Task 3 (Collect DISK) ready - interval 1s elapsed
[12:57:00] [READY] Task 4 (Collect Network) ready - interval 1s elapsed
[12:57:00] [READY] Task 5 (Analyzer) ready - interval 1s elapsed
[12:57:00] [DISPATCH] Executing 5 ready task(s) in priority order
[12:57:00] [DISPATCH] Task 1 (Collect CPU) P3 gets CPU
[12:57:00] [TASK] CPU Monitor starting
[12:57:00] [TASK] CPU Monitor completed (exec #23)
[12:57:00] [DISPATCH] Task 2 (Collect RAM) P3 gets CPU
[12:57:00] [TASK] RAM Monitor starting
[12:57:00] [TASK] RAM Monitor completed (exec #14)
[12:57:00] [DISPATCH] Task 5 (Analyzer) P3 gets CPU
[12:57:00] [TASK] Analyzer starting
[12:57:00] [ERROR] Analyzer failed with code 256 (may need 'make all' first)
[12:57:00] [DISPATCH] Task 3 (Collect DISK) P2 gets CPU
[12:57:00] [TASK] Disk Monitor starting
[12:57:00] [TASK] Disk Monitor completed (exec #14)
[12:57:00] [DISPATCH] Task 4 (Collect Network) P0 gets CPU
[12:57:00] [TASK] Network Fetch starting
[12:57:00] [TASK] Network Fetch completed (exec #14)
[12:57:01] 
=== TICK 25 ===
[12:57:01] [READY] Task 1 (Collect CPU) ready - interval 1s elapsed
[12:57:01] [READY] Task 2 (Collect RAM) ready - interval 1s elapsed
[12:57:01] [READY] Task 3 (Collect DISK) ready - interval 1s elapsed
[12:57:01] [READY] Task 4 (Collect Network) ready - interval 1s elapsed
[12:57:01] [READY] Task 5 (Analyzer) ready - interval 1s elapsed
[12:57:01] [DISPATCH] Executing 5 ready task(s) in priority order
[12:57:01] [DISPATCH] Task 1 (Collect CPU) P3 gets CPU
[12:57:01] [TASK] CPU Monitor starting
[12:57:01] [TASK] CPU Monitor completed (exec #24)
[12:57:01] [DISPATCH] Task 2 (Collect RAM) P3 gets CPU
[12:57:01] [TASK] RAM Monitor starting
[12:57:01] [TASK] RAM Monitor completed (exec #15)
[12:57:01] [DISPATCH] Task 5 (Analyzer) P3 gets CPU
[12:57:01] [TASK] Analyzer starting
[12:57:01] [ERROR] Analyzer failed with code 256 (may need 'make all' first)
[12:57:01] [DISPATCH] Task 3 (Collect DISK) P2 gets CPU
[12:57:01] [TASK] Disk Monitor starting
[12:57:01] [TASK] Disk Monitor completed (exec #15)
[12:57:01] [DISPATCH] Task 4 (Collect Network) P0 gets CPU
[12:57:01] [TASK] Network Fetch starting
[12:57:01] [TASK] Network Fetch completed (exec #15)
[12:57:02] 
=== TICK 26 ===
[12:57:02] [READY] Task 1 (Collect CPU) ready - interval 1s elapsed
[12:57:02] [READY] Task 2 (Collect RAM) ready - interval 1s elapsed
[12:57:02] [READY] Task 3 (Collect DISK) ready - interval 1s elapsed
[12:57:02] [READY] Task 4 (Collect Network) ready - interval 1s elapsed
[12:57:02] [READY] Task 5 (Analyzer) ready - interval 1s elapsed
[12:57:02] [DISPATCH] Executing 5 ready task(s) in priority order
[12:57:02] [DISPATCH] Task 1 (Collect CPU) P3 gets CPU
[12:57:02] [TASK] CPU Monitor starting
[12:57:02] [TASK] CPU Monitor completed (exec #25)
[12:57:02] [DISPATCH] Task 2 (Collect RAM) P3 gets CPU
[12:57:02] [TASK] RAM Monitor starting
[12:57:02] [TASK] RAM Monitor completed (exec #16)
[12:57:02] [DISPATCH] Task 5 (Analyzer) P3 gets CPU
[12:57:02] [TASK] Analyzer starting
[12:57:02] [ERROR] Analyzer failed with code 256 (may need 'make all' first)
[12:57:02] [DISPATCH] Task 3 (Collect DISK) P2 gets CPU
[12:57:02] [TASK] Disk Monitor starting
[12:57:02] [TASK] Disk Monitor completed (exec #16)
[12:57:02] [DISPATCH] Task 4 (Collect Network) P0 gets CPU
[12:57:02] [TASK] Network Fetch starting
[12:57:02] [TASK] Network Fetch completed (exec #16)
[12:57:03] 
=== TICK 27 ===
[12:57:03] [READY] Task 1 (Collect CPU) ready - interval 1s elapsed
[12:57:03] [READY] Task 2 (Collect RAM) ready - interval 1s elapsed
[12:57:03] [READY] Task 3 (Collect DISK) ready - interval 1s elapsed
[12:57:03] [READY] Task 4 (Collect Network) ready - interval 1s elapsed
[12:57:03] [READY] Task 5 (Analyzer) ready - interval 1s elapsed
[12:57:03] [DISPATCH] Executing 5 ready task(s) in priority order
[12:57:03] [DISPATCH] Task 1 (Collect CPU) P3 gets CPU
[12:57:03] [TASK] CPU Monitor starting
[12:57:03] [TASK] CPU Monitor completed (exec #26)
[12:57:03] [DISPATCH] Task 2 (Collect RAM) P3 gets CPU
[12:57:03] [TASK] RAM Monitor starting
[12:57:03] [TASK] RAM Monitor completed (exec #17)
[12:57:03] [DISPATCH] Task 5 (Analyzer) P3 gets CPU
[12:57:03] [TASK] Analyzer starting
[12:57:03] [ERROR] Analyzer failed with code 256 (may need 'make all' first)
[12:57:03] [DISPATCH] Task 3 (Collect DISK) P2 gets CPU
[12:57:03] [TASK] Disk Monitor starting
[12:57:03] [TASK] Disk Monitor completed (exec #17)
[12:57:03] [DISPATCH] Task 4 (Collect Network) P0 gets CPU
[12:57:03] [TASK] Network Fetch starting
[12:57:03] [TASK] Network Fetch completed (exec #17)
[12:57:04] 
=== TICK 28 ===
[12:57:04] [READY] Task 1 (Collect CPU) ready - interval 1s elapsed
[12:57:04] [READY] Task 2 (Collect RAM) ready - interval 1s elapsed
[12:57:04] [READY] Task 3 (Collect DISK) ready - interval 1s elapsed
[12:57:04] [READY] Task 4 (Collect Network) ready - interval 1s elapsed
[12:57:04] [READY] Task 5 (Analyzer) ready - interval 1s elapsed
[12:57:04] [READY] Task 6 (Report Generator) ready - interval 9s elapsed
[12:57:04] [DISPATCH] Executing 6 ready task(s) in priority order
[12:57:04] [DISPATCH] Task 1 (Collect CPU) P3 gets CPU
[12:57:04] [TASK] CPU Monitor starting
[12:57:04] [TASK] CPU Monitor completed (exec #27)
[12:57:04] [DISPATCH] Task 2 (Collect RAM) P3 gets CPU
[12:57:04] [TASK] RAM Monitor starting
[12:57:04] [TASK] RAM Monitor completed (exec #18)
[12:57:04] [DISPATCH] Task 5 (Analyzer) P3 gets CPU
[12:57:04] [TASK] Analyzer starting
[12:57:04] [ERROR] Analyzer failed with code 256 (may need 'make all' first)
[12:57:04] [DISPATCH] Task 6 (Report Generator) P3 gets CPU
[12:57:04] [TASK] Report Generator starting
[12:57:05] [TASK] Report Generator completed (exec #3)
[12:57:05] [DISPATCH] Task 3 (Collect DISK) P2 gets CPU
[12:57:05] [TASK] Disk Monitor starting
[12:57:05] [TASK] Disk Monitor completed (exec #18)
[12:57:05] [DISPATCH] Task 4 (Collect Network) P0 gets CPU
[12:57:05] [TASK] Network Fetch starting
[12:57:05] [TASK] Network Fetch completed (exec #18)
[12:57:05] 
=== TICK 29 ===
[12:57:05] [READY] Task 1 (Collect CPU) ready - interval 1s elapsed
[12:57:05] [READY] Task 2 (Collect RAM) ready - interval 1s elapsed
[12:57:05] [READY] Task 5 (Analyzer) ready - interval 1s elapsed
[12:57:05] [DISPATCH] Executing 3 ready task(s) in priority order
[12:57:05] [DISPATCH] Task 1 (Collect CPU) P3 gets CPU
[12:57:05] [TASK] CPU Monitor starting
[12:57:06] [TASK] CPU Monitor completed (exec #28)
[12:57:06] [DISPATCH] Task 2 (Collect RAM) P3 gets CPU
[12:57:06] [TASK] RAM Monitor starting
[12:57:06] [TASK] RAM Monitor completed (exec #19)
[12:57:06] [DISPATCH] Task 5 (Analyzer) P3 gets CPU
[12:57:06] [TASK] Analyzer starting
[12:57:06] [TASK] Analyzer completed (exec #19)
[12:57:06] 
=== TICK 30 ===
[12:57:06] [READY] Task 1 (Collect CPU) ready - interval 1s elapsed
[12:57:06] [READY] Task 3 (Collect DISK) ready - interval 1s elapsed
[12:57:06] [READY] Task 4 (Collect Network) ready - interval 1s elapsed
[12:57:06] [DISPATCH] Executing 3 ready task(s) in priority order
[12:57:06] [DISPATCH] Task 1 (Collect CPU) P3 gets CPU
[12:57:06] [TASK] CPU Monitor starting
[12:57:07] [TASK] CPU Monitor completed (exec #29)
[12:57:07] [DISPATCH] Task 3 (Collect DISK) P2 gets CPU
[12:57:07] [TASK] Disk Monitor starting
[12:57:07] [TASK] Disk Monitor completed (exec #19)
[12:57:07] [DISPATCH] Task 4 (Collect Network) P0 gets CPU
[12:57:07] [TASK] Network Fetch starting
[12:57:07] [TASK] Network Fetch completed (exec #19)
[12:57:07] 
=== TICK 31 ===
[12:57:07] [READY] Task 1 (Collect CPU) ready - interval 1s elapsed
[12:57:07] [READY] Task 2 (Collect RAM) ready - interval 1s elapsed
[12:57:07] [READY] Task 5 (Analyzer) ready - interval 1s elapsed
[12:57:07] [DISPATCH] Executing 3 ready task(s) in priority order
[12:57:07] [DISPATCH] Task 1 (Collect CPU) P3 gets CPU
[12:57:07] [TASK] CPU Monitor starting
[12:57:08] [TASK] CPU Monitor completed (exec #30)
[12:57:08] [DISPATCH] Task 2 (Collect RAM) P3 gets CPU
[12:57:08] [TASK] RAM Monitor starting
[12:57:08] [TASK] RAM Monitor completed (exec #20)
[12:57:08] [DISPATCH] Task 5 (Analyzer) P3 gets CPU
[12:57:08] [TASK] Analyzer starting
[12:57:08] [TASK] Analyzer completed (exec #20)
[12:57:08] 
=== TICK 32 ===
[12:57:08] [READY] Task 1 (Collect CPU) ready - interval 1s elapsed
[12:57:08] [READY] Task 3 (Collect DISK) ready - interval 1s elapsed
[12:57:08] [READY] Task 4 (Collect Network) ready - interval 1s elapsed
[12:57:08] [DISPATCH] Executing 3 ready task(s) in priority order
[12:57:08] [DISPATCH] Task 1 (Collect CPU) P3 gets CPU
[12:57:08] [TASK] CPU Monitor starting
[12:57:09] [TASK] CPU Monitor completed (exec #31)
[12:57:09] [DISPATCH] Task 3 (Collect DISK) P2 gets CPU
[12:57:09] [TASK] Disk Monitor starting
[12:57:09] [TASK] Disk Monitor completed (exec #20)
[12:57:09] [DISPATCH] Task 4 (Collect Network) P0 gets CPU
[12:57:09] [TASK] Network Fetch starting
[12:57:09] [TASK] Network Fetch completed (exec #20)
[12:57:09] 
=== TICK 33 ===
[12:57:09] [READY] Task 1 (Collect CPU) ready - interval 1s elapsed
[12:57:09] [READY] Task 2 (Collect RAM) ready - interval 1s elapsed
[12:57:09] [READY] Task 5 (Analyzer) ready - interval 1s elapsed
[12:57:09] [DISPATCH] Executing 3 ready task(s) in priority order
[12:57:09] [DISPATCH] Task 1 (Collect CPU) P3 gets CPU
[12:57:09] [TASK] CPU Monitor starting
[12:57:10] [TASK] CPU Monitor completed (exec #32)
[12:57:10] [DISPATCH] Task 2 (Collect RAM) P3 gets CPU
[12:57:10] [TASK] RAM Monitor starting
[12:57:10] [TASK] RAM Monitor completed (exec #21)
[12:57:10] [DISPATCH] Task 5 (Analyzer) P3 gets CPU
[12:57:10] [TASK] Analyzer starting
[12:57:10] [TASK] Analyzer completed (exec #21)
[12:57:10] 
=== TICK 34 ===
[12:57:10] [READY] Task 1 (Collect CPU) ready - interval 1s elapsed
[12:57:10] [READY] Task 3 (Collect DISK) ready - interval 1s elapsed
[12:57:10] [READY] Task 4 (Collect Network) ready - interval 1s elapsed
[12:57:10] [DISPATCH] Executing 3 ready task(s) in priority order
[12:57:10] [DISPATCH] Task 1 (Collect CPU) P3 gets CPU
[12:57:10] [TASK] CPU Monitor starting
[12:57:11] [TASK] CPU Monitor completed (exec #33)
[12:57:11] [DISPATCH] Task 3 (Collect DISK) P2 gets CPU
[12:57:11] [TASK] Disk Monitor starting
[12:57:11] [TASK] Disk Monitor completed (exec #21)
[12:57:11] [DISPATCH] Task 4 (Collect Network) P0 gets CPU
[12:57:11] [TASK] Network Fetch starting
[12:57:11] [TASK] Network Fetch completed (exec #21)
[12:57:11] 
=== TICK 35 ===
[12:57:11] [READY] Task 1 (Collect CPU) ready - interval 1s elapsed
[12:57:11] [READY] Task 2 (Collect RAM) ready - interval 1s elapsed
[12:57:11] [READY] Task 5 (Analyzer) ready - interval 1s elapsed
[12:57:11] [DISPATCH] Executing 3 ready task(s) in priority order
[12:57:11] [DISPATCH] Task 1 (Collect CPU) P3 gets CPU
[12:57:11] [TASK] CPU Monitor starting
[12:57:12] [TASK] CPU Monitor completed (exec #34)
[12:57:12] [DISPATCH] Task 2 (Collect RAM) P3 gets CPU
[12:57:12] [TASK] RAM Monitor starting
[12:57:12] [TASK] RAM Monitor completed (exec #22)
[12:57:12] [DISPATCH] Task 5 (Analyzer) P3 gets CPU
[12:57:12] [TASK] Analyzer starting
[12:57:12] [TASK] Analyzer completed (exec #22)
[12:57:12] 
=== TICK 36 ===
[12:57:12] [READY] Task 1 (Collect CPU) ready - interval 1s elapsed
[12:57:12] [READY] Task 3 (Collect DISK) ready - interval 1s elapsed
[12:57:12] [READY] Task 4 (Collect Network) ready - interval 1s elapsed
[12:57:12] [DISPATCH] Executing 3 ready task(s) in priority order
[12:57:12] [DISPATCH] Task 1 (Collect CPU) P3 gets CPU
[12:57:12] [TASK] CPU Monitor starting
[12:57:13] [TASK] CPU Monitor completed (exec #35)
[12:57:13] [DISPATCH] Task 3 (Collect DISK) P2 gets CPU
[12:57:13] [TASK] Disk Monitor starting
[12:57:13] [TASK] Disk Monitor completed (exec #22)
[12:57:13] [DISPATCH] Task 4 (Collect Network) P0 gets CPU
[12:57:13] [TASK] Network Fetch starting
[12:57:13] [TASK] Network Fetch completed (exec #22)
[12:57:13] 
=== TICK 37 ===
[12:57:13] [READY] Task 1 (Collect CPU) ready - interval 1s elapsed
[12:57:13] [READY] Task 2 (Collect RAM) ready - interval 1s elapsed
[12:57:13] [READY] Task 5 (Analyzer) ready - interval 1s elapsed
[12:57:13] [READY] Task 6 (Report Generator) ready - interval 9s elapsed
[12:57:13] [DISPATCH] Executing 4 ready task(s) in priority order
[12:57:13] [DISPATCH] Task 1 (Collect CPU) P3 gets CPU
[12:57:13] [TASK] CPU Monitor starting
[12:57:14] [TASK] CPU Monitor completed (exec #36)
[12:57:14] [DISPATCH] Task 2 (Collect RAM) P3 gets CPU
[12:57:14] [TASK] RAM Monitor starting
[12:57:14] [TASK] RAM Monitor completed (exec #23)
[12:57:14] [DISPATCH] Task 5 (Analyzer) P3 gets CPU
[12:57:14] [TASK] Analyzer starting
[12:57:14] [TASK] Analyzer completed (exec #23)
[12:57:14] [DISPATCH] Task 6 (Report Generator) P3 gets CPU
[12:57:14] [TASK] Report Generator starting
[12:57:15] [TASK] Report Generator completed (exec #4)
[12:57:15] 
=== TICK 38 ===
[12:57:15] [READY] Task 1 (Collect CPU) ready - interval 1s elapsed
[12:57:15] [READY] Task 2 (Collect RAM) ready - interval 1s elapsed
[12:57:15] [READY] Task 3 (Collect DISK) ready - interval 1s elapsed
[12:57:15] [READY] Task 4 (Collect Network) ready - interval 1s elapsed
[12:57:15] [READY] Task 5 (Analyzer) ready - interval 1s elapsed
[12:57:15] [DISPATCH] Executing 5 ready task(s) in priority order
[12:57:15] [DISPATCH] Task 1 (Collect CPU) P3 gets CPU
[12:57:15] [TASK] CPU Monitor starting
[12:57:16] [TASK] CPU Monitor completed (exec #37)
[12:57:16] [DISPATCH] Task 2 (Collect RAM) P3 gets CPU
[12:57:16] [TASK] RAM Monitor starting
[12:57:16] [TASK] RAM Monitor completed (exec #24)
[12:57:16] [DISPATCH] Task 5 (Analyzer) P3 gets CPU
[12:57:16] [TASK] Analyzer starting
[12:57:16] [TASK] Analyzer completed (exec #24)
[12:57:16] [DISPATCH] Task 3 (Collect DISK) P2 gets CPU
[12:57:16] [TASK] Disk Monitor starting
[12:57:16] [TASK] Disk Monitor completed (exec #23)
[12:57:16] [DISPATCH] Task 4 (Collect Network) P0 gets CPU
[12:57:16] [TASK] Network Fetch starting
[12:57:17] [TASK] Network Fetch completed (exec #23)
[12:57:17] 
=== TICK 39 ===
[12:57:17] [READY] Task 1 (Collect CPU) ready - interval 1s elapsed
[12:57:17] [READY] Task 2 (Collect RAM) ready - interval 1s elapsed
[12:57:17] [READY] Task 3 (Collect DISK) ready - interval 1s elapsed
[12:57:17] [READY] Task 4 (Collect Network) ready - interval 1s elapsed
[12:57:17] [READY] Task 5 (Analyzer) ready - interval 1s elapsed
[12:57:17] [DISPATCH] Executing 5 ready task(s) in priority order
[12:57:17] [DISPATCH] Task 1 (Collect CPU) P3 gets CPU
[12:57:17] [TASK] CPU Monitor starting
[12:57:18] [TASK] CPU Monitor completed (exec #38)
[12:57:18] [DISPATCH] Task 2 (Collect RAM) P3 gets CPU
[12:57:18] [TASK] RAM Monitor starting
[12:57:18] [TASK] RAM Monitor completed (exec #25)
[12:57:18] [DISPATCH] Task 5 (Analyzer) P3 gets CPU
[12:57:18] [TASK] Analyzer starting
[12:57:18] [TASK] Analyzer completed (exec #25)
[12:57:18] [DISPATCH] Task 3 (Collect DISK) P2 gets CPU
[12:57:18] [TASK] Disk Monitor starting
[12:57:18] [TASK] Disk Monitor completed (exec #24)
[12:57:18] [DISPATCH] Task 4 (Collect Network) P0 gets CPU
[12:57:18] [TASK] Network Fetch starting
[12:57:18] [TASK] Network Fetch completed (exec #24)
[12:57:18] 
=== TICK 40 ===
[12:57:18] [READY] Task 1 (Collect CPU) ready - interval 1s elapsed
[12:57:18] [DISPATCH] Executing 1 ready task(s) in priority order
[12:57:18] [DISPATCH] Task 1 (Collect CPU) P3 gets CPU
[12:57:18] [TASK] CPU Monitor starting
[12:57:19] [TASK] CPU Monitor completed (exec #39)
[12:57:19] 
=== TICK 41 ===
[12:57:19] [READY] Task 1 (Collect CPU) ready - interval 1s elapsed
[12:57:19] [READY] Task 2 (Collect RAM) ready - interval 1s elapsed
[12:57:19] [READY] Task 3 (Collect DISK) ready - interval 1s elapsed
[12:57:19] [READY] Task 4 (Collect Network) ready - interval 1s elapsed
[12:57:19] [READY] Task 5 (Analyzer) ready - interval 1s elapsed
[12:57:19] [DISPATCH] Executing 5 ready task(s) in priority order
[12:57:19] [DISPATCH] Task 1 (Collect CPU) P3 gets CPU
[12:57:19] [TASK] CPU Monitor starting
[12:57:20] [TASK] CPU Monitor completed (exec #40)
[12:57:20] [DISPATCH] Task 2 (Collect RAM) P3 gets CPU
[12:57:20] [TASK] RAM Monitor starting
[12:57:20] [TASK] RAM Monitor completed (exec #26)
[12:57:20] [DISPATCH] Task 5 (Analyzer) P3 gets CPU
[12:57:20] [TASK] Analyzer starting
[12:57:20] [TASK] Analyzer completed (exec #26)
[12:57:20] [DISPATCH] Task 3 (Collect DISK) P2 gets CPU
[12:57:20] [TASK] Disk Monitor starting
[12:57:20] [TASK] Disk Monitor completed (exec #25)
[12:57:20] [DISPATCH] Task 4 (Collect Network) P0 gets CPU
[12:57:20] [TASK] Network Fetch starting
[12:57:20] [TASK] Network Fetch completed (exec #25)
[12:57:20] 
=== TICK 42 ===
[12:57:20] [READY] Task 1 (Collect CPU) ready - interval 1s elapsed
[12:57:20] [DISPATCH] Executing 1 ready task(s) in priority order
[12:57:20] [DISPATCH] Task 1 (Collect CPU) P3 gets CPU
[12:57:20] [TASK] CPU Monitor starting
[12:57:21] [TASK] CPU Monitor completed (exec #41)
[12:57:21] 
=== TICK 43 ===
[12:57:21] [READY] Task 1 (Collect CPU) ready - interval 1s elapsed
[12:57:21] [READY] Task 2 (Collect RAM) ready - interval 1s elapsed
[12:57:21] [READY] Task 3 (Collect DISK) ready - interval 1s elapsed
[12:57:21] [READY] Task 4 (Collect Network) ready - interval 1s elapsed
[12:57:21] [READY] Task 5 (Analyzer) ready - interval 1s elapsed
[12:57:21] [DISPATCH] Executing 5 ready task(s) in priority order
[12:57:21] [DISPATCH] Task 1 (Collect CPU) P3 gets CPU
[12:57:21] [TASK] CPU Monitor starting
[12:57:22] [TASK] CPU Monitor completed (exec #42)
[12:57:22] [DISPATCH] Task 2 (Collect RAM) P3 gets CPU
[12:57:22] [TASK] RAM Monitor starting
[12:57:22] [TASK] RAM Monitor completed (exec #27)
[12:57:22] [DISPATCH] Task 5 (Analyzer) P3 gets CPU
[12:57:22] [TASK] Analyzer starting
[12:57:22] [TASK] Analyzer completed (exec #27)
[12:57:22] [DISPATCH] Task 3 (Collect DISK) P2 gets CPU
[12:57:22] [TASK] Disk Monitor starting
[12:57:22] [TASK] Disk Monitor completed (exec #26)
[12:57:22] [DISPATCH] Task 4 (Collect Network) P0 gets CPU
[12:57:22] [TASK] Network Fetch starting
[12:57:22] [TASK] Network Fetch completed (exec #26)
[12:57:22] 
=== TICK 44 ===
[12:57:22] [READY] Task 1 (Collect CPU) ready - interval 1s elapsed
[12:57:22] [DISPATCH] Executing 1 ready task(s) in priority order
[12:57:22] [DISPATCH] Task 1 (Collect CPU) P3 gets CPU
[12:57:22] [TASK] CPU Monitor starting
[12:57:23] [TASK] CPU Monitor completed (exec #43)
[12:57:23] 
=== TICK 45 ===
[12:57:23] [READY] Task 1 (Collect CPU) ready - interval 1s elapsed
[12:57:23] [READY] Task 2 (Collect RAM) ready - interval 1s elapsed
[12:57:23] [READY] Task 3 (Collect DISK) ready - interval 1s elapsed
[12:57:23] [READY] Task 4 (Collect Network) ready - interval 1s elapsed
[12:57:23] [READY] Task 5 (Analyzer) ready - interval 1s elapsed
[12:57:23] [READY] Task 6 (Report Generator) ready - interval 9s elapsed
[12:57:23] [DISPATCH] Executing 6 ready task(s) in priority order
[12:57:23] [DISPATCH] Task 1 (Collect CPU) P3 gets CPU
[12:57:23] [TASK] CPU Monitor starting
[12:57:24] [TASK] CPU Monitor completed (exec #44)
[12:57:24] [DISPATCH] Task 2 (Collect RAM) P3 gets CPU
[12:57:24] [TASK] RAM Monitor starting
[12:57:24] [TASK] RAM Monitor completed (exec #28)
[12:57:24] [DISPATCH] Task 5 (Analyzer) P3 gets CPU
[12:57:24] [TASK] Analyzer starting
[12:57:24] [TASK] Analyzer completed (exec #28)
[12:57:24] [DISPATCH] Task 6 (Report Generator) P3 gets CPU
[12:57:24] [TASK] Report Generator starting
[12:57:25] [TASK] Report Generator completed (exec #5)
[12:57:25] [DISPATCH] Task 3 (Collect DISK) P2 gets CPU
[12:57:25] [TASK] Disk Monitor starting
[12:57:25] [TASK] Disk Monitor completed (exec #27)
[12:57:25] [DISPATCH] Task 4 (Collect Network) P0 gets CPU
[12:57:25] [TASK] Network Fetch starting
[12:57:25] [TASK] Network Fetch completed (exec #27)
[12:57:25] 
=== TICK 46 ===
[12:57:25] [READY] Task 1 (Collect CPU) ready - interval 1s elapsed
[12:57:25] [READY] Task 2 (Collect RAM) ready - interval 1s elapsed
[12:57:25] [READY] Task 5 (Analyzer) ready - interval 1s elapsed
[12:57:25] [DISPATCH] Executing 3 ready task(s) in priority order
[12:57:25] [DISPATCH] Task 1 (Collect CPU) P3 gets CPU
[12:57:25] [TASK] CPU Monitor starting
[12:57:25] [TASK] CPU Monitor completed (exec #45)
[12:57:25] [DISPATCH] Task 2 (Collect RAM) P3 gets CPU
[12:57:25] [TASK] RAM Monitor starting
[12:57:25] [TASK] RAM Monitor completed (exec #29)
[12:57:25] [DISPATCH] Task 5 (Analyzer) P3 gets CPU
[12:57:25] [TASK] Analyzer starting
[12:57:25] [TASK] Analyzer completed (exec #29)
[12:57:26] 
=== TICK 47 ===
[12:57:26] [READY] Task 1 (Collect CPU) ready - interval 1s elapsed
[12:57:26] [READY] Task 2 (Collect RAM) ready - interval 1s elapsed
[12:57:26] [READY] Task 3 (Collect DISK) ready - interval 1s elapsed
[12:57:26] [READY] Task 4 (Collect Network) ready - interval 1s elapsed
[12:57:26] [READY] Task 5 (Analyzer) ready - interval 1s elapsed
[12:57:26] [DISPATCH] Executing 5 ready task(s) in priority order
[12:57:26] [DISPATCH] Task 1 (Collect CPU) P3 gets CPU
[12:57:26] [TASK] CPU Monitor starting
[12:57:26] [TASK] CPU Monitor completed (exec #46)
[12:57:26] [DISPATCH] Task 2 (Collect RAM) P3 gets CPU
[12:57:26] [TASK] RAM Monitor starting
[12:57:26] [TASK] RAM Monitor completed (exec #30)
[12:57:26] [DISPATCH] Task 5 (Analyzer) P3 gets CPU
[12:57:26] [TASK] Analyzer starting
[12:57:26] [TASK] Analyzer completed (exec #30)
[12:57:26] [DISPATCH] Task 3 (Collect DISK) P2 gets CPU
[12:57:26] [TASK] Disk Monitor starting
[12:57:26] [TASK] Disk Monitor completed (exec #28)
[12:57:26] [DISPATCH] Task 4 (Collect Network) P0 gets CPU
[12:57:26] [TASK] Network Fetch starting
[12:57:27] [TASK] Network Fetch completed (exec #28)
[12:57:27] 
=== TICK 48 ===
[12:57:27] [READY] Task 1 (Collect CPU) ready - interval 1s elapsed
[12:57:27] [READY] Task 2 (Collect RAM) ready - interval 1s elapsed
[12:57:27] [READY] Task 3 (Collect DISK) ready - interval 1s elapsed
[12:57:27] [READY] Task 4 (Collect Network) ready - interval 1s elapsed
[12:57:27] [READY] Task 5 (Analyzer) ready - interval 1s elapsed
[12:57:27] [DISPATCH] Executing 5 ready task(s) in priority order
[12:57:27] [DISPATCH] Task 1 (Collect CPU) P3 gets CPU
[12:57:27] [TASK] CPU Monitor starting
[12:57:27] [TASK] CPU Monitor completed (exec #47)
[12:57:27] [DISPATCH] Task 2 (Collect RAM) P3 gets CPU
[12:57:27] [TASK] RAM Monitor starting
[12:57:27] [TASK] RAM Monitor completed (exec #31)
[12:57:27] [DISPATCH] Task 5 (Analyzer) P3 gets CPU
[12:57:27] [TASK] Analyzer starting
[12:57:27] [TASK] Analyzer completed (exec #31)
[12:57:27] [DISPATCH] Task 3 (Collect DISK) P2 gets CPU
[12:57:27] [TASK] Disk Monitor starting
[12:57:28] [TASK] Disk Monitor completed (exec #29)
[12:57:28] [DISPATCH] Task 4 (Collect Network) P0 gets CPU
[12:57:28] [TASK] Network Fetch starting
[12:57:28] [TASK] Network Fetch completed (exec #29)
[12:57:28] 
=== TICK 49 ===
[12:57:28] [READY] Task 1 (Collect CPU) ready - interval 1s elapsed
[12:57:28] [READY] Task 2 (Collect RAM) ready - interval 1s elapsed
[12:57:28] [READY] Task 3 (Collect DISK) ready - interval 1s elapsed
[12:57:28] [READY] Task 5 (Analyzer) ready - interval 1s elapsed
[12:57:28] [DISPATCH] Executing 4 ready task(s) in priority order
[12:57:28] [DISPATCH] Task 1 (Collect CPU) P3 gets CPU
[12:57:28] [TASK] CPU Monitor starting
[12:57:28] [TASK] CPU Monitor completed (exec #48)
[12:57:28] [DISPATCH] Task 2 (Collect RAM) P3 gets CPU
[12:57:28] [TASK] RAM Monitor starting
[12:57:29] [TASK] RAM Monitor completed (exec #32)
[12:57:29] [DISPATCH] Task 5 (Analyzer) P3 gets CPU
[12:57:29] [TASK] Analyzer starting
[12:57:29] [TASK] Analyzer completed (exec #32)
[12:57:29] [DISPATCH] Task 3 (Collect DISK) P2 gets CPU
[12:57:29] [TASK] Disk Monitor starting
[12:57:29] [TASK] Disk Monitor completed (exec #30)
[12:57:29] 
=== TICK 50 ===
[12:57:29] [READY] Task 1 (Collect CPU) ready - interval 1s elapsed
[12:57:29] [READY] Task 2 (Collect RAM) ready - interval 1s elapsed
[12:57:29] [READY] Task 4 (Collect Network) ready - interval 1s elapsed
[12:57:29] [DISPATCH] Executing 3 ready task(s) in priority order
[12:57:29] [DISPATCH] Task 1 (Collect CPU) P3 gets CPU
[12:57:29] [TASK] CPU Monitor starting
[12:57:29] [TASK] CPU Monitor completed (exec #49)
[12:57:29] [DISPATCH] Task 2 (Collect RAM) P3 gets CPU
[12:57:29] [TASK] RAM Monitor starting
[12:57:30] [TASK] RAM Monitor completed (exec #33)
[12:57:30] [DISPATCH] Task 4 (Collect Network) P0 gets CPU
[12:57:30] [TASK] Network Fetch starting
[12:57:30] [TASK] Network Fetch completed (exec #30)
[12:57:30] 
=== Scheduler Session Ended ===
[12:57:30] Total ticks: 50
[12:57:30] Task execution counts: T1=49, T2=33, T3=30, T4=30
